0
0
0
0
0
0
0
0
0
0
0
0
0
0
0
0
0
0
2
-3
-3
1
-3
1
15
-9
-23
-20
-41
-45
-40
-79
-71
-17
-40
-64
-53
-38
-81
-43
-27
-55
-22
-39
-51
-26
-13
21
-133
-173
-69
-126
-118
-36
-31
-47
-54
-101
-69
-33
-59
-43
-10
-56
-31
1
-18
-35
-20
-11
-52
-94
-81
-49
-63
-73
-68
-94
-76
-114
-98
-47
-73
-67
-59
-50
-18
-21
-55
-75
-71
-14
-7
19
40
-2
51
117
102
82
130
76
35
189
-39
315
234
-335
265
-58
-197
243
167
18
42
88
38
128
154
-65
146
107
-49
206
158
193
282
152
161
103
114
59
71
151
62
134
115
94
107
-8
69
59
1
28
24
104
51
34
60
5
4
30
37
10
15
20
-28
-7
18
-15
-15
26
-32
-53
9
-40
-40
13
-46
-40
-18
-45
-32
-113
-110
-61
-74
-103
-103
-90
-133
-98
-76
-79
-92
-84
-71
-70
-38
-89
-54
-36
-75
-50
-23
-25
-39
-64
-113
-116
-96
-107
-140
-79
-98
-130
-57
-64
-112
-134
-58
-53
-110
-66
-4
1
-61
-39
5
-14
32
-11
-41
0
-36
-7
19
42
53
10
29
-29
43
93
33
70
129
128
118
47
-17
63
94
41
35
44
83
69
61
71
72
115
43
-19
8
40
51
60
77
117
93
43
51
24
3
39
73
42
56
72
61
61
18
21
16
4
-19
-24
28
5
2
8
-3
-4
-2
0
-38
-57
-40
-26
-41
5
-9
-51
-18
18
-40
-40
-86
204
524
337
291
-520
-1115
-805
-394
341
861
659
201
-13
-284
-332
-200
-443
-546
-398
-33
495
773
550
119
-339
-534
-381
-232
-17
54
7
120
298
353
298
108
-204
-323
-275
-89
157
270
183
96
72
28
43
51
-49
-164
-150
-78
26
160
208
99
-95
-134
-125
-88
11
0
-56
-102
-57
52
120
112
-58
-169
-173
-154
-12
31
-22
-23
-6
4
27
47
36
-56
-163
-142
-58
48
52
-21
-59
-77
-64
8
98
11
-58
-3
19
31
71
55
-9
-44
-67
-3
40
37
32
0
1
45
37
7
21
-37
-57
-5
12
78
97
15
-2
-14
-19
-1
27
61
16
-17
22
10
167
159
-14
25
-16
-157
-68
33
-8
91
89
31
108
17
45
-91
-39
-22
-112
48
52
-44
40
70
-37
40
43
-33
1
-2
-45
-5
27
-12
29
36
13
19
-7
-64
-39
-29
-22
30
-20
-38
-5
-13
-41
0
-27
-46
3
18
53
38
60
13
-47
-25
-30
-30
-58
-62
-46
-30
2
7
-9
-9
-54
-49
-54
-26
-9
-37
6
-43
-25
-14
-49
-43
-43
-45
-26
-3
4
7
-6
-40
-55
-8
-36
-87
-42
-80
-63
-36
-23
5
8
-6
-6
-2
-51
-42
-71
-75
21
46
56
64
52
27
-17
-10
1
23
30
14
64
82
49
38
-11
-13
-7
10
56
71
64
105
94
73
111
114
85
77
154
160
120
171
142
145
173
115
110
70
96
128
106
87
43
45
39
22
62
29
2
-3
-4
-1
3
-7
-67
-72
-54
-79
-96
-57
-51
-58
-95
-121
-127
-150
-178
-180
-181
-194
-153
-129
-149
-128
-92
-96
-89
-71
-73
-74
-104
-101
-84
-102
-86
-109
-107
-105
-101
-100
-78
-108
-146
-97
-78
-36
-43
-60
-1
-15
-41
-4
0
16
-16
3
42
53
40
36
52
52
25
10
60
57
43
72
74
94
84
58
75
104
121
123
65
60
93
98
52
45
79
92
127
102
55
90
127
116
57
49
44
45
39
31
0
7
-35
-46
28
-26
-49
-61
-68
8
15
-5
20
17
37
60
27
83
85
20
78
87
51
95
50
26
104
90
8
47
20
-81
6
19
-50
8
19
-11
29
22
-28
-6
-29
-42
-27
-25
-60
-56
-52
-57
-27
-76
-76
-86
-70
0
-40
-68
-21
-9
-16
-15
-32
-29
-32
-16
-77
-130
-67
-58
-49
-42
-57
-69
-35
-37
-27
-21
-31
-63
-80
-41
-43
-40
6
24
-45
5
33
-39
-12
-1
-71
-42
-22
-59
-48
-33
-14
-22
-16
-5
-5
18
25
6
6
-20
-35
-43
-30
-29
-25
-24
-15
-19
-30
4
-22
-16
-7
-12
17
28
30
25
56
79
84
88
82
105
91
99
92
90
40
33
81
62
32
2
17
40
23
-25
-45
-57
-40
-45
-62
-57
-49
-55
-67
-65
-42
-27
-36
-28
10
-6
25
19
2
18
27
58
40
49
75
45
30
57
57
73
54
52
105
86
78
43
29
48
14
57
71
51
3
-3
27
34
14
-8
-1
30
48
45
26
17
-2
23
28
-32
7
17
19
18
7
-5
-45
-26
-22
-40
-9
-11
-50
-53
-1
4
-19
-62
-73
-86
-37
33
-10
-32
-18
12
38
49
5
-108
-96
11
6
-33
-107
-94
-28
17
4
-99
-108
-52
-39
-47
-94
-128
-73
6
33
-31
-66
-48
-45
-30
-7
-36
-40
-46
-19
-11
-63
-63
-10
-13
11
23
-14
-5
-4
7
18
-4
9
41
56
27
-36
-58
-37
7
31
19
-11
-58
-34
11
-9
-54
-52
-38
-31
-41
-83
-68
-30
-48
-49
-52
-36
-47
-38
-34
-57
-39
-13
12
-32
-33
-34
-39
-15
27
34
11
-7
4
59
-10
-62
-41
-5
46
41
43
1
-22
21
55
43
4
-9
12
58
42
37
36
23
42
107
145
111
96
84
138
142
106
90
95
106
95
155
168
150
139
155
212
197
150
123
135
135
84
72
101
74
87
93
92
74
61
66
82
65
1
9
2
-2
22
-11
-16
-15
-8
-18
-29
-62
-89
-75
-82
-73
-67
-49
-42
-56
-92
-106
-129
-110
-86
-112
-102
-73
-45
-78
-83
-88
-149
-196
-177
-246
-562
-604
-638
-862
-844
-701
-575
-370
-77
227
592
810
975
1065
1163
1061
873
757
514
207
-168
-405
-1110
-1935
-2161
-2526
-2710
-2238
-1630
-1078
-225
783
1543
2091
2668
2936
2837
2740
2593
2288
1810
1556
711
-216
-382
-631
-1507
-1858
-1493
-1449
-1559
-927
-404
-204
213
762
711
659
976
833
267
51
-37
-359
-661
-532
-476
-494
-216
115
193
344
585
615
426
366
264
-5
-112
-175
-454
-715
-571
-801
-1948
-2154
-2078
-2936
-3608
-3006
-2784
-2719
-1503
-119
487
1789
3280
3902
3970
4530
4425
3544
2750
2131
1043
6
-634
-1114
-1783
-1879
-1667
-1679
-1185
-819
-707
-431
-249
-362
-580
-754
-874
-1058
-1024
-907
-641
-325
116
623
1020
1440
1735
1865
1846
1704
1288
1064
696
153
-275
-481
-719
-844
-970
-932
-869
-696
-444
-273
-167
78
109
38
88
184
98
241
477
652
906
1281
1636
1841
2003
2040
1702
1354
1033
442
-220
-668
-856
-1305
-2447
-2739
-2791
-3763
-4472
-3720
-3305
-3821
-2865
-796
105
916
2610
3546
3587
3989
4238
3335
2691
2552
1669
583
86
-381
-1160
-1489
-1641
-1994
-1947
-1769
-1794
-1663
-1253
-908
-740
-297
233
525
694
1066
1308
1214
1239
1321
1177
930
1011
933
711
752
849
621
702
760
483
331
227
-72
-506
-853
-1144
-1599
-1882
-2014
-2129
-2130
-1846
-1637
-2054
-2268
-1955
-1944
-2268
-1726
-740
117
803
1636
2341
2716
2523
2376
1943
1398
801
304
-122
-347
-695
-748
-405
-355
-456
7
409
131
-450
-705
-1007
-1728
-2358
-2122
-1623
-1255
-498
774
1551
2090
2682
2916
2671
2215
1751
1428
1016
556
439
435
509
597
714
899
798
443
135
-246
-936
-1600
-1925
-2111
-2181
-2025
-1654
-1091
-426
-6
329
755
919
758
776
749
549
478
501
554
615
603
666
719
484
213
32
-230
-710
-1110
-1271
-1327
-1318
-1119
-779
-395
-52
379
699
823
851
880
804
617
473
389
258
216
299
267
157
234
217
-26
-128
-217
-504
-553
-493
-563
-604
-505
-297
-85
-1
26
121
214
112
38
72
-45
-88
-18
-151
-239
-4
133
27
15
-47
-244
-372
-451
-689
-871
-706
-525
-492
-424
-369
-369
-362
-340
-336
-351
-338
-149
2
-21
42
207
293
333
396
276
130
105
21
-222
-363
-364
-301
-263
-266
-155
-22
-44
-34
76
64
90
350
632
656
571
689
923
1102
1143
1067
1022
884
438
102
-42
-402
-658
-373
-51
99
431
882
1111
1233
1387
1403
1312
1195
998
885
984
985
823
791
843
758
524
220
-102
-426
-987
-1496
-1665
-1889
-2142
-2267
-2330
-2233
-2068
-2139
-2148
-1974
-2058
-2301
-2292
-2304
-2456
-2492
-2421
-2250
-2002
-1783
-1523
-1186
-953
-823
-690
-621
-684
-702
-525
-393
-250
88
474
801
1112
1474
1953
2369
2810
3355
3854
4166
4567
5207
5757
6115
6415
6783
7281
7494
7293
7174
7134
6941
6526
6216
6040
5745
5127
4126
3281
2044
147
-1499
-3170
-5023
-6721
-8272
-9549
-10303
-10907
-11427
-11413
-11144
-10949
-10396
-9811
-9262
-8608
-8359
-8128
-7591
-7066
-6517
-5630
-4869
-3945
-2641
-1765
-1033
-338
-92
57
210
63
33
140
174
431
849
1171
1640
2298
2959
3810
4780
5732
6684
7376
8138
9298
10300
11006
11831
12824
13893
14840
15532
16164
16318
16210
15761
14167
11535
8864
5990
2498
-1213
-5065
-7911
-10060
-11878
-12847
-13470
-14249
-14150
-13403
-13108
-12790
-12229
-11672
-10813
-9515
-8372
-7199
-5669
-4048
-2316
-931
-260
351
971
657
93
-537
-1796
-2948
-3520
-4142
-4763
-5119
-5421
-5221
-4890
-5092
-5030
-4643
-4370
-3809
-2876
-1832
-359
1239
3013
5259
7048
8609
10454
12193
13735
15208
16081
16377
16711
17172
17079
16336
15584
15336
15286
14132
11859
9348
6961
3834
-437
-4438
-7938
-10901
-13201
-14533
-14491
-14199
-14114
-13112
-11256
-10297
-10036
-9681
-9003
-8224
-7628
-7147
-6007
-4446
-3309
-1757
-91
510
598
679
437
-642
-2430
-3943
-4705
-5576
-6393
-6175
-5514
-5125
-4653
-3919
-3315
-3203
-3506
-3378
-2691
-2228
-1728
-414
1519
3460
5259
7334
9428
10954
12381
14097
15629
16054
15838
16284
16997
16517
15366
15275
16161
15695
12963
10135
7688
4510
-592
-5381
-8399
-11409
-14236
-15769
-15524
-14941
-14861
-14129
-12616
-11389
-11044
-10956
-10225
-9198
-8447
-7287
-5460
-3415
-1549
226
2315
3702
3596
3115
2828
1953
43
-1659
-2496
-3147
-3867
-4454
-4526
-4443
-4922
-5550
-5559
-5781
-6390
-6464
-5717
-4510
-3219
-1554
877
3266
5016
6783
8618
10025
10740
11535
12913
14273
15505
16688
17604
18122
18363
18171
17641
17066
15299
11806
7714
4337
905
-3050
-7575
-10919
-12433
-13584
-14462
-14398
-14121
-14251
-13840
-13350
-12840
-12169
-11583
-10545
-8321
-6146
-4250
-1854
399
2120
3277
3717
3868
3461
2309
1049
453
-365
-1580
-2125
-2506
-3344
-4269
-5009
-5917
-7069
-8186
-8422
-8039
-7819
-7170
-5314
-3234
-1385
500
2281
4091
5660
6580
7609
9011
10220
11719
13782
15818
17765
19105
19532
19357
18986
17672
16595
15419
12098
7917
4708
1619
-2293
-6618
-10237
-12037
-12999
-14301
-14807
-14325
-14502
-14611
-14008
-13312
-12679
-11897
-10426
-8041
-5936
-3928
-1546
1089
2711
3168
3895
4117
3414
2289
1135
288
-512
-1518
-1974
-2084
-2631
-3583
-4568
-5710
-7001
-8213
-9240
-9258
-8317
-7297
-5796
-3729
-1340
477
2037
3506
4611
5420
6371
7785
9240
10556
12245
14532
16535
18418
19674
19643
18694
17595
16678
16351
14529
10294
5607
3415
1294
-3098
-8285
-11427
-11772
-12857
-14426
-14709
-14071
-14357
-14304
-13469
-12836
-12583
-11298
-8785
-5991
-4300
-2815
-142
2640
3538
3346
3012
3159
2769
1671
742
216
-274
-963
-1357
-1719
-2983
-4630
-5501
-6461
-7816
-9108
-9376
-8445
-7210
-6016
-4529
-2574
-613
924
2027
3069
4019
5296
7021
8883
10615
12051
13957
16153
17966
19359
19775
19037
17821
17127
17343
16182
11992
7036
3690
913
-2927
-7634
-11176
-12433
-13090
-13623
-13767
-13819
-14797
-14890
-14177
-13371
-12785
-12182
-9482
-5917
-3486
-1590
14
2217
3383
3379
3040
2279
2022
1490
1041
856
263
-454
-1511
-2555
-3524
-5259
-6258
-7276
-8572
-9547
-9423
-7747
-6500
-5755
-4708
-2702
-541
402
1358
2730
4117
5916
7725
9866
11496
12865
14792
16169
17536
18731
19151
18578
17300
16882
17406
15929
11043
5480
2257
31
-4250
-9142
-12322
-12633
-12260
-12428
-12810
-13399
-14360
-14439
-13504
-12586
-12522
-11640
-8594
-4283
-1666
-690
89
1361
2423
2054
930
397
992
1175
1133
807
140
-731
-1708
-2574
-3701
-5400
-6432
-6724
-6819
-7220
-7235
-6101
-4954
-4438
-3696
-2253
-736
376
1750
3406
5028
6515
8127
9830
11394
13064
14703
16352
18139
19297
19236
18355
17677
18154
16932
12429
6099
1708
-497
-3561
-7573
-10495
-11600
-11231
-11341
-12393
-13120
-14813
-15491
-14724
-12858
-10975
-9883
-7516
-4128
-1389
-201
-642
-469
335
912
831
687
1585
2235
1903
1075
-293
-1124
-2295
-3358
-3793
-4507
-5037
-5744
-6147
-6296
-6500
-6251
-5915
-5009
-3596
-2228
-526
864
2206
3504
4712
6112
7602
9188
10858
12975
15565
17754
19369
19721
19074
17888
17081
17625
15597
10289
3982
759
-180
-2964
-8346
-12144
-11969
-10840
-11159
-12772
-14467
-14906
-14133
-13296
-11919
-10780
-9276
-6922
-4247
-2102
-1683
-2187
-1836
-562
871
439
-186
558
2045
2519
442
-1550
-2139
-1943
-1764
-2681
-3629
-4595
-5049
-4916
-5057
-5151
-5599
-5421
-3927
-2194
-809
-477
258
2109
4001
5259
6112
7934
10643
13247
15245
16732
18550
19407
18982
17698
17642
18812
16597
10380
3816
673
369
-2700
-7946
-11046
-10539
-8734
-10450
-13354
-15504
-15387
-13992
-13349
-12418
-10490
-7686
-5507
-4989
-4288
-3814
-3146
-2871
-1884
-58
692
871
825
1528
2145
818
-949
-1939
-825
709
-159
-2179
-3853
-3880
-3807
-4876
-5713
-5532
-4131
-2805
-2092
-1343
-552
630
1596
2756
4406
6610
9246
11630
14155
16379
17748
17987
17150
16660
17214
18037
16335
11433
5864
3313
2975
570
-4363
-8057
-8833
-7732
-7873
-10210
-13329
-14521
-13308
-11512
-11086
-11479
-10533
-8090
-6503
-6019
-6682
-6692
-5184
-3562
-2355
-2299
-2018
-894
204
841
600
498
680
1202
2104
2053
1223
18
-675
-698
-1027
-1471
-2131
-2511
-2266
-1903
-1565
-1704
-1414
-262
1108
2515
3680
5123
7259
9384
10867
11478
11692
11927
12308
12800
12905
12030
9659
7034
5256
4691
3661
1351
-864
-2018
-1894
-2066
-3582
-6472
-8228
-7678
-6635
-6708
-8127
-8671
-7864
-7171
-7616
-8792
-9113
-8046
-6609
-6015
-6220
-6030
-4852
-3639
-3151
-2801
-1935
-479
1052
1786
1937
1993
2104
1922
1242
789
803
925
800
305
-334
-797
-1079
-1189
-1181
-1086
-642
102
848
1913
2948
3752
4501
5185
6014
6973
7266
7354
7909
8492
8388
7229
6062
5821
6110
5833
4706
3729
3466
3343
2547
786
-974
-1874
-1851
-1955
-3166
-4828
-5558
-5569
-5932
-7264
-8543
-8613
-7939
-7470
-7832
-8119
-7449
-6105
-5095
-4782
-4131
-2762
-1200
-306
-40
391
956
1411
1280
578
331
582
754
499
-360
-934
-631
-597
-719
-1012
-1460
-897
334
840
903
1489
2580
4066
4908
5050
5502
6053
6337
6597
7347
7909
7803
7102
6433
6663
6911
6325
5074
4116
3849
3746
2715
1003
-195
-577
-860
-2051
-4072
-5402
-5345
-5273
-6240
-7713
-8118
-7362
-6881
-7538
-8411
-8076
-6475
-5105
-5146
-5321
-4412
-2602
-1660
-1970
-2087
-1305
-176
12
-570
-1029
-744
-279
-540
-1301
-1147
-617
-1086
-2202
-2101
-147
738
-435
-864
1118
2728
2149
824
2145
5577
7214
6195
5802
7488
9728
10400
9633
9328
9430
9039
8695
8429
7676
6416
5271
4390
3427
1897
-423
-2293
-2951
-3361
-4891
-7560
-9345
-9456
-9124
-9848
-11041
-11042
-9857
-8810
-8899
-8916
-7707
-5696
-4321
-4035
-3382
-1887
-324
281
115
129
662
1103
760
44
-158
264
87
-860
-1435
-1443
-1240
-1090
-977
-588
393
1793
3192
4398
5947
7948
10005
11484
12188
12618
14217
16873
16604
12533
9005
9841
11998
10029
4950
1602
1233
-647
-4158
-6502
-8326
-9167
-9913
-10905
-12682
-14286
-13732
-12301
-11692
-11966
-11850
-10042
-7760
-6181
-6192
-5955
-3588
-625
532
-580
-938
-26
891
990
-205
-932
-391
213
-891
-2757
-2902
-1664
-1038
-1752
-2220
-1384
267
1884
3290
5195
7885
10878
12531
14135
16299
17664
18173
20292
20432
15855
10360
10147
11955
8624
2974
-141
-1797
-5017
-9174
-11386
-13426
-14313
-14172
-14074
-15373
-16653
-14748
-11882
-10199
-9595
-8709
-5894
-3661
-2621
-2465
-1182
1640
2535
1993
918
342
609
726
325
-1449
-2690
-2427
-2403
-3684
-5208
-4750
-3550
-3239
-3258
-2692
-1213
731
3109
5379
7949
10603
12473
14669
17172
18782
18907
20224
20122
15098
9846
10303
11907
8164
1875
-2667
-5216
-7787
-10206
-11220
-13599
-15595
-15701
-14704
-15240
-15364
-12360
-9240
-7707
-7803
-6260
-2956
-843
808
1339
1913
2816
3340
2996
1393
455
420
-109
-1807
-3562
-3754
-3607
-4325
-5484
-5936
-5022
-3965
-3067
-2543
-1611
514
3133
5788
8037
10286
12597
14966
16620
17557
18432
20576
19668
13451
8230
7624
9053
7088
1596
-3507
-7747
-9134
-10054
-11449
-13885
-14872
-14089
-14333
-14553
-13545
-9922
-6382
-5144
-5178
-4476
-1636
1664
3510
2871
2143
2854
3191
2410
579
-536
-849
-2327
-3714
-4600
-4844
-5027
-5948
-6549
-6863
-5880
-4080
-2779
-1879
-644
1957
5131
7694
10062
12446
14785
16960
17874
17766
19724
19862
14830
9324
7843
8387
5703
1443
-2790
-7068
-9373
-10598
-11508
-12905
-14081
-13606
-13328
-13263
-12237
-9324
-5858
-4081
-4006
-2785
-262
1966
3404
3371
2800
2347
3179
2686
-300
-1039
-826
-2868
-4979
-5982
-5873
-5228
-6076
-7306
-7174
-6359
-4935
-3143
-1613
-515
1849
5028
7493
10109
12605
14695
16864
17873
18012
20279
19340
12254
8322
9257
8222
4597
142
-4041
-7773
-9525
-10267
-11841
-13324
-13041
-12492
-12763
-12371
-10165
-6873
-4592
-3717
-3408
-1763
1001
3110
3927
3003
2079
2236
2111
1022
-330
-1413
-2539
-4606
-6499
-6293
-5148
-5518
-6550
-7328
-7324
-5564
-3486
-2343
-1439
556
3254
5631
8477
11454
13559
15353
16791
16943
18562
19413
14053
8832
8086
8661
6039
1449
-2681
-6185
-8238
-9624
-10545
-11899
-12630
-11879
-11873
-11663
-10197
-7100
-4256
-3164
-3248
-2464
477
3059
4038
2938
1812
2146
2233
1146
-376
-1365
-2201
-4001
-5939
-6268
-5435
-5016
-5879
-7123
-7243
-5588
-3423
-2240
-1256
229
2318
5022
8238
10992
12695
15197
17241
16427
17625
18542
12996
8762
9377
9443
4778
332
-2706
-6384
-7697
-8920
-10581
-12205
-12725
-11737
-11541
-10994
-9437
-6692
-4767
-3536
-2808
-1793
822
2871
3349
2811
1945
1665
1826
985
-349
-1824
-2726
-4154
-6217
-5923
-4778
-4873
-6177
-6680
-6292
-4915
-2745
-1724
-890
685
2833
5409
8664
11204
12885
15766
16446
15221
17605
17092
10993
7883
9141
8782
3755
-1229
-4251
-6620
-7541
-8565
-10724
-12586
-12262
-11305
-11283
-10240
-7852
-5594
-4144
-3823
-3316
-773
2214
3393
2925
1970
1234
1499
1633
742
-926
-3173
-4227
-4757
-5025
-4486
-4396
-5575
-6343
-5988
-4983
-3167
-1706
-919
142
2166
4460
7409
10489
12126
14598
15809
14216
15461
18041
12969
7237
8621
8856
3883
-1010
-3587
-5557
-6880
-7694
-9862
-12283
-12228
-10320
-9778
-10042
-8487
-6042
-4646
-3323
-2512
-939
1246
2347
2466
2012
1789
1706
1330
-147
-1322
-2253
-3844
-4635
-4696
-4204
-4280
-5223
-5848
-5365
-4263
-2816
-1584
-970
207
2537
4782
7911
10521
11526
14698
16070
14081
15777
17899
11275
4948
7904
9931
4072
-2092
-4469
-5790
-6710
-8038
-10393
-11672
-11246
-10390
-10630
-10005
-7561
-4843
-3975
-4255
-3495
-713
2109
2542
2058
1369
1089
1138
664
-742
-1964
-2250
-3597
-5385
-5662
-4056
-3351
-4769
-5814
-5297
-3772
-2079
-1014
-454
1221
3661
5979
8540
10637
12794
15837
16673
14087
15568
14564
8091
7771
10560
6163
-1158
-2527
-4269
-6299
-6716
-8890
-10959
-12173
-11033
-10379
-10138
-8783
-6192
-4847
-5209
-4217
-1626
1446
2039
1267
833
1142
1775
1755
162
-2015
-2544
-3633
-4946
-4623
-3532
-3693
-4986
-5947
-5182
-3021
-1623
-1376
-1321
412
3341
5567
8303
10824
11791
13635
16279
14901
14741
17340
11438
5142
8133
8842
2500
-2066
-4318
-6224
-6954
-8304
-10279
-11645
-10831
-9833
-9882
-9754
-7206
-4357
-4100
-4138
-3151
100
2274
1446
826
1349
1443
1032
-436
-2218
-2562
-2889
-4297
-5153
-4672
-3834
-3665
-4798
-4868
-3120
-1564
-547
80
1140
3316
6123
8518
10696
12246
13895
16428
15388
15420
14721
9037
7684
10002
7340
245
-2552
-4480
-6032
-6412
-9347
-11515
-11894
-10861
-10328
-10283
-9397
-6537
-4306
-4839
-4660
-2087
1327
1861
397
457
1412
1661
962
-941
-2673
-3473
-4215
-4673
-4300
-4247
-4483
-4847
-5142
-4014
-2317
-1066
-384
-28
1567
4755
7481
9814
11426
12537
15254
17076
14923
15981
15456
8982
6413
7783
5188
-434
-2354
-5336
-8249
-8388
-9452
-10653
-11551
-11023
-10076
-9686
-8760
-5998
-4451
-4317
-3160
-1699
44
914
1250
1235
530
16
-266
-1783
-3275
-3591
-4341
-5108
-5015
-4474
-4199
-4284
-4126
-3278
-2045
-1029
178
1725
3656
5773
8338
11249
12720
13953
16203
16055
14761
17320
14169
5669
5086
7559
3805
-1092
-3694
-7408
-8257
-8243
-9505
-10394
-11213
-9756
-9030
-9723
-8047
-3815
-2903
-4255
-3299
-1652
457
1164
894
-18
-612
-1462
-2319
-3648
-4626
-3678
-3707
-4956
-6023
-4945
-3175
-2385
-2620
-2323
-1076
426
2439
4108
5662
8421
11170
11896
13122
15370
16537
16047
17161
16164
7703
4182
6952
4737
-728
-3869
-6981
-8835
-8795
-9237
-9513
-10913
-11243
-9689
-8539
-7687
-4633
-2811
-3854
-4198
-2315
-427
279
217
-696
-1970
-2834
-2576
-3031
-4775
-4947
-4708
-5010
-5096
-4279
-3350
-2877
-2322
-1651
-668
655
2753
4857
6245
8412
11422
13292
14151
14821
15434
15633
17754
15695
7851
4180
4992
4040
50
-4051
-6982
-8086
-9569
-9945
-9011
-9786
-10294
-9448
-8374
-7358
-4220
-2380
-3336
-3942
-2226
-511
-644
-535
-525
-2211
-3643
-3964
-4434
-4597
-4586
-5509
-6125
-5622
-4173
-2853
-2531
-2125
-1051
96
1523
3250
4994
6986
9270
11487
12899
13934
14399
14901
14339
16484
17769
8889
2215
3392
4319
1112
-2619
-7022
-9676
-8169
-7847
-8749
-9886
-9991
-8367
-7842
-8168
-5024
-1306
-2468
-3841
-4150
-3191
-693
604
-1240
-4091
-5378
-4531
-3821
-5264
-5111
-3984
-4870
-5847
-4352
-2318
-822
-329
-644
-264
1858
4718
7097
8289
9890
12135
13002
13769
14509
15764
15504
17127
16188
6105
947
3971
3397
-1664
-4822
-8412
-9048
-7725
-9351
-9700
-8787
-8955
-8604
-7401
-6286
-2547
-824
-3186
-3894
-3707
-2948
-1338
-1249
-3305
-5050
-5795
-5273
-5053
-5787
-5123
-4732
-5777
-5137
-2537
-824
-310
-141
311
1463
3988
6598
7914
8905
11365
13210
13268
13901
14217
14018
15280
18146
12476
1510
868
5265
3029
-2538
-7591
-11163
-8857
-7023
-8296
-10434
-9783
-7652
-5792
-7079
-6164
-1448
-414
-2651
-4463
-4727
-3130
385
-1151
-6102
-8015
-5769
-4558
-5591
-6299
-5202
-5002
-5333
-3997
-1806
269
1197
628
45
2614
6690
9430
9953
10059
11427
13679
14752
13938
13427
13998
17312
15594
4773
-74
3431
3498
-2887
-6949
-8877
-7791
-5889
-7863
-11849
-11508
-7038
-5364
-7050
-7107
-2873
-1661
-2346
-2535
-3867
-4648
-1907
-1056
-4975
-7428
-5640
-4390
-6138
-7092
-6187
-5187
-4699
-3849
-3064
-1822
449
1920
1234
2037
5395
8397
9756
10690
12026
13332
14466
13798
13268
14021
15202
16712
10783
2534
1330
3756
730
-4789
-8365
-8823
-6282
-6564
-10064
-12077
-8213
-5723
-5813
-7874
-5007
-943
-899
-2704
-3981
-4975
-3956
-1139
-3369
-7617
-7890
-5255
-5560
-6931
-7091
-5410
-4869
-5000
-3940
-1962
88
1855
1723
1069
3152
6916
9358
9922
11007
12770
13624
12733
12159
14059
16353
16583
14944
6880
-836
390
5065
1937
-5656
-9933
-10306
-7103
-6781
-8232
-8852
-8333
-7007
-5363
-5648
-3546
443
-477
-4771
-6522
-5819
-3436
-1083
-4310
-8623
-9359
-7011
-5594
-5805
-6067
-5297
-4953
-4788
-3298
-606
1679
2708
1107
265
3327
8266
11105
10577
10471
11986
13546
13985
13363
13253
14367
16631
16169
7155
137
4202
4916
-2743
-7542
-8791
-7910
-6705
-8906
-11470
-9814
-7168
-6039
-5812
-6514
-3568
-480
-1335
-3804
-4890
-5567
-2633
-1390
-5676
-8312
-6734
-5331
-6238
-7283
-6590
-4298
-3782
-4340
-3465
-1041
1512
2678
1804
2005
5294
9195
10550
10634
11511
13188
13728
12538
12602
13910
14727
16398
13451
3711
-439
3779
4885
-2004
-7395
-9183
-6388
-4602
-8094
-11663
-10314
-8210
-6680
-6255
-5856
-3395
-1748
-2099
-4384
-6169
-5701
-1936
-1928
-7125
-9079
-6849
-5484
-5613
-6600
-6745
-5717
-4656
-3714
-2788
-877
1384
1631
246
1661
5798
8994
10048
10050
10931
13196
14692
13476
12291
13155
15567
16801
15368
6414
-756
2387
4584
-307
-6856
-9839
-6854
-4804
-8135
-12123
-9860
-6318
-5757
-6534
-6309
-2736
-384
-818
-4035
-6852
-6174
-1709
-1986
-6681
-9045
-7626
-6029
-6225
-7105
-6536
-5239
-4277
-4143
-3713
-1349
1412
1865
143
841
4635
7712
9416
10280
10549
12241
13725
13975
13308
14152
15160
16358
16646
8602
1802
2551
2620
-297
-1991
-5359
-9771
-9538
-9950
-10813
-7976
-6256
-7398
-7155
-5858
-3461
-1281
-680
-1747
-4494
-6819
-4912
-1608
-3832
-6595
-7157
-7733
-8022
-6389
-5058
-4845
-4953
-4719
-4406
-2997
-205
2019
1585
535
1993
5054
7697
9403
10748
11631
12345
13495
12999
12454
15055
17718
17759
11971
3592
-84
2969
6232
-186
-8830
-11127
-7309
-5663
-8364
-11241
-10884
-7131
-3251
-4212
-6727
-4619
-573
306
-3280
-5898
-5066
-2116
-2408
-6070
-8655
-7828
-5069
-5223
-7680
-7582
-4843
-3517
-4380
-4512
-2849
-383
729
461
977
3137
6516
8393
8037
9024
12172
14175
13117
10839
11640
15098
17215
17853
12821
3159
984
4787
3177
-2158
-4462
-7077
-8521
-8753
-10904
-10823
-7017
-4647
-4991
-7708
-8317
-3312
628
-924
-3536
-5456
-6354
-3986
-3001
-5124
-6137
-5836
-6608
-7870
-7377
-4745
-3035
-4381
-5968
-5174
-2654
-12
1420
1048
958
2627
5509
7873
9424
11374
13045
12576
10644
9949
12886
17952
19020
17729
11297
1458
-753
3836
5593
462
-3810
-8184
-10809
-10033
-8983
-8035
-6459
-5233
-6588
-8195
-6713
-2770
425
-629
-4224
-6757
-6533
-3499
-1756
-3927
-6304
-7044
-7485
-7823
-6110
-4490
-4487
-5060
-5805
-4965
-3150
-527
1133
313
-490
1186
3924
6929
9648
11206
11320
11312
12156
12560
13202
15343
16730
16416
15324
9025
1382
1744
4818
2499
-2675
-8011
-10828
-7198
-5351
-8533
-9739
-7368
-5627
-6085
-5968
-3513
-832
-290
-2296
-5443
-7401
-5478
-2133
-3391
-7133
-8396
-7650
-6631
-6391
-6216
-5713
-5500
-5305
-4890
-4178
-1998
413
612
-853
-425
2622
5622
7981
9361
10048
10255
11286
12908
12925
12883
14996
16737
17717
14795
4843
173
4214
7499
550
-5770
-7340
-7898
-7412
-7784
-8451
-9096
-7365
-6202
-5769
-5345
-3036
-325
-875
-4412
-6528
-6115
-3779
-2215
-4359
-7447
-8087
-6807
-6515
-6893
-6685
-5546
-5368
-6035
-5451
-3238
-1248
-78
-636
-1135
513
3885
6402
8325
9656
10132
10787
11747
12729
12724
12719
14253
14310
16077
16137
8136
1529
2541
5776
807
-3720
-5842
-7110
-6278
-5946
-6299
-8051
-8542
-7171
-5314
-5164
-3659
-1245
-1021
-4153
-6464
-6850
-5111
-2413
-3773
-6751
-8480
-7418
-5803
-6084
-6909
-6563
-5871
-5847
-5391
-3894
-2289
-734
-458
-990
-253
2414
5753
8544
9092
8920
9943
11271
12144
12367
13281
14243
15088
15196
15741
13676
5295
2411
5974
3166
-2146
-3658
-5699
-6542
-6473
-7276
-9066
-9329
-7542
-4531
-4198
-5220
-3292
-1403
-2702
-5692
-7098
-6551
-4190
-3082
-5124
-7953
-8291
-6941
-6569
-7558
-7390
-5894
-5135
-5349
-4982
-3881
-2105
-551
-608
-1295
-89
3164
6571
7879
7946
9002
10821
12421
12896
12927
12647
13779
15157
17244
18237
10698
2687
1350
4584
4227
-14
-3828
-7096
-6575
-4992
-7017
-10295
-8494
-4531
-3757
-6444
-7199
-3834
-1080
-2381
-6407
-8914
-6959
-2397
-1572
-5394
-8798
-8129
-6327
-6544
-7415
-7199
-5503
-4767
-5720
-6086
-4602
-1533
436
-941
-2263
-26
4269
6568
7423
8211
9517
11015
11968
12230
11885
12993
15197
16519
17893
16281
9551
4081
3289
4922
2167
-2348
-5892
-6347
-4185
-5741
-9530
-10492
-8296
-5446
-3431
-3764
-4989
-3780
-1583
-2031
-5643
-8233
-5955
-2694
-3230
-6465
-8270
-7825
-7032
-6952
-7515
-7833
-6528
-4825
-5171
-6252
-5370
-2275
-531
-1010
-954
518
2886
5536
7716
8646
9551
11349
12846
12562
11860
12453
15072
16732
18014
17735
10422
4023
3464
4651
2431
-1148
-2868
-4732
-5386
-7589
-9491
-9415
-7986
-5559
-3887
-5188
-6321
-3603
-1028
-2180
-5567
-7504
-5915
-2990
-2899
-5525
-7949
-8694
-7848
-7430
-8257
-7868
-5972
-5445
-6746
-7114
-5508
-2780
-889
-775
-1249
-856
1499
4485
6404
7389
8748
10372
11343
11667
11695
12357
13845
15390
16086
17452
16804
9569
3763
3780
3953
2037
0
-2419
-4393
-6024
-7806
-8206
-8806
-7282
-4175
-2862
-4832
-5164
-2738
-2212
-3389
-5756
-7299
-5426
-3022
-4111
-6338
-8953
-9477
-7432
-7285
-7985
-7370
-6602
-6502
-6382
-6150
-4953
-2621
-1110
-1084
-1276
-902
1747
4972
6829
7712
8854
10146
11299
12361
12248
12189
13223
15334
16564
18292
15653
8520
4200
3875
4819
2289
-199
-2756
-4207
-5361
-7381
-8063
-8302
-7386
-5223
-3240
-4003
-4270
-3334
-3198
-4247
-5925
-6378
-5028
-3857
-4867
-7334
-9207
-8818
-7351
-7017
-7940
-8000
-6962
-6690
-6509
-5869
-4556
-2664
-1685
-1471
-1496
-568
1880
4444
6170
7238
8544
10343
11622
11785
11427
10976
11551
13624
15531
17752
17586
11358
4648
4014
5203
2242
-193
-801
-1266
-2736
-5549
-8008
-9533
-8612
-5293
-2132
-3527
-5134
-3252
-2765
-4967
-6818
-7130
-5660
-3765
-4475
-6495
-8426
-8953
-7671
-7203
-8352
-8006
-5956
-5468
-6222
-6197
-5086
-3302
-1661
-1619
-1767
-816
840
2956
4270
4694
6692
9365
10626
10856
10781
10820
11345
12273
13802
15691
17791
16432
10227
4505
3385
3624
2177
769
-1552
-2553
-3321
-4905
-6650
-8201
-7835
-5788
-2693
-2521
-3464
-3280
-3233
-4762
-6823
-7838
-7027
-5011
-5291
-6624
-7916
-8850
-8345
-7611
-8054
-7909
-6454
-5423
-5196
-5114
-4695
-3550
-2274
-1941
-1541
-677
490
2511
4114
4949
6634
8854
9980
10118
9784
9829
10511
11584
13087
15129
17475
16190
10739
5402
4374
5036
3077
1012
54
-431
-1780
-3771
-5674
-7619
-7678
-4899
-2538
-2793
-3094
-2681
-3260
-5277
-6760
-6778
-6322
-5454
-5133
-6147
-8042
-8726
-7974
-7576
-7948
-7429
-6050
-5386
-5127
-4705
-4290
-3938
-3291
-2268
-1656
-1479
-546
891
1838
2975
4767
6647
7847
7921
7960
8000
8125
9198
10962
12574
14026
15989
14789
9405
6185
6732
6589
3630
1990
1957
1455
272
-1387
-3257
-5395
-6014
-3854
-1642
-2265
-3651
-3523
-3984
-5797
-6599
-6548
-7228
-7414
-7075
-7053
-7775
-8340
-7574
-7275
-7831
-7283
-5601
-4826
-4707
-4164
-3809
-3908
-3569
-2777
-2290
-2312
-1947
-726
289
1088
2839
4594
5129
5750
6697
7081
7159
7784
8726
9964
11109
11949
13153
12828
9721
7366
6941
5708
3983
3807
3811
2688
1714
337
-1601
-2943
-3305
-2732
-2041
-2267
-2455
-1876
-2665
-4681
-5516
-6233
-7221
-6864
-6422
-7093
-7778
-7860
-7696
-7749
-7936
-7071
-5393
-4711
-4578
-3904
-4063
-4500
-3873
-3732
-3788
-3187
-2250
-1601
-1431
-1070
-46
1740
3079
3802
4646
5139
5559
5986
6074
6493
7724
9508
10837
11217
11002
10307
8806
7464
6967
6835
6196
5180
4792
4559
3530
2237
1233
244
-621
-1047
-999
-1287
-2382
-3286
-3785
-4567
-5604
-6167
-6399
-6848
-7007
-6826
-7264
-8075
-7985
-7374
-6867
-6386
-5916
-5334
-4970
-4810
-4532
-4460
-4750
-4451
-3698
-3650
-3644
-2941
-1739
-845
-596
220
1804
2712
3107
3807
4398
4540
5021
5473
5913
6531
7061
7932
8813
9434
9742
9511
8190
7210
7191
7005
6366
5641
5162
4520
3487
2469
1704
910
-77
-516
-649
-1088
-1951
-2611
-3556
-4820
-5598
-5966
-6208
-6907
-7339
-7215
-7089
-7360
-7783
-7932
-7821
-7213
-6340
-5909
-5871
-5258
-4711
-4766
-4866
-4734
-4022
-3139
-2885
-2609
-1958
-1621
-994
-242
400
1631
2098
2722
3881
3999
3877
4541
5126
5570
6492
7571
8440
9122
9553
9521
9590
9521
8707
7754
6676
5740
5303
5019
4514
3746
3237
2929
2029
1000
156
-666
-1346
-1900
-2477
-3340
-4278
-5122
-5527
-5952
-6758
-6965
-6889
-7091
-7138
-6924
-7009
-7382
-7162
-6488
-5854
-5479
-5177
-4495
-4013
-4205
-4225
-3896
-3893
-3403
-2806
-2465
-2005
-1717
-1287
-373
854
1809
2472
3394
4157
4016
4408
4818
5413
6295
6769
7223
7559
8309
8701
8564
8527
8180
7691
7193
6803
6390
5746
5194
4440
3615
3082
2736
1979
723
-355
-944
-1407
-2312
-3187
-3904
-4497
-5219
-5878
-6024
-6321
-6323
-5942
-6264
-6947
-7079
-6710
-6568
-6775
-6647
-5937
-5598
-5639
-5239
-5331
-5543
-4489
-3867
-4053
-4009
-3304
-2302
-1941
-1702
-698
-86
495
1324
2120
2937
3277
4115
4538
4291
4640
5594
6700
7143
7252
7903
8557
8670
8715
8542
8076
7529
7051
6634
5843
5007
4311
3672
3109
2433
1878
1188
250
-426
-1027
-1990
-2871
-3355
-3787
-4340
-4860
-5306
-5624
-5918
-6352
-6772
-7336
-7662
-7189
-6746
-6671
-6518
-5953
-5560
-5421
-4832
-4530
-4665
-4265
-3334
-3204
-3360
-3013
-2488
-2210
-2434
-1770
-323
302
838
1862
2735
3209
3643
4645
4777
4915
5439
6523
7428
7709
8260
8731
9051
9074
9000
8494
7601
7137
6827
6211
5463
4793
4028
3101
2437
1897
704
-192
-671
-1365
-2267
-3181
-3743
-4481
-5111
-5425
-5452
-5815
-6548
-6461
-6221
-6724
-7124
-7036
-6938
-6887
-6745
-6322
-5643
-5224
-4751
-4248
-4208
-4319
-4063
-3731
-3789
-3361
-2711
-2653
-2425
-1500
-704
-110
842
2238
3226
3311
3791
4471
4929
5191
5974
6957
7523
8506
9372
9997
9967
9887
9774
8685
7793
7313
6457
5463
4690
4026
3356
2409
1371
516
-719
-1871
-2313
-2879
-3723
-4081
-4245
-4648
-5067
-5408
-5494
-5726
-6045
-5923
-6000
-6437
-6459
-6407
-6601
-6569
-6304
-5820
-5472
-5285
-4758
-4490
-4421
-4068
-3799
-3922
-3750
-3307
-3002
-2869
-2327
-1441
-714
154
1013
2220
3129
3886
5081
5707
6434
7062
7449
8304
8680
9118
10076
10619
11232
10983
9798
8612
7776
6813
5322
4305
3673
3483
2744
1189
8
-1199
-2441
-3143
-3647
-4257
-4398
-4073
-4159
-4874
-5922
-6131
-5984
-6132
-6005
-5675
-5675
-5824
-5851
-6319
-6917
-7213
-6921
-6190
-5469
-5004
-4472
-3949
-3782
-3747
-3672
-3371
-2651
-1957
-1817
-1682
-1404
-739
158
1284
2668
3901
5255
6503
7512
7782
7929
8661
9540
10646
11757
12771
13863
13213
10732
8915
7525
5791
3932
2514
1957
1565
503
-1345
-3080
-4835
-5809
-5596
-5305
-5325
-4899
-3992
-3897
-4423
-5460
-6021
-5675
-5327
-4862
-4672
-4456
-4279
-4913
-6065
-7284
-7801
-7817
-7336
-6441
-5714
-4968
-4346
-3865
-3463
-3341
-2943
-1922
-1055
-695
-491
-216
287
898
1800
3385
4976
6554
8334
9832
10553
11083
11738
12157
12871
14036
15682
15311
12045
9525
7796
4816
1321
-844
-1627
-2239
-2640
-3640
-4843
-6452
-8064
-7576
-6814
-6702
-5392
-3078
-1805
-2137
-3250
-3980
-4081
-4409
-4276
-3809
-3547
-3492
-4323
-5796
-7800
-9245
-9571
-8993
-8182
-7154
-5560
-4390
-3681
-3331
-2983
-2178
-959
137
1073
1555
1808
2100
2361
2947
4318
6664
8898
11088
12856
14006
14395
14106
14362
15514
17531
17247
13439
9910
6683
2851
-1656
-5571
-7448
-7330
-6482
-6543
-7275
-8873
-9400
-8184
-7387
-6824
-4559
-908
1543
1806
372
-1007
-1787
-2861
-3652
-4358
-4740
-4444
-4666
-6934
-10429
-12062
-11754
-11575
-11241
-9621
-6809
-3983
-2266
-1724
-1464
-662
862
2510
3196
3310
4070
5129
4803
3858
4414
6939
9649
11615
13222
14755
16245
16815
16559
17137
18701
16029
10567
7568
3608
-2019
-6754
-8991
-9110
-8922
-9215
-8962
-8741
-10552
-9767
-6965
-6055
-4241
-784
2574
3577
2528
1218
31
-1933
-3792
-4124
-5113
-6234
-6552
-7591
-10431
-13180
-13471
-12460
-12119
-11002
-7327
-3821
-1952
-419
816
1482
1926
3053
4324
4146
3830
4696
4886
3581
2870
4321
6878
9253
11594
14053
16018
16970
17211
17496
19086
16851
10860
7187
3392
-1088
-6359
-10581
-11331
-10490
-10152
-9859
-9213
-9983
-9029
-5880
-4127
-2302
785
4652
6682
5526
3110
1094
-1028
-3498
-5076
-6788
-8238
-8447
-9191
-10697
-12182
-13521
-12516
-9990
-8061
-5986
-3623
-1297
487
1322
1859
2493
3055
3895
4343
3537
2356
2001
1892
1156
1125
2859
5755
8532
10594
12809
14723
16049
17104
17979
19924
18050
11029
6452
2254
-3769
-8634
-11703
-11474
-9720
-9197
-8735
-7797
-8417
-7203
-3571
-2332
-761
3287
6808
7428
4863
1593
-441
-2691
-5411
-6793
-7942
-8716
-8635
-9491
-10954
-11682
-11195
-9567
-7912
-6443
-4119
-1183
755
1420
1395
1851
2724
3040
2697
2328
2020
1676
998
-176
-590
24
1708
4007
6432
8995
11546
14181
16083
17382
17855
18477
19146
13892
6923
2478
-2230
-6802
-11786
-13594
-11801
-9813
-8911
-7815
-6635
-5956
-3098
-296
1065
2715
5483
7827
6030
1937
-976
-2863
-5413
-7964
-9468
-10213
-9631
-9593
-10012
-10152
-9691
-7151
-5172
-4744
-3333
-1036
1018
1414
1061
1315
2067
2522
2207
1437
674
262
70
-747
-1704
-902
519
2097
3577
5375
8335
11106
13634
15704
17146
18337
18689
19165
14413
5716
539
-3893
-8534
-13231
-15711
-13160
-9401
-7432
-5983
-4100
-2800
-742
2081
2961
3466
5427
7662
6313
1858
-2159
-4717
-6874
-9694
-11131
-10849
-9884
-8651
-7930
-7867
-7681
-5432
-2449
-1515
-985
859
3040
3214
1678
819
472
-134
-424
-740
-1491
-2021
-1682
-1116
-1440
-1360
37
1658
2707
3558
5694
8417
10999
13955
16003
17329
18387
18201
17717
15492
5655
-2926
-5947
-9901
-14770
-17606
-14118
-8628
-5973
-4857
-2358
174
1202
3406
4416
4268
5426
7049
5359
-129
-5024
-7170
-8349
-11003
-12150
-10830
-8660
-7168
-6650
-6185
-5657
-3548
-620
1150
670
1419
3665
2804
-131
-1922
-1291
-570
-1053
-1523
-1564
-1504
-1304
-1019
-1734
-1805
34
2188
2817
2804
4475
7452
10349
12335
14663
16880
18472
18430
16418
15140
9585
189
-6233
-10907
-13914
-16754
-15794
-10854
-6786
-3046
-557
1784
1976
2341
3840
4021
4478
4760
4555
1228
-3570
-7234
-9759
-11443
-12085
-10431
-8784
-6836
-4990
-4041
-3539
-3204
-1600
445
2133
2603
2605
2638
1488
-971
-3100
-3542
-2794
-1877
-1600
-1173
-800
-663
-845
-1009
-471
426
1874
3193
4078
5143
7033
9819
12743
15070
17251
18408
18062
15646
13762
9462
-1132
-8604
-11483
-13357
-16208
-17396
-11538
-4849
-1490
510
3070
4390
4430
5287
4474
2921
2496
2636
-134
-5762
-9906
-10801
-10779
-11444
-10839
-8367
-5137
-2884
-2335
-2650
-2239
-448
1572
2415
1966
1760
1860
371
-2203
-3732
-3466
-2703
-1998
-1195
-668
-958
-1132
-908
-1052
-968
147
1808
2824
3250
4414
6543
8897
12054
14753
17024
18243
18031
15749
12243
9732
1940
-7755
-12114
-13445
-14480
-16715
-13322
-6185
-668
2087
3335
6063
6310
6417
5545
2828
1130
222
-976
-5491
-10228
-11698
-10659
-9946
-10099
-8319
-5103
-2129
-1055
-1309
-1405
-443
1471
2551
1824
1511
1766
751
-1187
-3630
-4048
-3159
-2578
-2296
-2035
-1146
-738
-1012
-1380
-1050
180
1190
1651
2390
3439
5191
7188
9309
12302
14987
16712
16495
14651
12336
10314
10008
1771
-9086
-12459
-13159
-14068
-16285
-12460
-4314
1341
4809
6169
7300
5473
4626
4575
866
-1834
-2248
-2172
-6292
-11050
-12177
-10581
-8867
-8607
-6145
-2843
-578
622
441
-617
-833
676
1478
664
-490
-60
73
-2325
-4533
-4843
-3162
-1344
-816
-291
-97
146
-202
-1586
-2261
-1527
325
1968
2524
3544
6234
8868
11013
13272
15270
17057
16962
14506
11035
9350
7777
-1083
-10415
-13412
-13198
-13510
-14899
-10648
-2835
2939
6338
7688
7302
5208
4808
3206
-321
-3125
-3335
-3691
-7943
-11715
-12536
-10454
-8928
-7485
-4336
-1516
657
1990
1378
-686
-1348
-243
349
-556
-861
-96
-226
-1695
-3551
-3971
-3164
-2206
-1274
-854
-677
-690
-758
-1418
-2292
-1671
67
1606
3013
4903
7321
9484
11420
13614
15095
15766
15146
12360
9595
7451
8033
2212
-9317
-11921
-11378
-12505
-14806
-11995
-2281
4497
6900
7299
7011
5437
3121
1451
-2524
-5299
-4013
-2829
-6351
-11193
-11623
-8886
-7236
-7276
-4957
-805
2180
2210
294
-1737
-2299
-1060
-630
-1580
-2193
-611
11
-2379
-4332
-3483
-1235
119
187
-48
126
-127
-1234
-2712
-3518
-2120
993
2958
3317
4816
7950
10003
11479
13496
15423
16946
15626
12642
9983
8167
7222
-2398
-11298
-12456
-12371
-12793
-15114
-9267
128
5710
7011
6302
7268
5378
3668
743
-3188
-4391
-3903
-4561
-9103
-12288
-11494
-8489
-6990
-6534
-3410
280
2146
1443
-600
-2098
-1932
-886
-1114
-2200
-2009
-74
-90
-2918
-4269
-2349
32
406
-269
-398
-552
-1313
-2523
-3693
-3311
-800
2125
3466
4272
6473
9365
11436
12895
14210
15914
16602
14754
11699
7800
7746
4336
-6746
-11404
-12250
-12237
-13766
-13717
-4921
2876
6430
7453
8071
7307
4083
2019
-754
-4270
-5552
-4648
-6175
-9946
-11723
-9882
-7349
-7173
-5178
-1816
792
1520
363
-1035
-2539
-2454
-1627
-2033
-3188
-2013
-638
-1645
-3090
-2614
-123
987
768
235
-452
-1485
-2877
-3723
-3846
-2572
89
2951
4233
5437
8203
10937
13081
14498
15586
16403
15651
12858
9223
6819
7077
533
-9647
-12213
-11829
-12326
-14331
-10566
-1802
4383
7343
7635
6922
4736
3078
665
-2967
-5011
-4923
-3971
-7349
-11393
-11630
-8739
-6967
-6645
-3764
-477
1541
933
-1000
-2645
-3257
-2429
-1837
-3004
-3196
-618
368
-1847
-3546
-1623
1230
1342
30
-885
-1174
-2197
-3833
-4554
-3681
-838
2593
4564
5481
7608
10817
13542
14232
14797
16398
16139
13312
9082
6078
7911
3804
-6507
-9972
-10610
-11009
-13628
-12628
-5433
971
6580
7504
7861
6937
4135
2272
-2555
-5559
-5240
-4098
-6145
-10234
-10909
-9043
-7255
-7670
-6242
-2721
708
1321
-727
-2237
-2908
-2122
-2108
-3188
-4402
-2313
128
-1320
-2573
-1568
1517
2437
585
-780
-1539
-2372
-3847
-5059
-4370
-1643
1745
4512
5759
7351
10705
13763
14897
15247
16160
16918
15148
10328
6766
7805
4277
-6504
-11370
-10901
-11835
-13759
-12538
-4942
2519
6382
7666
7446
6081
4102
2075
-1664
-4997
-4902
-4010
-5727
-9564
-12023
-9991
-7595
-7692
-6410
-2868
490
1344
-177
-2146
-3285
-2955
-2363
-3354
-4222
-2369
-513
-1182
-2105
-629
2000
2800
1554
-213
-1433
-3022
-4699
-5380
-4603
-1727
1682
4285
6187
8031
10923
13815
15480
15727
16293
16801
14608
10432
7250
7663
2329
-7743
-10386
-11381
-12011
-13336
-11662
-3945
2382
6767
7581
7567
5928
3162
957
-2587
-4741
-5143
-4474
-6065
-9285
-11005
-9907
-7625
-7174
-5827
-2973
-334
160
-1192
-2750
-3456
-3105
-2625
-3225
-4103
-2140
-681
-1099
-1491
-124
2521
2240
623
-803
-2040
-3487
-5030
-5022
-3491
-576
2609
5080
7056
9542
12598
14902
15837
16248
16976
16083
12955
8939
7654
6705
-2597
-9292
-10346
-11851
-12654
-14135
-8290
-448
5013
7795
7401
8561
6350
3688
-160
-4452
-4599
-4821
-5772
-8609
-11104
-10604
-8756
-7784
-7196
-4415
-1037
979
-196
-2301
-2949
-2949
-3162
-3603
-4301
-3757
-727
-255
-1771
-1511
1215
3221
1431
-588
-1425
-2120
-3830
-5718
-5184
-2537
992
4248
5954
8156
11713
14341
15970
16139
15564
15693
14595
11562
8905
8344
588
-8733
-11308
-12449
-12334
-14328
-10469
-584
5501
7949
7503
7628
6172
3369
87
-3474
-3519
-3065
-4175
-7452
-10680
-11191
-9358
-8022
-7660
-5120
-1716
447
-279
-2588
-3558
-3195
-3064
-2629
-2711
-3146
-1259
-877
-2172
-2459
-231
2909
2253
294
-928
-2168
-3949
-5875
-5339
-2488
1206
4580
6568
8495
11142
13349
14707
15204
15525
15780
15007
12031
9738
6894
-2437
-9824
-11879
-13596
-13962
-12620
-6695
830
6140
8391
7785
7192
5001
2342
-748
-3410
-3325
-3260
-4959
-8065
-10413
-10763
-9239
-7822
-6511
-3443
-541
638
-667
-2842
-3722
-3874
-3550
-2687
-1366
-448
-87
85
-975
-2578
-2517
-1004
142
-318
-1266
-1866
-3263
-4347
-4073
-2666
123
3701
6753
8904
10738
12336
13396
13874
13983
14061
13851
12309
9747
8854
3753
-6171
-10555
-11837
-12802
-13542
-10489
-2107
4527
8278
8216
7331
5747
2993
704
-2564
-3348
-2776
-3376
-5937
-9047
-10461
-10069
-8493
-7047
-4626
-1672
771
703
-1829
-3633
-4016
-3976
-3502
-1989
-33
973
450
-110
-1288
-2976
-3108
-2039
-1275
-1460
-1623
-2244
-3272
-3305
-2466
-704
2097
5320
8277
10644
12340
13027
12804
12512
12714
12240
11244
10524
11807
7606
-4178
-10087
-12622
-14716
-15856
-13835
-5013
2909
8414
10227
8980
7299
4235
1583
-2518
-4651
-3321
-2997
-5514
-8517
-10262
-10391
-8532
-7296
-5252
-1978
980
2110
-365
-3377
-4212
-4015
-3947
-3117
-1225
1423
2251
706
-501
-1867
-2527
-2764
-3229
-2975
-2482
-2282
-3316
-3891
-2709
-515
2304
4917
7365
9557
11378
12382
12214
11855
11815
12444
12341
10771
10116
9748
1652
-8650
-12189
-12752
-13359
-13158
-7569
168
6087
9577
8536
6294
4178
3338
1351
-2585
-3083
-2043
-3515
-7531
-10714
-11276
-9659
-7387
-5471
-3230
-692
1645
1297
-1903
-4509
-4322
-3231
-2877
-1728
305
2579
2644
113
-1867
-2495
-2850
-3330
-3973
-3992
-3301
-3142
-3234
-3076
-2064
553
3435
5759
7927
9881
11295
11949
11543
11004
10714
10723
10148
8910
8351
9146
3365
-7285
-10440
-11700
-13148
-12670
-7266
1844
6769
8633
7678
5639
3842
2304
6
-2882
-2082
-855
-2985
-7277
-9990
-10336
-9584
-7768
-5597
-2518
180
1834
855
-2610
-4275
-3589
-2665
-2608
-1392
1109
2675
2608
798
-1936
-2964
-2552
-3375
-5202
-5540
-4068
-3726
-4300
-3326
-1180
1265
3877
5998
7825
9450
10570
10894
9916
9050
9085
9176
9245
8196
7337
9217
6520
-2950
-9777
-10447
-10075
-11270
-9946
-3170
3979
7663
7946
6065
4151
3150
1848
-1156
-3300
-2628
-2070
-4988
-8748
-10293
-9730
-6962
-5090
-3771
-1568
906
2036
-706
-3842
-4109
-2540
-1797
-1824
-352
1783
3127
2128
143
-1298
-2350
-3165
-4578
-5546
-5969
-5245
-4011
-3434
-2211
255
3008
4781
5905
6495
6954
7476
8416
9192
8618
8504
8900
8409
7179
6175
6727
7904
3679
-4249
-8375
-9076
-9067
-9921
-6114
384
4930
8213
7194
4944
2440
677
-1196
-3840
-4120
-2841
-2375
-4949
-7253
-7984
-7535
-5850
-4370
-2211
-355
1372
1378
-1372
-3289
-3591
-2524
-2057
-1220
1077
2607
2515
1279
-109
-1572
-2043
-3208
-4792
-5022
-4407
-3144
-3152
-2744
-884
642
2318
3118
3688
4836
5301
5149
4832
5182
6760
7710
6688
5722
5474
5672
5978
6234
8376
7927
2906
-1319
-5089
-7900
-9366
-7907
-3640
-346
3214
5098
3799
1484
-979
-2507
-3669
-3632
-2227
-1329
-1821
-3519
-5163
-6203
-6031
-4790
-2874
-786
764
1422
156
-2188
-3435
-3542
-3034
-1953
-202
1423
2118
1889
611
-762
-1455
-1527
-1432
-1473
-614
-591
-1553
-1939
-1872
-1673
-1399
70
1874
2864
3296
2994
2732
2028
1384
1269
1070
1270
1474
1554
1525
1997
3010
3987
4858
5760
6702
7191
7054
6563
6097
3930
525
-1701
-3241
-4305
-5286
-5968
-5767
-5150
-4003
-3367
-3254
-2491
-1111
370
801
942
1567
1627
671
-1014
-2523
-3165
-3121
-3195
-3641
-3762
-3168
-2756
-3066
-3126
-2474
-1422
-430
41
690
1440
1830
1712
1033
433
-897
-1853
-1511
-1420
-1301
-1293
-643
290
204
183
30
34
449
867
1747
2591
3448
4569
5320
5944
6533
6433
6117
5924
5958
6014
5837
5800
3361
-418
-3035
-5427
-7125
-8054
-6662
-3754
-1412
336
1125
1049
369
8
-284
-624
-186
628
517
-834
-2009
-2815
-3806
-4204
-3747
-2670
-1931
-1343
-1095
-1797
-2454
-2346
-1745
-1573
-851
611
1550
1806
1469
942
385
257
-18
-498
-650
-330
173
-288
-788
-613
-70
452
420
946
1614
2096
2661
2508
2064
1616
1469
1423
449
-184
223
370
91
-243
-204
74
73
203
394
598
1151
1519
1061
381
137
-273
-686
-1051
-1225
-1191
-1083
-951
-1221
-1333
-1273
-1283
-1073
-687
-22
489
554
400
268
38
-295
-466
-586
-600
-430
-812
-1326
-1139
-759
-602
-966
-680
67
212
317
261
330
547
655
755
722
869
1277
1067
753
648
68
-292
-422
-410
-97
106
392
682
615
647
840
977
1080
1293
1689
1889
1555
1261
1036
629
288
97
236
146
-154
-199
-421
-809
-985
-819
-760
-787
-650
-609
-658
-760
-699
-712
-965
-801
-676
-968
-1136
-1078
-913
-917
-874
-613
-466
-489
-521
-595
-788
-721
-525
-497
-557
-465
-102
-89
-171
67
361
661
775
952
1161
1289
1407
1395
1425
1494
1687
1761
1783
2004
2373
2597
2572
2718
2665
2362
2223
1997
1602
770
-372
-1312
-2098
-2669
-3186
-3389
-3027
-2288
-1532
-1107
-920
-610
-381
-572
-826
-1010
-1077
-1243
-1505
-1829
-2215
-2330
-2327
-2437
-2401
-2048
-1574
-1225
-1078
-797
-530
-400
-169
8
330
802
1087
1100
1000
769
477
69
-251
-351
-346
-75
77
157
437
798
1172
1295
1487
1988
2272
2392
2357
2127
1886
1594
1334
1105
858
800
774
620
465
470
509
363
375
623
653
589
675
644
515
362
234
76
-197
-407
-681
-1098
-1422
-1550
-1558
-1581
-1505
-1249
-1026
-824
-759
-794
-780
-708
-530
-467
-540
-450
-383
-357
-420
-401
-155
-60
-73
46
37
-35
-84
-264
-357
-258
-93
39
190
353
625
843
867
861
863
1038
1064
779
683
708
758
753
535
502
636
674
615
474
560
709
582
378
117
2
-11
-104
-164
-246
-204
-120
-342
-568
-581
-645
-755
-953
-1062
-1003
-907
-835
-901
-877
-790
-706
-669
-680
-650
-598
-521
-519
-512
-425
-398
-382
-355
-362
-316
-282
-248
-149
-73
12
50
42
0
25
52
96
226
262
311
419
440
427
480
509
478
417
420
506
540
496
415
373
285
231
207
179
246
329
358
272
265
267
169
144
89
86
169
112
11
-145
-269
-303
-300
-248
-165
-64
12
16
12
-39
-110
-145
-216
-256
-169
-100
-138
-150
-119
-59
-19
-49
-10
113
146
199
259
215
186
165
186
96
8
104
141
150
133
111
94
76
74
50
129
236
347
383
334
276
262
172
10
-36
-47
-30
0
-25
12
29
-25
-59
-83
-71
-55
-45
-50
-109
-121
-138
-188
-224
-224
-123
-66
-61
-77
-103
-137
-197
-329
-339
-301
-287
-230
-206
-153
-125
-137
-94
-42
5
77
62
34
9
12
11
-41
-106
-130
-83
-110
-118
-57
-47
-30
-40
-41
24
11
28
22
0
36
31
49
66
54
30
19
3
4
-4
-62
-38
-34
-21
5
-36
-34
-54
-165
-144
-88
-45
-20
-41
-27
-28
-45
-32
2
55
73
72
90
35
-6
-23
-48
-17
2
-10
33
45
6
-3
24
53
79
75
58
101
105
81
52
37
52
61
49
43
44
50
5
-25
-30
-24
-2
7
39
51
34
26
15
4
0
13
27
39
46
47
34
15
19
11
-1
-12
-22
-10
-7
-11
2
0
-3
9
9
4
2
0
0
0
0
-1
-3
-3
-3
-3
-1
0
0
0
0
0
0
0
0
0
0
0
0
0
0
0
0
0
0
0
0
0
0
0
0
0
0
0
0
0
0
0
0
0
0
0
0
0
0
0
0
0
0
0
0
0
0
0
0
0
0
0
0
0
0
0
0
0
0
0
0
0
0
0
0
0
0
0
0
0
0
0
0
0
0
0
0
0
0
0
0
0
0
0
0
0
0
0
0
0
0
0
0
0
0
0
0
0
0
0
0
0
0
0
0
0
0
0
0
0
0
0
0
0
0
0
0
0
0
0
0
0
0
0
0
0
0
0
0
0
0
0
0
0
0
0
0
0
0
0
0
0
0
0
0
0
0
0
0
0
0
0
0
0
0
0
0
0
0
0
0
0
0
0
0
0
0
0
0
0
0
0
0
0
0
0
0
0
0
0
0
0
0
0
0
0
0
0
0
0
0
0
0
0
0
0
0
0
0
0
0
0
0
0
0
0
0
0
0
0
0
0
0
0
0
0
0
0
0
0
0
0
0
0
0
0
0
0
0
0
0
0
0
0
0
0
0
0
0
0
0
0
0
0
0
0
0
0
0
0
0
0
0
0
0
0
0
0
0
0
0
0
0
0
0
0
0
0
0
0
0
0
0
0
0
0
0
0
0
0
0
0
0
0
0
0
0
0
0
0
0
0
0
0
0
0
0
0
0
0
0
0
0
0
0
0
0
0
0
0
0
0
0
0
0
0
0
0
0
0
0
0
0
0
0
0
0
0
0
0
0
0
0
0
0
0
0
0
0
0
0
0
0
0
0
0
0
0
0
0
0
0
0
0
0
0
0
0
0
0
0
0
0
0
0
0
0
0
0
0
0
0
0
0
0
0
0
0
0
0
0
0
0
0
0
0
0
0
0
0
0
0
0
0
0
0
0
0
0
0
0
0
0
0
0
0
0
0
0
0
0
0
0
0
0
0
0
0
0
0
0
0
0
0
0
0
0
0
0
0
0
0
0
0
0
0
0
0
0
0
0
0
0
0
0
0
0
0
0
0
0
0
0
0
0
0
0
0
0
0
0
0
0
0
0
0
0
0
0
0
0
0
0
0
0
0
0
0
0
0
0
0
0
0
0
0
0
0
0
0
0
0
0
0
0
0
0
0
0
0
0
0
0
0
0
0
0
0
0
0
0
0
0
0
0
0
0
0
0
0
0
0
0
0
0
0
0
0
0
0
0
0
0
0
0
0
0
0
0
0
0
0
0
0
0
0
0
0
0
0
0
0
0
0
0
0
0
0
0
0
0
0
0
0
0
0
0
0
0
0
0
0
0
0
0
0
0
0
0
0
0
0
0
0
0
0
0
0
0
0
0
0
0
0
0
0
0
0
0
0
0
0
0
0
0
0
0
0
0
0
0
0
0
0
0
0
0
0
0
0
0
0
0
0
0
0
0
0
0
0
0
0
0
0
0
0
0
0
0
0
0
0
0
0
0
0
0
0
0
0
0
0
0
0
0
0
0
0
0
0
0
0
0
0
0
0
0
0
0
0
0
0
0
0
0
0
0
0
0
0
0
0
0
0
0
0
0
0
0
0
0
0
0
0
0
0
0
0
0
0
0
0
0
0
0
0
0
0
0
0
0
0
0
0
0
0
0
0
0
0
0
0
0
0
0
0
0
0
0
0
0
0
0
0
0
0
0
0
0
0
0
0
0
0
0
0
0
0
0
0
0
0
0
0
0
0
0
0
0
0
0
0
0
0
0
0
0
0
0
0
0
0
0
0
0
0
0
0
0
0
0
0
0
0
0
0
0
0
0
0
0
0
0
0
0
0
0
0
0
0
0
0
0
0
0
0
0
0
0
0
0
0
0
0
0
0
0
0
0
0
0
0
0
0
0
0
0
0
0
0
0
0
0
0
0
0
0
0
0
0
0
0
0
0
0
0
0
0
0
0
0
0
0
0
0
0
0
0
0
0
0
0
0
0
0
0
0
0
0
0
0
0
0
0
0
0
0
0
0
0
0
0
0
0
0
0
0
0
0
0
0
0
0
0
0
0
0
0
0
0
0
0
0
0
0
0
0
0
0
0
0
0
0
0
0
0
0
0
0
0
0
0
0
0
0
0
0
0
0
0
0
0
0
0
0
0
0
0
0
0
0
0
0
0
0
0
0
0
0
0
0
0
0
0
0
0
0
0
0
0
0
0
0
0
0
0
0
0
0
0
0
0
0
0
0
0
0
0
0
0
0
0
0
0
0
0
0
0
0
0
0
0
0
0
0
0
0
0
0
0
0
0
0
0
0
0
0
0
0
0
0
0
0
0
0
0
0
0
0
0
0
0
0
0
0
0
0
0
0
0
0
0
0
0
0
0
0
0
0
0
0
0
0
0
0
0
0
0
0
0
0
0
0
0
0
0
0
0
0
0
0
0
0
0
0
0
0
0
0
0
0
0
0
0
0
0
0
0
0
0
0
0
0
0
0
0
0
0
0
0
0
0
0
0
0
0
0
0
0
0
0
0
0
0
0
0
0
0
0
0
0
0
0
0
0
0
0
0
0
0
0
0
0
0
0
0
0
0
0
0
0
0
0
0
0
0
0
0
0
0
0
0
0
0
0
0
0
0
0
0
0
0
0
0
0
0
0
0
0
0
0
0
0
0
0
0
0
0
0
0
0
0
0
0
0
0
0
0
0
0
0
0
0
0
0
0
0
0
0
0
0
0
0
0
0
0
0
0
0
0
0
0
0
0
0
0
0
0
0
0
0
0
0
0
0
0
0
0
0
0
0
0
0
0
0
0
0
0
0
0
0
0
0
0
0
0
0
0
0
0
0
0
0
0
0
0
0
0
0
0
0
0
0
0
0
0
0
0
0
0
0
0
0
0
0
0
0
0
0
0
0
0
0
0
0
0
0
0
0
0
0
0
0
0
0
0
0
0
0
0
0
0
0
0
0
0
0
0
0
0
0
0
0
0
0
0
0
0
0
0
0
0
0
0
0
0
0
0
0
0
0
0
0
0
0
0
0
0
0
0
0
0
0
0
0
0
0
0
0
0
0
0
0
0
0
0
0
0
0
0
0
0
0
0
0
0
0
0
0
0
0
0
0
0
0
0
0
0
0
0
0
0
0
0
0
0
0
0
0
0
0
0
0
0
0
0
0
0
0
0
0
0
0
0
0
0
0
0
0
0
0
0
0
0
0
0
0
0
0
0
0
0
0
0
0
0
0
0
0
0
0
0
0
0
0
0
0
0
0
0
0
0
0
0
0
0
0
0
0
0
0
0
0
0
0
0
0
0
0
0
0
0
0
0
0
0
0
0
0
0
0
0
0
0
0
0
0
0
0
0
0
0
0
0
0
0
0
0
0
0
0
0
0
0
0
0
0
0
0
0
0
0
0
0
0
0
0
0
0
0
0
0
0
0
0
0
0
0
0
0
0
0
0
0
0
0
0
0
0
0
0
0
0
0
0
0
0
0
0
0
0
0
0
0
0
0
0
0
0
0
0
0
0
0
0
0
0
0
0
0
0
0
0
0
0
0
0
0
0
0
0
0
0
0
0
0
0
0
0
0
0
0
0
0
0
0
0
0
0
0
0
0
0
0
0
0
0
0
0
0
0
0
0
0
0
0
0
0
0
0
0
0
0
0
0
0
0
0
0
0
0
0
0
0
0
0
0
0
0
0
0
0
0
0
0
0
0
0
0
0
0
0
0
0
0
0
0
0
0
0
0
0
0
0
0
0
0
0
0
0
0
0
0
0
0
0
0
0
0
0
0
0
0
-2
-6
-1
-7
2
6
0
6
6
7
-5
34
47
13
17
-5
22
-8
-29
-28
-72
-37
-54
-96
-87
-79
-31
4
-63
-80
-58
-72
-35
-51
-46
8
28
70
6
-51
27
32
33
80
-21
11
-9
-91
-11
21
54
68
-20
-82
-25
-13
-67
-137
-66
-27
-10
-41
-48
23
-25
-21
75
111
73
68
36
73
61
21
13
-54
-8
-11
-80
-27
-96
-88
-28
-15
-3
-29
-90
-66
-32
-80
-89
-93
-90
-77
-36
8
7
47
-27
-23
26
-13
-60
-53
27
-20
-84
28
64
26
1
37
37
48
141
90
99
85
43
107
135
125
70
38
75
15
3
45
15
27
16
-37
-49
-39
-45
-51
-29
-54
-60
-36
-63
-28
22
-34
-47
4
12
-38
-35
-6
26
35
29
7
33
-21
-17
3
-62
-78
-32
-43
-6
-13
-8
70
1
1
88
72
21
43
66
58
65
69
52
-9
-15
16
-38
-39
-63
-52
-21
-50
-93
-61
33
5
29
60
58
62
79
22
21
33
12
52
72
38
-19
8
-1
-6
28
16
8
-21
-24
-13
11
24
25
-4
18
8
-8
17
-30
-5
-24
-53
-30
-71
-56
-40
22
44
6
-22
-36
2
28
0
-19
-14
-8
-6
12
-19
-8
-10
-29
7
6
21
16
-1
-24
-6
21
32
14
-5
-11
-18
-24
-8
-30
-37
-34
-44
-26
-21
-31
-30
-24
-24
-22
-25
-28
-13
-20
-11
-23
5
-81
-828
-1082
-268
222
320
229
65
33
47
28
17
-83
-569
-449
306
646
642
523
345
145
111
138
142
67
-77
57
359
444
388
386
174
-37
-119
-153
-221
-330
-251
-81
76
123
59
38
-21
-170
-258
-239
-196
-137
-54
-7
35
75
79
58
-18
-61
-101
-133
-6
120
88
25
-23
-55
9
151
209
135
68
28
-61
-46
72
132
125
87
30
59
114
85
-6
-64
-14
-7
-70
-87
-74
-23
43
77
77
16
-32
-26
-5
-47
-111
-73
-17
21
16
36
59
58
4
-36
7
25
-10
-58
-86
-8
92
86
66
16
-18
5
-17
-58
-20
25
28
-5
-81
-114
-85
15
77
-20
-75
-81
-56
3
36
20
-50
9
30
-12
-40
-9
-20
6
27
-72
-105
-41
5
0
96
10
-91
-58
-187
-90
22
-70
-22
116
-27
-19
-72
-268
-299
-88
-118
-207
34
67
-201
-145
-84
-182
-87
11
-106
35
156
-24
-199
-67
25
-69
36
104
-65
-96
-29
-128
-214
-105
9
166
272
335
242
48
-98
-174
-180
12
244
215
337
466
479
397
185
57
-216
-317
94
419
634
736
597
418
188
-18
-297
-315
-186
-2
320
620
569
188
-63
-245
-366
-283
-122
4
11
11
46
-44
-172
-62
-106
-201
-242
-242
-227
-90
14
11
-14
-109
-253
-332
-343
-333
-280
-119
60
206
159
-86
-241
-257
-103
74
315
353
80
-179
-354
-293
-86
65
178
137
-152
-381
-347
-172
49
230
237
41
-238
-314
-236
-163
-13
257
468
368
130
-116
-297
-363
-226
-52
111
188
70
35
-7
-65
-93
-67
-209
-470
-463
-239
8
119
109
-244
-505
-514
-613
-495
-161
69
156
274
413
243
211
240
158
399
548
657
805
874
686
446
402
312
222
161
110
88
104
62
41
-158
-183
-183
-161
-9
22
-81
-219
-302
-325
-165
44
242
267
299
271
162
70
11
-34
20
23
-6
-3
-77
-215
-321
-364
-352
-357
-425
-456
-362
-290
-225
-155
-52
-42
-25
-32
-112
-54
-51
220
403
334
292
62
-5
60
22
114
207
41
-214
-129
12
160
101
79
296
444
343
162
131
68
11
225
434
412
192
-113
-94
83
47
-17
192
204
26
70
66
-98
-214
-119
347
502
290
31
-110
-125
-171
-292
-189
-342
-583
-617
-496
-299
-278
-421
-491
-770
-1167
-1074
-775
-461
-292
-343
-502
-626
-936
-932
-697
-317
-75
-210
-291
-385
-637
-470
-128
32
76
54
-21
-87
-84
92
274
278
212
214
109
201
339
594
1034
1163
1021
1103
1189
1382
1693
2018
2300
2213
2142
2306
2157
2139
2247
2368
2596
2581
2378
2319
2070
1805
1654
1477
1403
1214
1022
925
302
-166
-654
-1487
-2152
-2687
-3295
-3813
-4241
-4726
-5069
-5782
-5895
-6299
-6424
-6536
-6370
-6171
-5562
-5206
-4852
-4351
-3900
-3462
-2981
-2100
-1117
-386
240
1009
1471
1889
2113
2308
2816
3230
3664
3856
3883
3884
3940
3768
3874
3979
3971
4160
4414
4586
4944
5384
5341
5140
5383
5990
6411
6987
7392
7627
7633
7374
6929
6688
6281
4483
2823
1288
191
-1210
-2430
-3539
-4852
-5988
-7023
-8236
-9661
-10706
-11852
-11931
-11594
-11315
-11016
-10575
-10272
-10023
-9534
-8681
-7655
-6531
-4987
-3693
-2474
-1532
-721
9
739
1360
1945
2591
3058
3368
3363
3249
3034
2564
2100
2231
2408
2486
2591
2752
2935
3101
3356
3908
4499
5683
7088
7851
8349
8366
8840
9592
10266
10701
11031
11300
11988
12735
11134
7513
3444
2006
1312
42
-1478
-2723
-3989
-5598
-7227
-9210
-11677
-14236
-15170
-13793
-12591
-12389
-12763
-12655
-12061
-11932
-11756
-10686
-8899
-6812
-4757
-2477
-740
-325
-66
1002
2009
2480
3211
4175
5041
5275
4680
3881
2991
2088
1678
1722
1822
1518
1074
1227
1516
1337
1368
1978
2926
4148
5563
6773
7317
7281
8208
9542
10893
11704
12111
12415
13337
14113
12368
8430
3870
2452
2295
1193
-998
-2399
-3943
-6120
-8666
-10971
-13467
-16329
-16897
-15608
-13983
-14105
-14765
-14749
-14017
-13082
-12298
-10754
-8697
-6051
-3403
-1088
207
995
2097
3713
4999
5739
6360
6644
7026
7170
6483
5184
4186
3573
2979
2343
1830
1249
671
525
857
921
1025
1580
2821
4058
5044
5976
6658
7533
8721
10290
11189
11880
12163
13587
14490
11809
7041
3274
3072
2874
1359
-559
-2011
-4779
-7569
-9755
-12417
-15248
-17213
-16396
-14901
-14992
-16060
-16427
-16134
-15129
-13498
-11632
-9842
-8298
-5683
-3082
-1260
20
1573
3803
5981
7099
7387
7686
8010
8352
7971
7250
6528
5589
4460
3583
2938
2094
1179
822
1040
1078
836
1245
2532
3808
4616
5716
6760
7423
8120
9848
11404
12020
12537
14654
15058
10633
4924
2733
3885
3420
1521
-79
-2175
-6078
-9366
-11431
-13705
-16960
-17834
-15856
-14831
-15917
-17581
-17982
-17593
-16430
-14089
-11114
-9379
-8305
-6034
-3651
-2207
-955
1360
4320
6401
7460
8286
8154
7745
8104
8577
8081
7238
6943
6065
4399
2996
2364
1774
1187
1197
1760
1662
1348
1950
3500
4596
5154
6279
7740
8590
9571
11453
12559
12276
12970
14920
13503
7483
2456
3230
4642
2896
392
-1264
-4735
-8862
-11201
-12222
-15315
-18291
-17091
-14824
-15282
-17706
-18710
-18211
-17228
-15199
-11813
-9718
-9139
-7818
-5347
-3084
-1826
-122
2978
5979
7440
7643
7547
7327
7482
8480
9188
8440
7330
6667
5598
3776
2233
1973
1967
2089
2692
2694
2145
2084
3097
4572
5383
6421
7805
9301
10462
11441
12209
12163
13012
14523
12395
6444
2484
3354
4744
2630
-625
-2247
-5334
-9814
-11988
-12493
-15724
-18533
-17034
-14967
-16474
-19456
-19501
-17960
-16441
-14576
-11333
-9493
-9451
-8175
-5316
-2887
-1624
532
4485
7625
7378
6629
7342
7483
7638
9138
10424
9219
6845
5903
5218
3537
2086
2243
2992
2910
2736
2775
2354
2298
3559
5757
6913
7286
8576
10487
11649
12139
13030
13351
14321
13460
9306
3809
3110
4918
4804
1167
-1925
-4297
-9104
-12221
-12610
-13955
-17621
-18104
-16167
-16376
-19458
-20574
-19302
-17500
-15299
-12325
-10672
-10505
-9959
-7370
-4207
-1710
466
2954
6159
7284
6872
6433
7337
8439
9451
10605
10517
8568
6329
5360
4900
3997
3183
3561
4007
3907
3310
2826
3078
4464
5967
7206
7989
9203
10635
11512
12648
13179
14194
14261
11562
5645
1742
4058
7034
4701
-688
-3964
-5843
-9533
-13306
-13876
-14782
-16764
-17073
-16005
-17545
-20445
-21502
-19208
-16238
-13973
-12229
-12211
-11245
-9620
-7915
-4637
-2327
1367
3694
5130
6315
5590
5796
6698
9193
11179
10456
9250
7774
6839
5549
4426
4974
5317
5361
5019
4501
4246
4200
4686
5878
7664
8599
9591
10404
11368
11739
12278
14501
14644
10076
2929
1502
5414
7894
4362
-1431
-4955
-6248
-7914
-11261
-14090
-15462
-15182
-14523
-15122
-17395
-19871
-20569
-18244
-15045
-12809
-12271
-12623
-11896
-9228
-6671
-4985
-3178
37
3723
5106
4525
3919
4934
7331
9497
9925
8955
8401
8019
6662
5265
5176
5958
6138
5957
5790
5390
4797
5055
6515
7950
8369
8566
9442
11003
11471
10944
11463
12177
10296
5120
1268
1608
5207
5549
1282
-3878
-6649
-6539
-6900
-10262
-13891
-14217
-11943
-10302
-12659
-16593
-18051
-15485
-12167
-10948
-11286
-10836
-8964
-7598
-7100
-5951
-3504
-829
1350
2730
2884
2319
1999
2648
3858
5385
6189
5489
4414
3318
3295
3498
3453
3966
4808
5497
5606
4965
4490
4651
5789
7714
8230
7518
6452
6073
6709
6708
5830
5227
5511
6065
4582
1292
-1272
-1307
1033
2077
393
-2384
-3772
-3348
-2388
-3302
-5881
-7219
-5925
-3442
-3383
-5701
-7592
-7866
-6760
-5113
-4560
-5198
-5619
-4902
-3838
-3622
-4191
-4715
-4270
-2955
-1396
-615
-1150
-2086
-2224
-1387
-348
157
178
228
896
1745
1965
1323
1161
1623
2481
3065
3423
3255
2642
2563
2981
3511
3340
3128
3692
4235
4111
3079
1815
1653
2514
3738
4539
4546
3635
3161
3248
2686
1819
1184
1944
3538
4002
3203
1433
119
101
80
-654
-1746
-1881
-1216
-1419
-2873
-4106
-4798
-4979
-4602
-4304
-4318
-4331
-4056
-3698
-4033
-4460
-4234
-3651
-2827
-2259
-1922
-1624
-1583
-1501
-1622
-1545
-1308
-829
-374
-561
-838
-1375
-1415
-995
-488
-176
-78
-3
-79
-58
39
159
415
860
1908
2946
3480
3532
3374
3447
3980
4583
4744
4921
5581
7143
8066
7480
5513
3080
2758
4273
5660
5257
3449
2121
2025
2254
1236
-1431
-3459
-3431
-2132
-1570
-2900
-4849
-6148
-6025
-5048
-4896
-5659
-5649
-4738
-3866
-3571
-3904
-4200
-4153
-3694
-2832
-2323
-2364
-2406
-2427
-2666
-3007
-3077
-2645
-1980
-1619
-1382
-1438
-1390
-1128
-912
-555
315
1381
2250
2883
3748
5026
6305
6968
6727
7424
8942
10189
11175
11470
11241
10128
7777
5627
5157
5533
5484
3831
1627
477
-90
-1589
-4487
-7387
-8788
-7943
-6671
-6938
-8673
-9637
-9117
-8127
-7897
-8137
-7643
-6082
-4445
-3473
-3327
-3572
-3321
-2677
-1957
-1426
-1040
-814
-830
-1071
-903
-676
-825
-1107
-1022
-697
-309
-97
-233
-196
300
1637
3008
4060
5191
6651
8529
10254
11041
11573
12604
14001
15373
15385
13874
11391
7686
5063
3451
3215
2163
-546
-2691
-4360
-6315
-8850
-12134
-14369
-14153
-12852
-11280
-10988
-10963
-10403
-9350
-8317
-7522
-6558
-5031
-3183
-1613
-811
-389
19
9
-233
26
648
1015
579
-119
-141
200
-267
-1166
-1958
-2006
-1174
-694
-557
123
1624
3347
5115
6883
9279
11724
13669
14936
15715
16818
18693
19783
17199
10308
4950
3108
3808
1957
-3291
-7167
-7322
-6956
-10009
-15968
-19980
-19645
-17001
-14448
-13504
-11896
-9477
-6856
-5614
-5359
-4765
-3700
-1779
1043
3103
3754
3501
2857
2967
3064
1851
62
-413
452
1188
111
-1628
-2359
-2076
-2131
-2767
-2803
-1548
1141
3644
5817
8305
10798
12961
14219
14864
15948
18192
20076
19352
13492
6951
4537
4564
2290
-3777
-8246
-8176
-7152
-9853
-14718
-18630
-19088
-17946
-16152
-15153
-12334
-8915
-5862
-3762
-2883
-2383
-2557
-1888
742
3096
3249
3350
3946
5286
4753
2133
-866
-1719
-1017
-817
-1718
-2546
-2327
-1971
-2526
-3440
-3188
-1571
779
3182
5582
8838
12091
14532
15907
16591
17946
19496
18991
13983
6773
4109
4729
3979
-1490
-6730
-8116
-7531
-9769
-13888
-17317
-18270
-16901
-15013
-13627
-11619
-8498
-5261
-2597
-1220
-504
-998
-779
822
2236
2334
2509
3545
4766
4211
1868
-560
-2000
-3052
-4050
-4416
-4131
-3242
-2931
-3033
-3138
-3052
-2380
-727
1880
5397
9465
13288
15656
16544
16974
18302
19710
18156
12555
6443
4852
5350
2873
-3204
-7501
-8321
-7943
-10793
-14397
-16309
-15846
-14667
-13819
-12436
-9984
-6421
-3008
-256
751
502
363
1821
2273
1424
769
2011
3440
3344
1813
124
-848
-1967
-3405
-5022
-5440
-4678
-3744
-3135
-2702
-2617
-2448
-986
1455
3606
5955
9961
13917
16020
16671
17599
19720
19156
13668
6099
2243
2720
1125
-4084
-7364
-7182
-6608
-9424
-12596
-14471
-15831
-15091
-12656
-10017
-7734
-4781
-747
2876
3166
971
-439
1198
2219
323
-1092
691
2868
2425
272
-715
-1360
-2976
-4467
-5243
-5174
-4520
-3479
-2259
-1217
-1227
-870
652
2601
3854
5736
9412
13276
15006
15505
17683
20207
18195
10623
3694
1891
639
-2798
-7586
-8239
-6404
-6517
-9329
-11507
-13172
-14286
-13778
-11452
-8906
-6601
-2454
2090
5468
4832
2492
1947
2471
1009
-1762
-2396
-358
1140
559
-458
-847
-1466
-3091
-4493
-5421
-5764
-5138
-3353
-1065
411
718
1381
3203
4691
5106
6162
8953
11553
13267
14365
16740
19641
18034
10094
2820
953
-1866
-7086
-11045
-10645
-8028
-7561
-9168
-9322
-10379
-12448
-12659
-10486
-8387
-6000
-1394
4036
7186
6479
4750
4170
3258
-289
-3293
-3179
-1947
-1670
-1746
-1283
-920
-1674
-3496
-4726
-5342
-5714
-5226
-3275
-1125
479
1940
3837
5857
6861
7480
8947
10730
11564
12275
14032
17250
18586
14863
7754
3587
858
-4547
-10282
-12604
-11256
-9566
-9781
-9679
-8926
-10562
-11556
-10426
-8843
-7651
-4504
521
4535
5796
5089
4850
4657
2260
-1313
-2749
-2636
-2759
-3139
-2629
-1739
-1702
-2453
-3112
-3676
-4391
-4658
-3736
-2207
-730
937
3394
5977
7758
9280
10569
11467
11649
11747
12602
15113
17070
14491
8569
4721
2082
-3218
-9167
-12277
-11653
-10763
-11200
-10706
-9649
-10419
-10911
-9749
-8553
-7364
-4431
-294
3106
4062
3720
4087
4009
1792
-756
-1860
-2280
-2876
-3391
-3283
-2687
-2239
-2375
-2517
-2706
-2880
-2776
-2115
-1137
-167
1300
3543
5971
8126
10229
12058
12872
12933
12976
13739
15234
14748
11137
6307
3659
535
-4478
-9680
-11242
-10326
-10371
-11528
-10918
-10006
-10786
-10671
-9573
-7961
-6001
-2997
597
3221
3098
2769
3299
2333
-203
-1886
-2297
-2496
-2848
-3050
-2718
-2534
-2650
-2698
-2419
-2649
-2565
-1487
-321
461
1460
3151
5335
8156
10622
11878
12283
12832
13739
14576
15201
15162
12088
6915
3457
524
-4154
-9414
-11014
-9969
-9649
-10923
-11116
-9995
-10799
-11773
-10899
-9006
-7131
-4146
-415
2183
2112
1639
2406
1805
-603
-1822
-1738
-1817
-2449
-2806
-2714
-2736
-2834
-2535
-2352
-2519
-2033
-565
502
849
2037
4099
7143
9988
10814
11565
13148
14210
14466
15199
16451
14852
9110
3923
1611
-2028
-7407
-10867
-10479
-9537
-10287
-10384
-9943
-10909
-11909
-11272
-9940
-8774
-6514
-2524
620
1051
783
1702
2046
506
-903
-932
-1007
-1882
-2521
-2525
-2519
-2515
-2132
-1869
-1688
-1143
-6
841
1253
2220
4473
7810
9913
10430
11527
13457
14468
14501
14834
16472
14258
8311
3309
764
-2975
-7701
-10299
-9974
-9439
-9667
-9238
-9757
-11147
-11972
-10824
-9947
-8992
-6940
-3592
-1348
-955
-641
366
402
-241
-692
-758
-760
-952
-1126
-1472
-1920
-1997
-1705
-1665
-1732
-1120
34
993
1449
2073
3492
6135
8980
10120
10202
11640
13611
14224
14126
14866
16445
13559
7549
3642
903
-4068
-8582
-9531
-9298
-9777
-9495
-8147
-8726
-10971
-11739
-10823
-10387
-9830
-7490
-4029
-2164
-1817
-752
253
-669
-1700
-1608
-1444
-1605
-1534
-981
-564
-1010
-1064
-787
-1074
-1403
-870
245
1109
1666
2677
4403
6693
9014
9861
9689
10636
12357
13224
13572
14296
16143
14224
8636
4357
1128
-4031
-8270
-9201
-8978
-9218
-8765
-7258
-7698
-10273
-11859
-11409
-11175
-10779
-8578
-5039
-3263
-2749
-1615
-462
-1473
-2641
-2377
-1877
-1895
-1463
-373
310
-145
-690
-455
-841
-1446
-896
430
1339
2068
3203
4689
6650
8547
9307
9037
9660
11529
12787
13320
13776
16006
15854
10413
5120
2605
-1594
-7252
-8932
-8551
-8651
-8614
-6911
-6750
-9142
-11588
-11750
-11456
-11975
-10813
-7187
-4534
-3545
-2030
-455
-1197
-2638
-2648
-2271
-2274
-1728
-135
1147
1133
668
793
307
-1117
-1430
-327
753
1478
2919
4699
6401
8568
9509
8670
8309
9492
10863
11985
12944
15048
16977
13702
8861
5572
1237
-4621
-8005
-8245
-8555
-8590
-7015
-5845
-7533
-10344
-12054
-12525
-13541
-13679
-11199
-7636
-5455
-3502
-1232
-1163
-2294
-2604
-2616
-2989
-2735
-1233
811
1897
1904
1985
1769
378
-860
-710
-1
637
2179
4256
5873
8203
9819
9160
8096
8338
9270
10032
11015
12671
15737
15828
11795
7699
4389
-834
-6149
-8011
-8634
-8738
-7216
-5090
-5668
-8368
-10627
-11852
-13613
-15365
-14318
-10662
-8054
-5872
-2575
-707
-1450
-2167
-2494
-3227
-3465
-2366
-152
1678
2478
3147
3625
2690
683
-304
-86
-18
655
2603
4552
6904
9512
9709
8348
7995
8673
9075
9267
10258
13060
15837
14214
10324
7494
4037
-1486
-5469
-7385
-8994
-8757
-6410
-5398
-7131
-9171
-10318
-11628
-14083
-15287
-13703
-10886
-8422
-5302
-2537
-1569
-1233
-928
-1612
-2816
-3042
-1747
-237
800
1797
3078
3613
2556
1283
734
383
312
1186
2603
4127
6841
9241
9244
8232
8355
9161
9165
9135
10283
13523
15403
13001
10280
8299
4336
-1191
-4122
-6312
-8478
-8497
-6149
-6120
-8046
-8987
-9657
-11593
-14221
-14623
-13129
-11225
-9380
-6437
-3646
-2502
-1592
-644
-1459
-2481
-2025
-791
-192
119
1614
3146
3263
2576
2309
2062
1512
1204
1672
2277
3570
6374
8107
7931
7415
8475
9239
8705
8598
10263
13311
13414
11184
9394
7369
3374
-864
-3592
-5838
-7766
-7229
-5747
-7116
-8986
-9793
-10198
-12324
-14407
-14377
-13037
-11878
-10035
-7418
-5272
-3818
-2421
-1663
-2179
-2294
-1151
580
1263
1830
2876
3263
2522
1604
1350
1357
1631
2627
3955
4521
5345
7096
7659
6257
5083
6165
7427
7522
8822
11735
14526
14620
12809
10548
7750
3870
-350
-2772
-4640
-5957
-4954
-3656
-5327
-7622
-8538
-10078
-12640
-14387
-14590
-13698
-12261
-10092
-7778
-6000
-4427
-2961
-2295
-2370
-2192
-1380
-620
-107
592
1598
2559
3093
3227
3203
3112
3065
3159
3311
3256
3401
4255
5618
5972
5392
5593
6740
7469
7579
8452
10397
12244
12251
11104
9312
7294
4338
1277
-1056
-3079
-4429
-3788
-3761
-5683
-7497
-8732
-10373
-12630
-13960
-14169
-13551
-12161
-10303
-9021
-7591
-5713
-4294
-3844
-3632
-2966
-1900
-1033
-275
614
1598
2554
3222
3536
3539
3491
3648
3869
3839
3541
3590
4313
5363
5671
5237
5247
6130
6530
6699
7632
9279
11155
11795
11432
9964
8120
5955
3166
502
-1402
-3031
-3090
-2873
-4355
-6188
-7093
-8717
-10953
-12598
-13534
-13647
-12783
-11280
-10178
-9060
-6903
-5304
-4800
-4430
-3808
-3020
-2259
-1313
-313
745
1981
3087
3777
4029
4220
4511
4599
4284
3881
3701
3963
4694
5201
5003
4787
5257
5832
5700
6112
7279
9042
10255
9970
9197
8253
6934
4733
2588
945
-823
-1588
-1308
-2331
-4342
-5273
-6346
-8593
-10437
-11604
-12508
-12551
-11638
-10724
-9947
-8323
-6618
-5877
-5325
-4725
-4041
-3319
-2539
-1626
-630
707
2082
3123
3824
4362
4843
4983
4758
4403
4069
3753
3758
4147
4248
3927
3929
4378
4619
4692
5222
6158
7430
8525
8621
7857
7186
6731
5458
3725
2495
1580
888
294
-585
-2073
-3505
-4586
-6131
-8045
-9468
-10216
-10454
-10101
-9856
-9745
-9049
-7913
-7106
-6787
-6259
-5377
-4500
-3487
-2504
-1513
-351
946
2134
2982
3629
4201
4684
4827
4606
4180
3716
3301
2972
2739
2406
1989
1989
2381
2664
2730
3235
4094
4813
5470
5631
5384
5400
5601
5296
4497
4090
3954
3170
2451
1958
863
-587
-1374
-2635
-4435
-5577
-6017
-6811
-7551
-7501
-7558
-7764
-7490
-6968
-6792
-6372
-5448
-4684
-4105
-3098
-1913
-1110
-254
754
1451
2024
2655
3014
2977
2816
2546
1918
1142
507
-6
-375
-482
-383
-178
180
748
1176
1370
1801
2377
2886
3533
4165
4624
5089
5615
5806
5641
5560
5352
4799
4243
3622
2728
1854
1205
237
-1006
-1902
-2782
-3794
-4554
-5096
-5665
-5905
-5619
-5411
-5266
-4639
-3946
-3504
-3005
-2370
-1890
-1345
-713
-382
-180
64
80
-214
-494
-761
-1181
-1492
-1627
-1851
-1957
-1769
-1570
-1430
-1065
-494
-40
444
1024
1550
2089
2765
3433
4033
4772
5429
5875
6179
6361
6219
5957
5574
5036
4484
3859
3100
2411
1839
1010
233
-405
-1170
-1823
-2263
-2688
-3059
-3217
-3227
-3249
-3056
-2861
-2765
-2680
-2651
-2802
-2992
-3027
-3198
-3359
-3368
-3324
-3293
-3279
-3230
-3237
-3260
-3172
-3082
-2997
-2747
-2389
-2022
-1584
-1075
-581
-8
664
1244
1790
2405
2955
3379
3850
4244
4585
4897
5062
5111
5161
5186
5029
4842
4642
4366
3915
3549
3104
2511
2045
1654
1206
652
264
-79
-539
-1057
-1481
-1888
-2259
-2543
-2875
-3123
-3299
-3508
-3672
-3784
-3939
-4196
-4234
-4154
-4170
-4097
-3919
-3801
-3734
-3603
-3429
-3142
-2745
-2369
-2022
-1557
-1036
-590
-220
196
636
983
1336
1711
2028
2304
2647
2943
3155
3399
3540
3726
3949
4019
4061
4196
4290
4253
4266
4190
3992
3794
3560
3147
2654
2301
1915
1452
965
510
26
-534
-1021
-1498
-1955
-2283
-2619
-2937
-3144
-3362
-3620
-3765
-3800
-3850
-3856
-3770
-3640
-3485
-3306
-3130
-2945
-2691
-2434
-2243
-1995
-1686
-1433
-1145
-884
-595
-277
-57
168
411
670
879
1106
1416
1672
1958
2295
2519
2721
2941
3106
3232
3296
3472
3547
3486
3519
3509
3381
3178
3012
2732
2351
2058
1745
1400
1023
643
261
-178
-570
-955
-1293
-1563
-1812
-2088
-2393
-2651
-2872
-3005
-3137
-3289
-3365
-3400
-3431
-3347
-3243
-3171
-3054
-2902
-2734
-2512
-2314
-2162
-1920
-1666
-1386
-1078
-763
-434
-156
113
364
548
757
1010
1196
1378
1576
1758
1911
2037
2187
2335
2487
2625
2738
2826
2896
2950
2974
2991
2928
2859
2751
2663
2516
2299
2106
1819
1410
1087
707
271
-134
-549
-902
-1218
-1496
-1809
-2140
-2442
-2659
-2792
-2841
-2905
-3003
-2984
-2856
-2795
-2703
-2517
-2332
-2126
-1957
-1756
-1537
-1325
-1134
-966
-722
-465
-318
-170
3
134
260
401
581
729
848
994
1111
1217
1366
1532
1689
1908
2056
2124
2304
2438
2481
2503
2490
2531
2477
2369
2297
2202
2110
1912
1660
1458
1190
866
537
161
-162
-401
-703
-975
-1196
-1391
-1553
-1714
-1897
-2045
-2195
-2305
-2357
-2410
-2449
-2468
-2404
-2298
-2165
-2052
-1876
-1724
-1631
-1537
-1388
-1200
-1058
-903
-772
-603
-416
-236
-25
146
294
452
591
728
824
915
1026
1108
1221
1310
1468
1570
1630
1720
1717
1740
1791
1823
1778
1708
1693
1629
1581
1499
1391
1294
1177
1049
847
658
443
150
-118
-311
-597
-874
-1075
-1303
-1544
-1695
-1788
-1943
-2028
-2071
-2188
-2159
-2084
-2034
-1879
-1755
-1630
-1463
-1307
-1105
-895
-724
-546
-329
-142
21
188
363
497
631
787
887
925
989
1075
1098
1171
1207
1241
1219
1218
1290
1265
1312
1273
1276
1321
1281
1294
1177
1174
1094
953
934
824
741
620
451
347
195
22
-123
-269
-458
-635
-790
-934
-1020
-1157
-1230
-1319
-1410
-1450
-1523
-1540
-1526
-1563
-1540
-1402
-1350
-1307
-1204
-1089
-951
-803
-694
-582
-432
-276
-158
-40
109
261
375
488
587
670
746
799
849
885
919
963
1000
1019
1041
1026
1012
994
938
909
884
855
811
769
775
755
723
685
638
590
538
452
361
279
186
104
-67
-190
-265
-367
-450
-478
-423
-1291
-2436
-2654
-2907
-3180
-2186
-856
-144
1068
2233
1834
1126
696
-608
-1949
-2138
-2058
-1923
-618
890
1352
1917
2337
1496
382
-263
-1269
-2290
-2077
-1585
-1286
-175
1053
1430
1649
1881
1197
233
-148
-686
-1249
-1000
-400
-78
580
1532
1642
1692
1553
-395
-1821
-2006
-2995
-3331
-1577
-273
476
2429
3454
2824
2460
2013
482
-817
-868
-910
-897
412
1685
1990
2398
2547
1507
267
-575
-1723
-2553
-2375
-2003
-1625
-690
289
523
437
349
-251
-1205
-1415
-1288
-1275
-849
-1048
-993
-373
-451
-874
-493
-168
-448
81
709
616
919
1553
1411
999
1261
1002
341
541
778
443
462
946
832
681
922
801
400
335
271
-71
12
266
177
171
420
407
140
59
-71
-557
-875
-879
-973
-935
-559
-315
-302
-224
-263
-491
-714
-789
-808
-827
-554
-216
105
316
537
749
109
-860
-1182
-1316
-1685
-1478
-1140
-955
-576
39
522
689
934
952
832
816
707
443
405
608
584
654
857
874
991
1093
1056
822
623
361
24
-114
-83
7
191
432
640
739
763
551
205
-144
-614
-1028
-1099
-1128
-1060
-590
-281
-226
-162
-192
-487
-798
-832
-1038
-1259
-993
-739
-688
-348
-70
-268
-412
-578
-894
-1094
-980
-917
-888
-480
-99
50
453
781
689
637
676
553
466
579
713
846
957
1053
961
790
795
671
550
564
599
673
829
994
1014
1091
1128
884
791
756
507
350
384
218
-33
18
-108
-505
-469
-484
-930
-1153
-1072
-1326
-1572
-1297
-1167
-1339
-1132
-942
-1144
-1209
-1106
-1263
-1380
-1141
-1074
-1012
-583
-178
60
256
464
517
496
478
479
563
674
945
1310
1468
1562
1712
1479
1058
1021
841
627
830
1092
1234
1408
1683
1611
1461
1414
1230
912
660
499
431
481
413
220
-15
-252
-586
-986
-1453
-1800
-1942
-1990
-2115
-2223
-2108
-2154
-2221
-2436
-3191
-3393
-2685
-2247
-1651
-724
-570
-900
-1042
-1543
-2297
-2163
-1319
-372
974
2500
3059
3040
2880
1922
901
578
590
1026
2181
3544
4371
4697
4556
3443
2248
1339
416
164
812
1612
2234
2884
2895
2133
1272
127
-1149
-2074
-2194
-2179
-1994
-1585
-1589
-2006
-2599
-3428
-4522
-5251
-5526
-5506
-4954
-4169
-3621
-3104
-2649
-2695
-2942
-2860
-2561
-2108
-1255
-124
973
1687
2136
2385
2146
2031
2143
2199
2672
3379
4020
4612
4883
4889
4645
4349
4140
3883
3894
4141
4259
4487
4781
4443
3777
3238
2614
1759
1119
728
335
-154
-469
-1063
-2036
-2901
-3827
-4834
-5596
-5974
-6265
-6341
-6216
-6111
-6178
-6272
-6274
-6281
-6272
-5890
-5167
-4282
-3552
-2594
-1593
-1006
-519
31
341
624
1228
1810
2256
2725
3255
3641
3874
4147
4168
3927
4096
4514
4848
5213
5766
6348
6823
7112
7506
7362
6668
5960
5292
4848
4359
3761
3268
2575
1473
653
-712
-2634
-3884
-5236
-6477
-7397
-8006
-8521
-8791
-8823
-9255
-9797
-9675
-9227
-9010
-8412
-7435
-6686
-5632
-4420
-3677
-3116
-2200
-1133
-361
519
1704
2551
3194
3784
3906
3838
4036
4185
4391
5136
5862
6082
6186
6663
7004
7004
7302
7904
8507
9494
10058
9270
8127
7318
6471
5205
3739
2834
2128
1553
868
-868
-3332
-5406
-7125
-8825
-10670
-11785
-11766
-11575
-11449
-11394
-11545
-11653
-11368
-10965
-10425
-9253
-7320
-5324
-3870
-2514
-1300
-572
137
937
1711
2815
4053
5047
5490
5552
5544
5247
4840
5084
6095
6995
7567
8104
8773
9208
9506
9961
10574
11351
11345
10399
9347
8947
7930
6501
4994
3736
2365
1436
102
-2250
-4906
-7174
-9172
-11038
-12677
-13677
-14047
-14115
-13914
-14089
-14474
-14350
-13439
-12326
-11236
-9717
-7608
-5398
-3570
-2220
-1120
40
1416
2636
3658
4838
5957
6621
6749
6266
5643
5334
5626
6754
7436
7690
8220
9125
9453
9554
10092
11709
12470
11224
10097
9559
8832
7614
6169
5010
4049
2853
2063
-57
-3392
-6296
-8226
-10529
-12436
-13912
-14430
-14108
-14185
-14460
-15253
-15944
-15048
-13586
-12548
-10816
-8389
-5893
-3804
-2511
-1619
-495
963
2575
3799
5116
6552
7468
7499
6641
5619
4963
4708
5554
6707
7010
7247
7830
8343
8442
8579
9835
12022
11748
10200
9707
9148
8157
6586
5511
4925
3730
3228
2359
-1094
-4404
-6294
-8720
-11651
-13094
-13800
-13630
-13599
-13794
-14742
-15985
-15358
-13931
-12945
-11584
-9065
-6236
-3941
-2585
-1554
-701
714
2655
3907
5045
6815
8142
8026
6974
5922
5115
4590
4868
6174
6969
7192
7624
7934
7781
8028
9287
11893
12572
10902
9656
9107
8414
6763
5115
4483
4110
3131
2271
-435
-4536
-7034
-8901
-11179
-13199
-14125
-13940
-13444
-13643
-14675
-15770
-15441
-14029
-12659
-11263
-9076
-6192
-3643
-2091
-1394
-681
590
2390
3828
4803
6313
7729
7746
6494
4902
3940
3572
3826
5251
6551
6955
7149
7495
7626
7991
9311
11293
12496
11474
10098
9148
8275
6354
5204
4219
3320
2155
1209
-1094
-4497
-7035
-9163
-11384
-12836
-13511
-13867
-13419
-13324
-13667
-14323
-14396
-13524
-11850
-10265
-8043
-5502
-3166
-1463
-754
-499
217
1732
3343
4622
5666
6801
6985
5721
4089
2898
2664
3346
4793
6502
7267
7401
7394
7705
8162
9850
12535
14035
12832
10845
9539
8546
6594
4437
4453
3962
2500
971
-939
-4780
-7895
-9948
-11467
-13051
-13519
-13215
-12737
-12965
-13320
-13325
-13678
-13061
-11125
-8975
-7005
-4539
-2186
-687
-348
-492
121
1534
2890
4258
5330
6065
5968
4470
2567
1645
1823
2966
4801
6712
7700
7428
7384
8219
9066
11033
12764
13335
12671
10686
8988
7705
5021
4054
3898
2236
637
-1186
-3162
-5753
-8674
-10765
-11710
-12533
-12577
-12568
-12887
-12459
-11644
-11851
-12423
-11552
-9154
-6794
-5017
-3113
-1281
58
175
-275
-139
1150
2920
4057
4295
4363
4114
2802
1078
401
1129
2764
4530
6235
7312
7266
7466
8377
10024
12861
14370
13948
12341
10374
8817
6862
4435
3861
3707
2069
-226
-2885
-5231
-7553
-9621
-11148
-11963
-12153
-11689
-11798
-12491
-12460
-11310
-10717
-10849
-9875
-7459
-4882
-3391
-2185
-653
292
646
591
304
994
2714
4026
3649
2574
2223
1815
470
-515
422
2437
4023
5153
6369
7140
7765
9200
10725
13623
16804
15789
12090
9159
8259
8181
6121
3961
4103
2130
-1036
-4119
-6878
-9097
-10420
-10415
-10378
-11779
-12085
-11453
-11688
-12183
-11629
-9878
-8679
-7937
-6563
-4665
-2891
-1416
-165
547
871
1112
738
546
1578
2723
2764
1682
655
127
-611
-1112
-463
928
2684
4072
5321
6548
7277
9214
11485
13121
16647
17308
13017
9507
8189
8192
7407
4328
3411
2629
-1219
-4962
-7837
-9737
-10353
-9763
-9268
-10675
-12077
-11553
-11043
-11185
-10626
-8794
-6753
-5670
-5439
-4723
-2814
-655
1132
1370
1272
1792
1312
179
-12
1071
2123
1480
-240
-1504
-2069
-2372
-2146
-713
1288
2864
4427
5903
7043
9023
11962
13541
16291
18920
15450
9738
7087
8135
9024
5600
2378
2546
-968
-6023
-9371
-11118
-11500
-10286
-8867
-9628
-12431
-12778
-10886
-10022
-9770
-7845
-4915
-2964
-3565
-4500
-3000
154
2542
2648
2090
1970
1153
-20
-511
254
1372
1160
-277
-2339
-4020
-3909
-2677
-1327
751
2809
4592
6037
7030
9199
12794
14810
17294
20407
15674
8997
6201
7730
9556
6233
1803
1405
-2661
-8144
-11565
-12630
-11851
-10555
-8838
-9204
-12822
-13405
-10729
-8555
-7906
-6731
-3573
-1285
-2718
-4316
-2441
1369
3799
3936
2830
1825
181
-1179
-770
305
1253
1020
-836
-3125
-4906
-4668
-2709
-940
1067
3132
4585
6024
7231
9878
13832
15721
18207
20453
14800
7185
5197
8120
10438
5984
1218
289
-5050
-9574
-12071
-13206
-11082
-8873
-8492
-10004
-13503
-13123
-9618
-7540
-6890
-5483
-2541
-1474
-3605
-4857
-2334
2582
5028
3680
2053
874
-854
-1692
-536
1111
1665
550
-1728
-4282
-5569
-4322
-1805
56
1509
3031
4583
5896
7272
10893
14977
16541
18975
19247
12678
6032
4622
8917
10778
5447
459
-1714
-6404
-10811
-12647
-12152
-9814
-8397
-8996
-11281
-14106
-12914
-8478
-5330
-5571
-4740
-2192
-1953
-4323
-4677
-307
4519
5299
3341
1347
-287
-1716
-1589
305
1951
1713
-529
-3496
-5569
-5639
-3244
-501
655
1250
2170
4276
6202
8109
11909
15627
16764
18741
18352
11695
5324
4939
9433
10845
4487
-1008
-2657
-7299
-11787
-12458
-11521
-9823
-8626
-9835
-12022
-14024
-12211
-6998
-4778
-5684
-4581
-2199
-2052
-4106
-3951
814
5260
4660
2434
938
-335
-973
-553
593
1639
1276
-715
-3667
-5901
-4834
-1621
156
331
797
2743
5410
7168
9269
12961
15912
17224
18814
15864
9110
4639
6845
10600
9264
2490
-1431
-3906
-8991
-11915
-11672
-10398
-8681
-8911
-11019
-12948
-13626
-10598
-6020
-4925
-5736
-4767
-2834
-2522
-4140
-3014
1994
4772
3283
962
-541
-1029
-576
921
2552
943
-1274
-1202
-3296
-5247
-3006
-9
1014
76
-131
3242
6410
7957
11013
14409
15800
17152
17858
14533
6647
3121
8604
11539
7080
-504
-2870
-3175
-7444
-11502
-11273
-9510
-8813
-10668
-12403
-12654
-12207
-8864
-4763
-4816
-6591
-5542
-2958
-2683
-4572
-3099
2904
5239
2051
190
681
411
-500
102
2096
2038
-851
-2891
-3122
-3236
-2673
-316
1219
788
562
2943
6666
8431
9961
13468
15745
17257
16556
11209
5434
5068
8792
11664
6548
-855
-2501
-3451
-7269
-10961
-10961
-7455
-5797
-9514
-12874
-12950
-11563
-8668
-6668
-6754
-6828
-5915
-4373
-3981
-4957
-2825
2230
4488
2015
-436
47
1141
858
965
2705
3347
867
-2026
-3165
-2445
-681
470
698
841
1221
2806
5124
6671
8837
11628
12702
13031
12127
9214
5397
4520
8092
11024
6923
1155
-393
-364
-2837
-6653
-7134
-3956
-2915
-6472
-10232
-10481
-8673
-7411
-7807
-7812
-6875
-6521
-6637
-6631
-6110
-4222
-1184
876
745
-281
-561
111
529
510
865
1473
1395
322
-1334
-1958
-856
454
514
-6
185
1272
2636
3110
3990
5641
6258
5827
5349
6078
6744
5474
5026
6327
7093
6013
3598
2750
3747
3921
3134
1785
83
-428
-568
-1958
-3312
-3842
-4003
-4429
-5740
-7018
-6585
-5554
-5442
-5897
-6030
-4995
-3797
-3654
-3876
-3153
-1592
-958
-1618
-2538
-2520
-1553
-1303
-2014
-2024
-1242
-993
-1738
-2366
-1545
-97
311
-57
558
1457
1377
1456
2093
3083
4062
4710
5739
5821
5627
6125
5764
5493
6176
6906
6790
5468
4056
4348
4795
3789
2093
938
754
549
-838
-2262
-2699
-2363
-2514
-3508
-4343
-4351
-3970
-4055
-4497
-4669
-4268
-3911
-4048
-4576
-4803
-4209
-3468
-3427
-3700
-3688
-3378
-3135
-3086
-2848
-2352
-1868
-1449
-1194
-1043
-860
-510
359
1166
1727
2148
2535
2967
3048
3233
3762
4208
4609
5032
5150
5037
4618
4488
4686
4384
4076
3965
3773
3325
2840
2307
1960
1511
1127
1031
297
-385
-396
-847
-1901
-2435
-2302
-2515
-3072
-3574
-3981
-4035
-4011
-4107
-4103
-4169
-3991
-3501
-3584
-3454
-3044
-2706
-2523
-2695
-2133
-1430
-1437
-1322
-626
-634
-729
115
207
-180
594
1618
1617
1235
1890
2534
2199
2331
2864
3008
2813
2910
3540
3264
2705
3218
3718
3470
2467
3014
3599
2349
2474
2511
1831
1442
801
1251
592
-477
92
-727
-1538
-1308
-1861
-2018
-2302
-2811
-2929
-3115
-3244
-3225
-3333
-3286
-3074
-3205
-3468
-3487
-2743
-2352
-2688
-2044
-2033
-2069
-946
-1092
-1250
113
180
-294
1053
1954
1039
1093
2366
1800
490
858
4176
4702
669
1602
5498
3681
1292
3895
5153
2760
1628
2934
3130
2103
2094
2443
1363
115
-239
46
-318
-1795
-1821
-2185
-2708
-2895
-4126
-4349
-3557
-3275
-3722
-4423
-4432
-4049
-3908
-4458
-4027
-3023
-3616
-3282
-2032
-2488
-2985
-870
607
-568
571
1859
1064
2538
3247
2574
3820
4272
4483
4462
4952
5838
6080
6761
6638
5776
6756
6763
5697
6495
6484
4896
3162
2766
1583
-180
-49
51
-2365
-5172
-5155
-5413
-7294
-7976
-8080
-8505
-8401
-8570
-9237
-8957
-7824
-6921
-6155
-5919
-5734
-4686
-3672
-3562
-3050
-1834
-750
-325
-59
788
1591
2278
3391
4489
5286
6772
7381
7517
7810
6869
8319
11229
10906
10469
11898
11867
11431
13555
12078
4731
1079
2800
2898
1235
-1731
-3536
-4888
-7978
-9565
-10668
-11844
-11250
-9675
-8936
-10084
-11294
-9975
-7600
-6443
-6969
-7262
-6192
-5410
-4721
-3490
-2760
-2573
-2235
-2010
-2045
-1925
-1182
-299
85
59
210
678
883
1234
2363
3876
5446
7707
10041
10992
11262
12354
13256
14061
15500
17022
18186
14441
6307
2740
5448
4600
-1334
-4384
-4472
-7226
-9014
-9006
-12351
-14093
-9867
-7374
-10807
-12725
-9240
-5353
-4742
-4891
-5255
-5765
-3916
-1810
-2273
-3444
-2454
-1071
-1317
-1924
-2250
-2329
-1822
-1334
-1528
-1726
-1521
-751
336
900
869
1566
4033
7111
9735
11208
11965
13301
15060
15960
16494
17623
18264
15402
7267
-46
494
1748
-993
-4865
-8228
-10870
-11010
-10294
-12268
-14005
-11697
-8208
-7940
-8988
-8031
-5165
-2808
-1661
-1649
-2393
-2379
-1319
-1085
-2015
-2346
-1769
-1776
-3037
-4333
-4481
-3762
-3281
-3357
-3375
-2675
-1320
-1
953
1468
2240
4457
7898
11461
13301
14218
15891
17517
16526
14468
15719
18749
14393
2570
-3675
-1707
-4465
-7385
-6657
-10224
-14808
-10952
-8422
-13009
-13901
-8049
-4047
-4493
-4599
-3589
-2759
-813
1525
683
-1812
-2136
-969
-1558
-3213
-3934
-3742
-3965
-4868
-5586
-5528
-4949
-4177
-3458
-2766
-1862
-458
1598
3206
3755
4315
6356
10006
13936
16120
15846
15451
15448
14120
13432
14612
16608
10090
-2361
-6135
-5070
-8061
-9713
-9024
-10459
-10374
-7414
-8563
-10951
-8855
-4682
-1324
-308
-2469
-2462
-303
-872
-1514
-1014
-2177
-3321
-3256
-3942
-5268
-5562
-5040
-5066
-5464
-5476
-4967
-4183
-3611
-2869
-1689
-12
1815
3370
4620
5411
5719
7187
10331
13833
15964
15690
14731
14698
12849
10716
11903
14317
9661
-4047
-9101
-6427
-7705
-7121
-6717
-10218
-9508
-4224
-4643
-9665
-9312
-2205
2226
1585
-1321
-2688
-1472
-906
-1884
-3473
-4813
-4655
-3952
-5116
-7319
-7722
-6262
-4947
-4783
-5144
-5022
-4169
-3078
-2021
-748
996
3051
4551
5117
4867
4907
6476
9325
12349
14495
15044
13890
13026
10648
7712
8504
12982
11624
54
-7606
-6126
-5925
-8241
-8389
-8371
-7679
-3690
-1217
-6685
-9459
-3403
1452
1085
-541
-2459
-3552
-2402
-2007
-4516
-6198
-5196
-3816
-5426
-7676
-7703
-5914
-4163
-3627
-4019
-4029
-3323
-2350
-1784
-1212
79
2192
4026
4603
4347
4305
5717
8066
10708
13946
15520
14245
12358
9620
7004
7806
11911
14540
6431
-6282
-9614
-7302
-7493
-6906
-6665
-5968
-3818
-2265
-5264
-9153
-6126
1211
3439
327
-2876
-4420
-4317
-2851
-3329
-5698
-5979
-4573
-5004
-8135
-9105
-6129
-2781
-2386
-3570
-4219
-3732
-2630
-1791
-1241
192
2888
5121
5179
4069
4437
6266
7825
9890
12705
13879
12597
11364
9037
7101
8892
11861
12641
4294
-4365
-5595
-6674
-8355
-4873
-3057
-5572
-4600
-1953
-5997
-8162
-3457
711
883
-726
-2472
-3648
-3691
-3210
-4012
-5894
-5993
-4759
-6237
-8466
-7380
-4797
-3454
-3768
-4110
-4173
-3494
-2518
-2148
-1912
-223
2737
4503
4136
3922
5152
6576
7549
9888
13200
13811
11953
11006
9979
8496
8054
10487
11161
1583
-6207
-5977
-5784
-8224
-6600
-5328
-5513
-2701
-39
-3854
-7828
-3800
2591
2747
-1230
-2275
-1928
-3550
-4560
-5806
-7137
-6124
-4305
-5826
-8553
-8078
-4507
-2379
-3377
-4264
-3769
-3174
-3199
-3086
-2042
-176
2925
5095
4479
3524
4669
7199
8293
9146
11672
12630
11135
9771
8753
7713
8223
10681
12044
5157
-2906
-4485
-5652
-7693
-5631
-4033
-5111
-3346
-201
-2039
-5603
-4746
-988
2188
1848
-1144
-3420
-4104
-4347
-5158
-6714
-6462
-4417
-4206
-6825
-8831
-7075
-3655
-2793
-4024
-4840
-4386
-3810
-3358
-2622
-882
2215
4847
5064
3841
4516
7289
8619
8740
10169
11380
9942
8712
9213
8909
9749
10947
10501
5187
-1676
-5061
-6577
-8179
-6754
-2911
-3028
-3683
-615
-110
-3565
-3638
25
2494
1350
-1065
-2399
-3685
-5079
-5496
-6040
-6228
-5348
-4952
-6719
-8262
-7019
-4195
-3157
-3896
-4365
-4138
-4028
-3746
-2654
-728
1931
4259
4828
4269
4548
6328
7630
7499
8478
10510
9540
6956
7541
9878
10595
11047
9818
6222
1017
-1911
-3258
-6291
-9559
-5698
-1441
-3113
-3356
-28
-878
-4179
-2905
906
1944
1144
-689
-3170
-5786
-5839
-5104
-6308
-6547
-4885
-4721
-6553
-7586
-5988
-4382
-4280
-4580
-4517
-4382
-3792
-2567
-1220
63
2057
4066
4666
4507
5089
6706
7310
7198
8871
10164
8324
6948
8256
8768
10373
12257
9790
3936
-929
-3419
-5404
-8471
-7773
-2246
-3356
-3924
1602
2947
-1735
-3520
-807
1373
640
-629
-1362
-3108
-4631
-5072
-6226
-7476
-6111
-4690
-6409
-8309
-6873
-4061
-3541
-4435
-4522
-4343
-4588
-4102
-2728
-1131
764
3000
4417
4185
4353
6677
7765
6802
7826
9788
8872
6949
8543
10290
10193
11258
7837
2222
211
-1121
-4491
-6570
-6744
-3676
-1632
-2531
-1181
1284
774
-2129
-984
2091
2327
240
-1582
-3407
-5384
-5327
-5426
-7616
-7663
-5730
-5666
-7314
-7560
-5645
-4157
-4400
-5075
-5006
-4226
-3199
-2082
-895
721
2545
3659
3504
3960
6476
7895
7219
7784
9847
9387
6851
5869
7376
10333
12465
8641
4497
2327
-476
-4371
-8157
-8677
-4267
52
-796
-1023
1222
1836
-247
-1688
316
2528
1408
-2042
-4299
-4978
-5391
-5267
-6314
-7382
-6063
-4725
-5858
-7615
-6758
-4502
-3543
-4389
-5279
-5222
-4236
-2793
-1861
-906
993
3230
4080
3870
5243
7737
8315
8212
9293
9024
7410
6124
6121
8226
12900
10899
1695
-1855
710
-474
-8042
-8538
-792
1988
-2030
-1078
2510
1359
-1021
-879
407
975
1763
1266
-1827
-5475
-6285
-4741
-5306
-7412
-7215
-5563
-6015
-7098
-6624
-4996
-4147
-4461
-5273
-5798
-4956
-2760
-1433
-1130
137
2426
3262
2423
3769
7405
8367
7508
8481
8708
6632
4918
5005
7796
12387
14554
5813
-2748
481
4681
-496
-8520
-9276
-2393
2405
1046
-124
-237
1444
1157
-321
323
2525
4210
293
-6557
-7864
-4037
-2720
-6846
-9355
-7334
-5479
-6457
-7296
-5972
-4209
-3702
-4931
-6637
-7098
-4748
-1712
-1230
-1711
-357
2171
3694
4140
5658
7953
8397
7701
9183
9393
6692
5129
6424
9429
12765
9444
-835
-4281
914
349
-5620
-7578
-3423
2626
2772
-355
-150
1885
1686
1470
2303
2010
2288
2341
-1454
-6749
-7137
-4191
-4005
-8018
-10233
-7221
-4548
-5294
-7308
-7096
-4394
-2594
-3929
-6422
-6281
-3304
-1255
-1631
-1710
559
3208
3234
2527
5258
8572
8745
9210
10268
7568
4355
6152
10168
12824
13531
4785
-4541
-2405
3155
66
-6165
-6333
-2884
624
123
-2247
263
3821
2975
1706
2716
2914
2505
2117
-2640
-7742
-6456
-3382
-5072
-9439
-9646
-6488
-5798
-8087
-8604
-6261
-3714
-3868
-6219
-7594
-5932
-2267
-249
-1002
-1527
194
2790
2925
3193
6290
9144
9842
9304
8157
5339
3518
5978
9962
13657
13306
4945
-2208
-637
3108
-1657
-5552
-5587
-2797
1148
3092
359
-705
2090
3818
2120
468
2630
4499
2023
-3396
-6741
-5974
-3699
-6175
-9713
-8976
-6173
-5665
-7909
-8660
-6519
-3776
-3888
-6625
-8175
-5791
-2362
-1328
-1937
-1275
1001
2953
2935
3872
6872
8861
9301
9775
8275
5773
6020
7708
9182
12370
11373
1447
-3724
446
2721
-1675
-5385
-5814
-2021
2457
2081
-397
959
3373
3082
2188
1964
3347
4447
1480
-3337
-5667
-4771
-3916
-7015
-10115
-8946
-6704
-7382
-8921
-8535
-6266
-4356
-4557
-6373
-7297
-5319
-2314
-1079
-1832
-1859
-269
1567
1752
2594
6017
8215
8009
8045
8375
6724
5712
7799
10651
13276
11668
3977
-1030
1357
4955
1342
-4089
-4413
-2120
-783
-259
-688
-470
2884
3854
820
-205
2434
5347
4130
-1478
-5757
-4240
-2628
-6410
-9942
-8351
-5959
-7287
-10540
-10293
-7062
-4363
-5040
-7956
-8735
-6206
-3148
-2220
-2235
-1201
430
1272
959
2502
6363
8933
8632
7962
7954
7074
7235
9665
11605
13097
10798
1618
-2428
2339
5655
1173
-4111
-4684
-2385
-818
-852
35
3566
4881
2355
20
156
3224
6193
4043
-1717
-5536
-4945
-3298
-5137
-8672
-8744
-6870
-7622
-10542
-10767
-7770
-4881
-5589
-8538
-9392
-6876
-3432
-1927
-2306
-2274
-853
623
889
1865
5323
8413
8578
8039
7701
6711
6869
8945
11543
13037
11210
3154
-1922
1782
7396
5386
-1083
-5279
-3469
-1
642
-629
1051
4636
3464
436
53
2733
5200
5335
1135
-3126
-4441
-2554
-2435
-6196
-9330
-8558
-7279
-9273
-10942
-9884
-6841
-5689
-7617
-9733
-8749
-5724
-3262
-2840
-3801
-3309
-973
577
822
2744
6325
8380
7985
7059
6541
6773
8552
11163
11762
12121
9020
3088
1005
5312
7205
1844
-3079
-3834
-544
1291
-797
-2412
3112
5201
2101
1096
1399
1820
5289
5098
-316
-2918
-1504
-1640
-5525
-9027
-9502
-6908
-7040
-10865
-11893
-8937
-7014
-7817
-9510
-9732
-7631
-4856
-4021
-4833
-4374
-2180
-2
368
687
3347
6847
8264
8281
7644
6977
7302
9696
12176
14038
11741
4493
1022
3727
7923
5752
773
-1893
-1324
-173
-682
-1009
1732
4693
2713
-784
-706
2418
4844
5144
2410
-919
-1772
-1602
-2588
-4946
-7827
-8094
-6963
-8474
-11420
-11510
-8886
-7836
-8930
-10046
-9685
-8044
-6222
-5384
-5002
-4179
-2837
-1636
-617
1186
4193
6881
7572
7106
6887
7307
8716
10650
12339
13813
11830
6219
3173
5627
6908
5081
3559
1651
-250
-1338
-1131
617
3331
3444
1861
1079
202
130
2851
4878
3300
399
-1476
-2646
-3653
-4620
-5826
-6153
-6606
-7944
-9635
-10416
-10279
-9570
-9020
-9438
-9861
-9563
-8827
-7769
-6235
-5081
-4269
-3153
-1672
373
2683
4331
5633
7020
7963
7864
7981
9213
10884
12591
11706
8038
5541
5758
7281
6586
3872
1198
1528
2569
1617
339
1420
2826
2390
1847
1465
1348
1554
2203
2038
1375
-211
-1716
-1968
-2672
-4713
-6182
-6232
-6219
-7030
-8407
-9467
-9615
-9368
-9742
-10029
-9948
-9412
-8535
-7508
-6838
-6308
-5099
-3589
-1875
16
1619
3291
5173
6167
5991
5883
6878
8767
10586
11553
10341
8720
8140
8084
6813
5373
4868
5078
5539
5038
3894
3335
3365
2555
2074
2290
2785
2762
2725
2096
966
-177
-1191
-1677
-1985
-2400
-3129
-3991
-5235
-6519
-7515
-7871
-8099
-8212
-8578
-9099
-9646
-9744
-9657
-9585
-9419
-8746
-7759
-6909
-6265
-5553
-4465
-3075
-1690
-472
762
1757
2674
3743
5008
5979
7062
8165
8784
9185
9438
9824
10066
10245
9954
9645
9595
9580
9206
8668
8081
7287
6607
5787
4895
3785
2973
2110
1328
336
-799
-1742
-2330
-2809
-3737
-4736
-5807
-6547
-7101
-7861
-8619
-9181
-9731
-10213
-10710
-10945
-11107
-10950
-10600
-10444
-10491
-10323
-9530
-8516
-7552
-6520
-5584
-4602
-3192
-1528
56
1300
2473
3904
5442
6831
7942
9104
10708
11747
12396
12732
13107
13404
13441
13350
12986
12524
12202
11503
10580
9657
8417
7073
5589
4141
2484
1196
-4
-898
-1868
-3081
-4226
-5422
-6427
-7330
-8266
-9345
-9897
-10480
-11010
-11681
-11965
-12079
-12193
-12296
-12304
-12178
-11934
-11506
-10814
-9988
-9446
-8574
-7284
-5849
-4510
-3226
-1848
-508
883
2267
3797
5374
7213
8826
10232
11621
12636
13507
13919
14161
14514
14739
14596
14221
13970
13822
13101
12031
10933
9580
8121
6459
4735
3306
1931
450
-841
-2167
-3591
-4852
-5948
-7045
-8099
-9189
-10241
-11026
-11667
-12333
-12767
-12997
-13053
-13065
-13072
-13002
-12838
-12418
-12010
-11464
-10690
-9716
-8634
-7482
-6158
-4831
-3450
-1852
-433
1015
2537
4167
5985
7783
9358
10821
12027
13134
14020
14481
14712
14945
15183
15149
14849
14413
13790
12980
12011
10823
9395
7797
6196
4673
3024
1403
-157
-1494
-2779
-3818
-5092
-6245
-7264
-8332
-9415
-10462
-11228
-11916
-12369
-12606
-12865
-13125
-13233
-13169
-12825
-12542
-12276
-11881
-11272
-10601
-9891
-8842
-7728
-6402
-4728
-3094
-1722
-237
1268
3094
4881
6528
8206
9876
11339
12443
13501
14245
14999
15559
15777
15590
15279
14913
14468
13790
12963
11939
10544
9049
7439
5876
4229
2630
1070
-540
-1864
-3039
-4251
-5395
-6474
-7604
-8797
-9861
-10648
-11324
-12045
-12633
-12922
-13115
-13362
-13469
-13225
-12905
-12608
-12188
-11754
-11250
-10606
-9777
-8598
-7303
-5908
-4331
-2524
-914
531
2122
3802
5544
7136
8693
10380
11860
13129
14049
14719
15253
15669
15704
15465
15042
14792
14215
13398
12351
11094
9726
8121
6600
4940
3246
1634
223
-1113
-2412
-3701
-4850
-5990
-7028
-8091
-9236
-10155
-10866
-11540
-12117
-12466
-12716
-12878
-12995
-12939
-12816
-12664
-12348
-11903
-11363
-10797
-10023
-9058
-7916
-6697
-5333
-3927
-2460
-918
659
2328
4014
5770
7413
8919
10371
11617
12652
13471
14261
14881
15338
15334
15188
14992
14790
14051
13270
12304
11140
9623
8046
6560
5044
3435
1747
510
-1128
-2584
-3912
-4985
-6187
-7357
-8558
-9491
-10284
-11002
-11619
-12062
-12444
-12704
-12926
-13041
-12880
-12737
-12441
-12020
-11571
-11016
-10388
-9579
-8608
-7490
-6275
-4919
-3462
-1990
-517
1037
2738
4421
6038
7526
9017
10378
11655
12706
13636
14383
14875
15267
15291
15230
15086
14693
13911
13114
12022
10955
9465
7957
6460
4886
3315
1737
199
-1290
-2625
-3998
-5190
-6469
-7736
-8881
-9852
-10743
-11478
-12144
-12562
-12916
-13202
-13382
-13359
-13238
-13049
-12733
-12337
-11825
-11233
-10423
-9541
-8512
-7300
-5977
-4507
-2996
-1453
155
1833
3575
5246
6820
8373
9922
11288
12517
13533
14446
15227
15813
16050
16076
15898
15572
14915
14085
13138
12024
10644
9008
7439
5846
4166
2355
787
-678
-2253
-3822
-5153
-6527
-7861
-9107
-10215
-11114
-11977
-12739
-13314
-13709
-13936
-14147
-14195
-14046
-13824
-13487
-13069
-12599
-11970
-11252
-10362
-9405
-8228
-6917
-5532
-4012
-2466
-802
935
2717
4527
6322
7997
9625
11194
12581
13836
14887
15808
16520
16985
17163
17153
16870
16441
15717
14780
13541
12202
10640
8844
7063
5338
3553
1782
183
-1510
-3149
-4767
-6138
-7509
-8860
-10128
-11280
-12337
-13140
-13798
-14354
-14746
-15003
-15101
-15103
-14949
-14695
-14350
-13885
-13292
-12562
-11749
-10892
-9796
-8603
-7309
-5834
-4306
-2668
-897
872
2716
4530
6430
8159
9892
11555
13007
14483
15633
16689
17487
18170
18463
18513
18333
17938
17321
16509
15403
13995
12417
10702
8874
6929
5003
3045
1179
-701
-2489
-4207
-5720
-7232
-8785
-10219
-11466
-12564
-13514
-14332
-15018
-15474
-15908
-16177
-16244
-16192
-15984
-15657
-15231
-14613
-13943
-13114
-12138
-11003
-9717
-8302
-6753
-5068
-3334
-1444
444
2406
4424
6447
8402
10228
12073
13700
15187
16567
17702
18605
19292
19624
19689
19457
19133
18420
17397
16247
14752
13019
11163
9170
7110
5015
3132
1072
-952
-2835
-4677
-6339
-7896
-9506
-10928
-12224
-13520
-14507
-15363
-15988
-16529
-16946
-17118
-17197
-17075
-16873
-16552
-15977
-15384
-14627
-13698
-12621
-11373
-9957
-8377
-6625
-4722
-2784
-639
1580
3638
5902
8032
10108
12061
13953
15727
17176
18469
19530
20248
20711
20828
20651
20295
19654
18665
17371
15911
14172
12222
10255
8030
5835
3728
1616
-541
-2452
-4407
-6372
-8182
-9726
-11335
-12693
-14087
-15168
-16064
-16853
-17488
-17878
-18164
-18277
-18196
-17960
-17546
-17000
-16293
-15410
-14384
-13222
-11796
-10289
-8715
-6760
-4727
-2685
-321
1987
4391
6878
9188
11546
13698
15609
17315
18794
20024
20911
21462
21748
21794
21382
20875
19998
18771
17268
15618
13843
11624
9306
7388
5190
2809
776
-1148
-3271
-5176
-7142
-8866
-10606
-12230
-13615
-14985
-16089
-16971
-17760
-18299
-18688
-18892
-18893
-18816
-18541
-18033
-17378
-16568
-15590
-14337
-12938
-11376
-9539
-7621
-5433
-3078
-819
1729
4335
6701
9259
11699
13903
16019
17705
19167
20371
21143
21570
21818
21728
21380
20589
19546
18268
16765
14913
12923
10966
8830
6566
4444
2487
409
-1666
-3610
-5482
-7189
-8915
-10602
-12138
-13542
-14776
-15840
-16801
-17402
-17911
-18311
-18486
-18533
-18402
-18173
-17732
-17036
-16230
-15181
-13892
-12366
-10624
-8711
-6518
-4237
-1758
738
3267
5911
8393
10861
13092
15140
16998
18428
19626
20421
20987
21315
21198
20728
20037
19045
17711
16073
14454
12575
10659
8650
6580
4749
2735
745
-1145
-3013
-4838
-6655
-8280
-9991
-11504
-12769
-14143
-15339
-16059
-16813
-17476
-17806
-18062
-18175
-18084
-17850
-17379
-16778
-16098
-15094
-13849
-12276
-10485
-8496
-6271
-3876
-1301
1386
4180
6916
9402
11556
13341
15022
16734
18276
19273
20005
20306
20310
19715
18595
17576
16488
15388
14027
12216
10320
8221
6210
4873
3710
2015
46
-1867
-3450
-4697
-5598
-6910
-8733
-10529
-11598
-11981
-12591
-13840
-14996
-15433
-15635
-15724
-16031
-16234
-15974
-15510
-14735
-13971
-12850
-11221
-9387
-7334
-5300
-2766
-71
2766
5285
6976
8813
11211
13915
15308
15129
14899
15970
17227
17383
15546
13570
13489
13414
12004
10060
7791
6686
5856
4797
3390
1305
441
199
-1087
-2443
-3703
-3997
-4296
-6421
-8397
-8258
-7569
-8469
-11258
-12492
-10968
-10286
-11688
-13427
-13726
-12540
-11765
-11931
-11864
-11202
-9456
-7803
-6825
-4910
-2356
-96
1790
3311
4101
5914
8648
11509
11516
9752
10844
13860
14508
12450
10442
10699
11959
10879
8766
7113
6592
6239
4757
3199
2677
2088
1356
561
-717
-1276
-1732
-1955
-2561
-4344
-5275
-4700
-4362
-5834
-7997
-8160
-6714
-7144
-8965
-9979
-9739
-8977
-8833
-9472
-9595
-8406
-7093
-6334
-5564
-3503
-1247
-51
1508
2553
3064
4885
8218
8946
7334
7013
9490
10650
8983
8060
7751
8079
7961
6688
5441
4271
3596
3730
2447
1299
660
-80
78
-482
-1054
-1111
-2189
-3066
-2676
-2474
-2773
-4054
-4554
-3666
-3991
-4454
-4889
-5704
-5695
-5702
-5896
-5873
-6428
-6424
-4946
-4231
-4714
-4431
-1741
662
741
1639
2737
3173
4848
7508
7855
5122
4758
8555
9292
6207
4158
5102
6746
5279
3021
2473
2124
1496
989
-317
-474
-1019
-2053
-1733
-1736
-2284
-2557
-3420
-3725
-3440
-3476
-3153
-4352
-5216
-4205
-3463
-3520
-4131
-5004
-4397
-3992
-4234
-4091
-4530
-4239
-2533
-2081
-2482
-1685
1139
2968
2763
3345
4377
5541
7134
8799
7849
5827
6741
9223
8637
6082
4382
4565
5311
4008
1987
587
32
47
-827
-2311
-2578
-2894
-3352
-3472
-3727
-3789
-4155
-4905
-5149
-4911
-4381
-4339
-5732
-6112
-4799
-3897
-4301
-5192
-5097
-3910
-3597
-4175
-4018
-3315
-2180
-1147
-1674
-1087
1889
4132
3705
4213
5596
7323
8279
9010
9532
8646
8447
9606
9205
7668
6899
6448
5414
3626
3075
2968
541
-1389
-1262
-1223
-2329
-4041
-4323
-3229
-3936
-5520
-5250
-4631
-5387
-6649
-6207
-4913
-5640
-6999
-6496
-5370
-5364
-5946
-5931
-4804
-4715
-5107
-4474
-3736
-2956
-1812
-1954
-1233
1388
3469
4042
4401
5571
6624
8724
10266
9809
8233
8763
11100
10837
8155
7331
7436
7021
5619
3648
2927
1466
28
-245
-1555
-2777
-3360
-4168
-3873
-3984
-5167
-5493
-5712
-5964
-5969
-6338
-6293
-6569
-7069
-6442
-5964
-6225
-6216
-6233
-5708
-4816
-5204
-4835
-3697
-2904
-2129
-2338
-1478
1545
3185
3402
4678
5255
6248
8272
10366
10126
8011
7842
10554
11243
8434
6533
6805
7363
5578
3365
3172
2330
-175
-846
-676
-1725
-3147
-4041
-3750
-3175
-4341
-5097
-5304
-6281
-5653
-5002
-6278
-7198
-7033
-6158
-5672
-6772
-6708
-5671
-5751
-5614
-5041
-4285
-3121
-3042
-2976
-1413
935
2360
2648
3364
5474
5940
6274
9082
10273
7980
7283
9004
10342
9017
6546
6392
6638
5498
4707
3375
1766
122
-252
-115
-1302
-3098
-3690
-2606
-2883
-4290
-4180
-3433
-4941
-6399
-4967
-3533
-5469
-7915
-6471
-4369
-4945
-6718
-6575
-4923
-4214
-5087
-4516
-3210
-2455
-2182
-1999
103
2705
2728
3317
5274
4867
6328
8752
9631
8014
6138
8277
10958
7849
5280
5840
6573
5912
2671
1938
2496
496
-877
-1527
-2729
-2495
-3407
-3974
-3195
-4011
-4359
-3693
-5028
-5224
-4209
-4282
-5250
-6511
-5709
-3985
-5144
-6264
-5332
-4795
-4091
-4708
-4516
-2228
-1628
-2429
-1999
603
3143
3064
3364
5150
5260
6420
8560
9731
7563
6384
8890
10327
7224
5207
5919
6538
4466
1849
2258
2323
-425
-2257
-1884
-2463
-3322
-4266
-4956
-4241
-4016
-4380
-4888
-6449
-5384
-3292
-4904
-7048
-7089
-4878
-4021
-6228
-6686
-4990
-4402
-4141
-4236
-3580
-1474
-1398
-2240
-179
2629
3653
3169
4508
6103
6549
7276
9375
9505
7266
7667
9923
9477
6532
5468
5869
6267
3834
1752
1703
868
-850
-1728
-3031
-2720
-3212
-5479
-4823
-3655
-3950
-4461
-6487
-5712
-3158
-4026
-5563
-6779
-5894
-3629
-4392
-6390
-5736
-4607
-3524
-3457
-4251
-2766
-551
-1420
-873
1337
3225
4327
4783
5510
5196
6510
10132
11173
6649
5484
9411
11956
7685
3516
4891
7171
5072
1618
1134
1168
-673
-1925
-2022
-3117
-4127
-4521
-4191
-5069
-5408
-3887
-4599
-7462
-6622
-3329
-3659
-7788
-8046
-3885
-3381
-6565
-7018
-4578
-3651
-4445
-4561
-2389
-1305
-2359
-1125
1582
3249
3377
4583
5936
4836
5814
10718
11094
6304
4874
10146
12717
6736
2993
6166
7852
4532
1589
1345
1282
-717
-1915
-2145
-3457
-4795
-4398
-4022
-4468
-5254
-5118
-5028
-5275
-4985
-4332
-5208
-6449
-5469
-3984
-4783
-6360
-5458
-3756
-3656
-4170
-3346
-1934
-1384
-1582
-314
1883
2996
3476
5568
5445
4019
6999
11088
10247
5005
5275
11010
12329
5392
2321
6157
7618
3807
914
1477
1582
-483
-2033
-2362
-3509
-4470
-4097
-4322
-4905
-4580
-5245
-5435
-5138
-4553
-4403
-6045
-6739
-4109
-3739
-6205
-6487
-4419
-3027
-3820
-4641
-2233
-439
-2079
-1152
1576
3003
3033
4295
6052
4393
4992
9486
11139
6353
4261
8107
12045
8141
3017
3822
6063
4522
2399
1958
495
-1038
-1719
-1188
-2684
-4568
-5474
-4592
-3775
-4234
-5821
-6239
-5773
-4265
-3679
-6056
-7348
-5643
-2960
-4184
-6599
-6404
-3566
-2711
-3804
-4064
-1824
-885
-1170
714
2248
2408
3519
6730
5494
3450
7493
11581
9461
4624
5335
11135
11171
3882
2863
5369
5979
3945
2066
1188
-170
-1353
-901
-2380
-4624
-4513
-3869
-4350
-4756
-5285
-5603
-5253
-4910
-4020
-5181
-6873
-5362
-3440
-4630
-6355
-5928
-3322
-2785
-4140
-3703
-1887
-1127
-1106
336
1932
2565
3564
6643
5213
2736
7353
12070
9597
4314
4555
10749
11793
4527
3085
5463
6061
3581
2206
1529
-796
-1700
-559
-1690
-4842
-5368
-3403
-3665
-5408
-5594
-5838
-5544
-5482
-4256
-4871
-7419
-6304
-2879
-3989
-7034
-6254
-2877
-2483
-4353
-3988
-1273
-722
-1350
573
2293
2953
4165
5607
4034
4385
8741
10556
6322
3746
7495
11563
7490
2194
4103
6540
4800
1845
1578
1165
-525
-1453
-901
-2772
-5233
-4245
-2666
-3510
-5223
-6199
-4936
-3736
-4355
-5135
-6087
-5716
-3784
-3565
-5586
-6236
-4392
-2394
-3156
-4374
-3159
-853
-612
-909
606
2130
3040
4622
6154
3257
4117
9438
11041
7214
3797
6383
12304
8762
2329
4148
6507
5727
2459
995
1395
-39
-1837
-960
-2533
-4586
-4127
-3541
-3767
-4562
-6058
-5705
-4121
-4592
-4954
-6350
-6498
-4088
-3742
-6195
-6535
-4525
-2435
-3491
-4582
-2474
-944
-1484
-512
1476
2195
2722
4965
6140
3567
4960
9748
10813
5693
3428
8317
12559
6689
1545
4316
6777
4467
1246
353
693
-298
-1217
-2069
-3858
-4029
-4003
-3887
-4570
-4822
-5196
-5839
-5006
-3856
-4886
-6890
-6200
-3849
-3881
-6358
-6263
-3525
-2701
-4144
-3342
-1632
-1648
-1185
659
2181
2294
3022
6219
4589
2866
8004
10912
7891
3736
5609
11881
10340
2651
2868
6747
6147
2490
879
1360
455
-716
-887
-2955
-4927
-3603
-2654
-4107
-5774
-5304
-4164
-4168
-5168
-4811
-5119
-5754
-4384
-3821
-5587
-6428
-3786
-2223
-3986
-4357
-1971
-454
-1644
-1367
1694
3056
2611
4172
6036
3431
5189
9764
10172
5382
3974
8442
12417
6680
1519
4623
6893
4949
1168
562
1250
93
-711
-1812
-4516
-4515
-2983
-2798
-5203
-6716
-5615
-3820
-4219
-6375
-6089
-5039
-4898
-4789
-5432
-6526
-5269
-3291
-2895
-4345
-3877
-1589
-639
-1066
-401
2009
2941
3300
5326
3857
4156
8270
9563
7153
4320
5851
11273
8888
2794
3258
6372
6292
2167
353
1240
918
-349
-1683
-3239
-2986
-3172
-3827
-4196
-4840
-5201
-5147
-4891
-4890
-5006
-5823
-5852
-4716
-4409
-5589
-5935
-4397
-3020
-3476
-3366
-2200
-1611
-1006
528
1255
2137
2920
5290
5152
3130
6894
10020
8179
5033
5895
9781
9621
4529
3992
6165
6004
2683
2110
2572
551
-781
-289
-1379
-3002
-4414
-4097
-2163
-3376
-6218
-6733
-4185
-3191
-4787
-7424
-6735
-4053
-3838
-6326
-6765
-4445
-3058
-3980
-3920
-2479
-2367
-1374
219
1255
1974
2036
4161
5649
3300
5565
9176
8011
4857
5107
8604
10199
4753
2428
5708
7144
4069
1268
1383
1912
477
-719
-2160
-3476
-2733
-3073
-3795
-4731
-5047
-4804
-4537
-5128
-5113
-5233
-5926
-5431
-4525
-5386
-6467
-5278
-3524
-3418
-3989
-3219
-1864
-697
-423
296
1209
2452
4383
4890
2640
4781
8834
8755
4813
4464
8835
10099
5440
3469
5678
6913
4261
1777
2681
1676
-324
43
-519
-2670
-3731
-3071
-2277
-3664
-5454
-5161
-3890
-3952
-5117
-5825
-5789
-4864
-4434
-5491
-6413
-5491
-3778
-3713
-4099
-3282
-2762
-1949
-512
464
1124
1345
3007
5939
3333
3352
8599
9491
5267
4875
7521
10686
7656
2529
5052
7715
5262
2124
2441
2005
735
294
19
-2256
-4459
-2716
-1464
-3947
-6239
-5780
-4079
-3470
-6306
-6898
-5532
-5316
-5032
-5358
-6662
-5793
-3826
-3319
-3898
-4058
-2333
-879
-491
-309
962
2522
3692
4793
2942
4091
8214
9164
5203
4142
7675
10517
6866
2736
4552
7466
5792
1351
1581
3258
1078
-832
-534
-1697
-2342
-3076
-3291
-3139
-4247
-5296
-4919
-4385
-4528
-5469
-6551
-5791
-4664
-5050
-6548
-6224
-4357
-3295
-4269
-4124
-2913
-1621
-852
-309
173
1679
3379
5030
3339
2867
7487
9614
6512
3885
6363
10399
8472
3598
4517
6831
6263
2905
2456
3616
1416
-329
806
-460
-3325
-2637
-1774
-2589
-4788
-6122
-4625
-3115
-5567
-6897
-6145
-5406
-5187
-5975
-6981
-6443
-4514
-4137
-4604
-4530
-3304
-1563
-982
-919
120
1458
2968
4670
3154
2711
7037
9368
6870
4060
6302
10117
8766
3648
4425
7329
6454
3239
2001
3082
1955
-63
251
-87
-2741
-2993
-2247
-2256
-4154
-5285
-4642
-3399
-4519
-5900
-5623
-5365
-5312
-5338
-5715
-6202
-5014
-4096
-3936
-4174
-3272
-2384
-1157
-588
-28
1356
2271
3959
3332
2600
6272
8461
6360
4648
5876
9165
8737
4401
4358
6449
6423
3823
2192
2770
2280
758
329
-579
-2167
-2685
-2103
-2421
-4181
-5292
-4538
-3765
-4643
-6074
-6184
-5180
-5337
-6121
-6276
-6144
-5346
-4314
-4529
-4343
-3793
-2762
-951
-426
-665
606
2730
4785
3738
2218
5961
9308
7573
4497
5926
9266
9093
5149
4432
7225
6829
3555
3209
3921
2078
444
822
400
-1947
-3267
-2210
-1677
-3963
-5614
-4456
-3943
-5068
-5873
-6043
-5874
-5920
-6174
-5951
-6557
-6165
-4766
-4210
-4163
-4586
-3320
-1204
-570
-988
-301
2369
4335
3767
1734
5090
9527
7288
3500
5852
9907
9075
4746
4214
7511
7360
3319
2212
4654
3332
300
119
496
-759
-2203
-2631
-2276
-3346
-4518
-4253
-4170
-4776
-5602
-5666
-5754
-5794
-6211
-6182
-5943
-5498
-5041
-4625
-4415
-3587
-2193
-2216
-1515
-287
949
1887
2923
3269
2820
5213
8498
7077
4140
5870
9483
9036
5007
4585
7378
7733
3750
2396
4797
3545
298
356
813
-311
-2096
-2464
-1726
-2889
-4269
-4185
-3807
-4490
-5398
-5614
-5860
-5631
-5468
-6405
-6594
-5665
-4563
-4446
-5425
-4370
-2021
-1736
-2252
-1435
424
2089
2588
2982
2466
5036
7734
7146
4895
5316
8382
9078
5779
4095
6103
7371
4792
2704
3389
3197
1344
658
532
-867
-2663
-2012
-1579
-3449
-4948
-4613
-3812
-4372
-6087
-6315
-5750
-5807
-6158
-6161
-6506
-6142
-4821
-4544
-5108
-4481
-2714
-1716
-1441
-1183
116
2029
3122
3546
2448
4413
8069
7492
4904
5669
8580
9115
5979
4623
7043
7668
4482
2795
4728
4048
1195
698
972
3
-1824
-2611
-1844
-2435
-4488
-4461
-4127
-4389
-5468
-6101
-6005
-5588
-6069
-6589
-6389
-5954
-5174
-5032
-5080
-4351
-3167
-2435
-1844
-1371
-236
1292
2439
3265
2548
4517
7682
7043
4982
6063
8870
8588
6187
5498
7228
7500
5089
3905
4957
3792
1908
1746
1174
-640
-1476
-1264
-1415
-3002
-4236
-3717
-3677
-4667
-5635
-5828
-6008
-6039
-6364
-6571
-6537
-6317
-5401
-4957
-5212
-4729
-3474
-2621
-2073
-1291
-414
940
2227
2739
2119
4059
6639
6552
5176
5414
7643
7886
6582
5433
6271
6955
5201
4082
4872
3750
1805
1571
1247
276
-1211
-1725
-1523
-2074
-3608
-4183
-3849
-4325
-5045
-5566
-5919
-5701
-6077
-6770
-6549
-6175
-5783
-5425
-5274
-4561
-3769
-3169
-2542
-1421
-715
661
1823
2550
2502
3381
6616
7101
5397
5368
8163
8962
7309
5557
6806
8169
6363
4420
4728
4687
2927
2053
1522
586
-567
-813
-1371
-2224
-3493
-3564
-3588
-4576
-5490
-5452
-5720
-6084
-6336
-6814
-6738
-6646
-6134
-5850
-5766
-5497
-4392
-3509
-3282
-2520
-1646
-277
1000
1860
2178
2731
5008
6889
6058
5156
6718
8422
8021
6458
6119
7281
7186
5617
4459
4745
4037
2785
2325
951
-214
-300
-773
-1846
-2888
-3321
-3365
-3876
-5050
-5356
-5310
-5762
-6159
-6310
-6534
-6520
-6199
-5861
-5580
-5535
-5069
-3832
-3132
-2983
-2355
-1016
389
1340
1853
1975
4368
5972
5663
5412
6554
7794
7853
6902
6448
7379
7504
6265
5423
5369
4427
3464
2967
1993
817
65
-463
-1146
-2039
-3078
-3094
-3421
-4344
-4934
-5120
-5591
-6060
-6429
-6518
-6719
-6830
-6446
-6205
-5979
-5636
-5041
-4233
-3537
-2854
-1949
-926
75
1267
1886
2834
4521
5623
5850
6140
7049
7564
7858
7351
7103
7483
7147
6337
6027
5169
3981
3625
2722
1257
470
-13
-803
-1617
-2541
-2951
-3304
-3912
-4746
-4997
-5355
-6005
-6336
-6773
-6957
-6942
-6770
-6713
-6532
-6264
-5657
-5025
-4562
-3929
-2895
-1784
-1039
-105
1141
2247
3495
4624
5449
6080
6799
7297
7732
7926
7661
7710
7737
7248
6822
6240
5155
4514
3916
2701
1624
859
214
-671
-1626
-2453
-2915
-3412
-4224
-4871
-5352
-5922
-6332
-6695
-6976
-8277
-7006
-5786
-7379
-7594
-6356
-5120
-5134
-5042
-3537
-2554
-2073
-701
570
1568
2731
4074
4987
5938
6974
7474
7958
8537
8643
8540
8590
8437
7972
7283
6366
5469
4753
3759
2538
1604
701
-224
-1170
-2057
-2855
-3375
-3978
-4705
-5369
-5918
-6451
-6716
-7105
-7627
-7619
-7531
-7449
-7169
-6827
-6476
-5743
-5100
-4607
-3789
-2764
-1781
-785
523
1723
2886
4186
5357
6322
7066
7664
8146
8508
8595
8599
8545
8402
7937
7103
6318
5467
4469
3457
2323
1313
426
-633
-1427
-2329
-3237
-3630
-4257
-5120
-5857
-6361
-6889
-7311
-7724
-8080
-8107
-7894
-7861
-7571
-7048
-6654
-6014
-5378
-4614
-3782
-2913
-1810
-465
765
1990
3133
4298
5520
6502
7265
7796
8220
8682
8718
8768
8700
8418
7966
7320
6579
5739
4719
3660
2635
1646
641
-334
-1005
-1849
-2660
-3214
-3863
-4590
-5345
-5927
-6411
-6991
-7465
-7729
-7724
-7677
-7535
-7111
-6785
-6310
-5671
-5007
-4320
-3341
-2310
-1485
-239
1119
2292
3577
4806
5904
6777
7330
7839
8312
8584
8612
8563
8408
8010
7502
6852
5932
5025
3967
3005
1962
883
-96
-1073
-1932
-2753
-3436
-4015
-4663
-5339
-5865
-6372
-6990
-7388
-7641
-7877
-7823
-7722
-7584
-7208
-6759
-6126
-5474
-4695
-3870
-2972
-2042
-955
269
1437
2614
3856
5051
6070
6892
7659
8192
8629
8899
8922
8945
8746
8279
7681
7051
6193
5224
4279
3194
2018
1056
64
-909
-1844
-2759
-3501
-4154
-4897
-5600
-6097
-6638
-7107
-7470
-7854
-8072
-8011
-7902
-7770
-7369
-6885
-6269
-5528
-4809
-3877
-2887
-1982
-840
299
1572
2754
4055
5194
6216
7033
7691
8161
8467
8745
8723
8605
8346
7887
7302
6557
5588
4644
3687
2561
1609
697
-271
-1184
-1976
-2868
-3589
-4200
-4861
-5550
-6117
-6627
-7039
-7434
-7748
-7834
-7808
-7645
-7390
-7039
-6505
-5800
-5119
-4332
-3466
-2536
-1452
-234
805
2091
3328
4463
5569
6526
7284
7991
8403
8671
8852
8789
8619
8370
7775
7112
6440
5389
4504
3500
2319
1445
532
-519
-1397
-2175
-3009
-3693
-4296
-5011
-5670
-6148
-6705
-7153
-7523
-7834
-7893
-7808
-7729
-7480
-6986
-6551
-5873
-5081
-4400
-3570
-2632
-1522
-439
688
2037
3205
4446
5658
6486
7288
7872
8268
8719
8946
8849
8709
8412
7945
7265
6513
5571
4503
3562
2590
1543
609
-471
-1425
-2227
-2987
-3611
-4237
-4993
-5649
-6140
-6715
-7163
-7524
-7798
-7845
-7761
-7639
-7379
-6974
-6428
-5728
-4961
-4164
-3222
-2354
-1197
-34
1146
2361
3411
4594
5781
6793
7337
7857
8348
8663
8767
8656
8547
8218
7694
6993
6179
5176
4157
3141
2091
1055
74
-917
-1724
-2597
-3347
-3992
-4673
-5348
-5873
-6387
-6973
-7401
-7765
-7963
-8012
-8002
-7884
-7613
-7158
-6564
-5897
-5159
-4278
-3398
-2399
-1354
-271
973
2202
3389
4606
5847
6752
7446
8094
8399
8754
8943
8793
8669
8362
7752
7130
6424
5478
4523
3592
2475
1434
501
-545
-1461
-2218
-3127
-3793
-4354
-4976
-5620
-6311
-6738
-7122
-7520
-7734
-7833
-7761
-7588
-7301
-6971
-6430
-5721
-5029
-4160
-3203
-2202
-1133
12
1269
2471
3742
4928
6042
6928
7628
8275
8558
8865
8968
8925
8761
8385
7841
7030
6214
5341
4321
3351
2178
1176
225
-913
-1741
-2581
-3370
-4001
-4749
-5409
-6037
-6591
-7085
-7556
-7916
-7995
-8092
-8112
-7804
-7526
-7144
-6416
-5954
-5175
-4263
-3365
-2330
-1265
-100
1241
2499
3749
5048
6212
7144
7861
8321
8661
8990
8996
9025
8838
8413
7949
7268
6413
5497
4311
3457
2468
1160
202
-879
-1748
-2560
-3440
-4150
-4825
-5421
-6098
-6630
-7158
-7616
-7945
-8214
-8228
-8116
-8008
-7716
-7338
-6764
-6102
-5307
-4423
-3526
-2448
-1410
-215
1039
2310
3634
4899
6048
7009
7761
8463
8784
9066
9291
9109
9096
8770
8113
7598
6749
5873
4843
3789
2695
1573
529
-599
-1609
-2485
-3378
-4057
-4789
-5521
-6178
-6829
-7358
-7864
-8219
-8362
-8496
-8433
-8286
-8058
-7580
-7072
-6539
-5709
-4781
-3885
-2891
-1854
-677
646
1873
3191
4557
5725
6900
7772
8442
8962
9206
9506
9552
9357
9217
8846
8312
7575
6688
5809
4677
3626
2456
1290
231
-961
-1826
-2869
-3733
-4455
-5275
-5870
-6520
-7121
-7632
-8024
-8281
-8490
-8500
-8466
-8288
-7967
-7542
-6927
-6171
-5303
-4399
-3405
-2385
-1307
-23
1197
2479
4002
5212
6447
7514
8220
8946
9213
9397
9614
9526
9407
9048
8540
7884
7127
6228
5050
3987
2797
1729
659
-575
-1564
-2521
-3369
-4135
-5037
-5717
-6390
-7002
-7547
-8041
-8433
-8656
-8646
-8696
-8607
-8316
-7913
-7286
-6783
-6031
-5005
-4179
-3112
-2056
-1007
355
1561
2962
4452
5533
6795
7641
8328
8978
9258
9455
9648
9574
9434
9048
8554
7892
7085
6049
4892
3829
2576
1433
414
-972
-1929
-2986
-3925
-4604
-5501
-6113
-6707
-7342
-7768
-8158
-8414
-8651
-8672
-8602
-8451
-8093
-7801
-7310
-6683
-6048
-5047
-4229
-3191
-2129
-1060
285
1506
2934
4332
5452
6833
7836
8421
9180
9419
9695
9904
9803
9805
9413
8863
8231
7361
6556
5408
4143
3003
1894
696
-633
-1713
-2677
-3569
-4427
-5332
-5969
-6563
-7149
-7630
-8118
-8457
-8518
-8517
-8484
-8412
-8149
-7456
-7180
-6841
-6034
-5123
-4254
-3264
-2183
-1090
223
1547
2833
4371
5705
6889
8037
8710
9452
9906
9887
10167
10172
9934
9793
9196
8561
7716
6714
5576
4469
3160
1773
737
-586
-1945
-2894
-4051
-4877
-5735
-6548
-7068
-7735
-8243
-8488
-8817
-8944
-8918
-8937
-8716
-8424
-8174
-7693
-7178
-6639
-5741
-4748
-3885
-2811
-1795
-677
771
1980
3438
4871
6046
7545
8376
9071
9874
10063
10236
10480
10384
10278
9805
9189
8440
7554
6503
5096
3855
2520
1332
165
-1355
-2392
-3604
-4537
-5226
-6228
-6786
-7347
-7953
-8384
-8682
-8914
-9028
-8924
-8946
-8786
-8403
-8098
-7646
-7125
-6546
-5485
-4561
-3743
-2627
-1591
-292
1190
2412
4033
5486
6794
8141
9104
9949
10591
10811
11131
11252
11175
11028
10440
9723
8706
7693
6554
5099
3687
2387
979
-322
-1837
-2929
-4067
-5071
-5883
-6705
-7301
-7771
-8188
-8471
-8700
-8704
-8742
-8747
-8657
-8470
-8204
-7827
-7453
-6947
-6323
-5336
-4555
-3691
-2552
-1444
-109
1213
2453
4031
5431
6677
8041
8983
9889
10560
10696
10999
11241
11130
10924
10252
9397
8583
7543
6274
4816
3342
2016
670
-641
-2082
-3225
-4358
-5255
-5990
-6753
-7268
-7645
-8093
-8400
-8629
-8724
-8682
-8549
-8470
-8301
-8072
-7700
-7267
-6893
-6297
-5390
-4593
-3765
-2647
-1568
-331
1035
2243
3913
5354
6644
8172
9065
9876
10758
10935
11180
11471
11298
11070
10454
9659
8703
7681
6419
4929
3517
1964
531
-784
-2183
-3303
-4550
-5519
-6205
-7013
-7541
-7823
-8229
-8508
-8520
-8576
-8521
-8480
-8390
-8182
-7970
-7627
-7253
-6939
-6353
-5527
-4698
-3984
-2943
-1815
-675
628
1955
3512
4895
6192
7776
8780
9649
10653
11025
11117
11448
11339
11252
10815
9914
8972
7845
6627
5237
3704
2189
850
-573
-1991
-3013
-4257
-5180
-5808
-6616
-7185
-7532
-7854
-8067
-8304
-8427
-8346
-8324
-8205
-8091
-7909
-7655
-7255
-6969
-6549
-5834
-5040
-4290
-3449
-2503
-1392
-119
1230
2542
4005
5471
6909
8385
9320
10236
11012
11360
11471
11591
11483
11314
10584
9764
8705
7450
6019
4648
3145
1667
201
-1121
-2362
-3496
-4644
-5311
-6102
-6820
-7216
-7625
-7915
-8027
-8089
-8075
-7988
-8046
-7955
-7787
-7651
-7377
-7063
-6745
-6275
-5702
-4923
-4092
-3330
-2421
-1300
-60
1285
2644
4092
5431
7078
8253
9110
10313
11015
11262
11520
11500
11360
11037
10326
9422
8279
7036
5733
4294
2882
1384
-14
-1383
-2637
-3754
-4846
-5546
-6252
-6940
-7340
-7690
-7956
-8038
-8121
-8124
-8168
-8111
-7997
-7879
-7661
-7355
-7128
-6867
-6378
-5936
-5246
-4407
-3607
-2510
-1618
-594
889
2319
3702
5225
6670
8011
9112
10130
10971
11361
11543
11702
11681
11350
10652
9890
8797
7576
6377
4871
3342
1874
482
-770
-1996
-3228
-4290
-5040
-5657
-6275
-6741
-7168
-7479
-7596
-7577
-7708
-7760
-7731
-7702
-7588
-7505
-7402
-7112
-6860
-6475
-5977
-5467
-4791
-3956
-2994
-2069
-1175
72
1510
2820
4140
5598
7051
8041
9060
10096
10911
11216
11353
11372
11162
10726
9990
9127
7987
6674
5390
4056
2692
1378
16
-1200
-2321
-3458
-4417
-5031
-5724
-6257
-6635
-6995
-7333
-7444
-7450
-7485
-7516
-7495
-7389
-7366
-7286
-7128
-6946
-6638
-6272
-5861
-5339
-4698
-3879
-2981
-2021
-1082
158
1430
2651
4043
5487
6898
8035
9079
10067
10824
11125
11293
11347
11048
10605
9934
9115
8127
6916
5716
4323
2953
1585
367
-782
-2045
-3087
-4035
-4788
-5454
-6058
-6339
-6616
-7049
-7214
-7350
-7521
-7491
-7494
-7471
-7421
-7368
-7212
-7136
-6956
-6577
-6101
-5642
-5164
-4420
-3589
-2705
-1765
-694
548
1841
3260
4699
5990
7241
8318
9268
10112
10616
10903
11043
10833
10445
9927
9201
8447
7531
6225
4864
3548
2119
843
-263
-1312
-2274
-3319
-4201
-4928
-5561
-5923
-6224
-6517
-6728
-6866
-6977
-7024
-7062
-7085
-6955
-6842
-6769
-6697
-6592
-6335
-5995
-5539
-5023
-4418
-3683
-3042
-2322
-1557
-616
584
1878
3125
4360
5501
6649
7729
8575
9394
10090
10348
10565
10471
10242
9870
9278
8633
7789
6774
5661
4438
3164
1816
604
-455
-1580
-2421
-3390
-4198
-4952
-5579
-5995
-6325
-6635
-6794
-6985
-7144
-7159
-7195
-7248
-7214
-7209
-7189
-7125
-6982
-6769
-6476
-5992
-5558
-4938
-4190
-3425
-2628
-1716
-738
423
1519
2759
4149
5280
6356
7501
8468
9255
9997
10389
10600
10639
10526
10275
9684
9039
8223
7299
6271
5071
3872
2584
1373
326
-881
-1751
-2706
-3608
-4246
-4879
-5494
-5830
-6116
-6372
-6587
-6669
-6784
-6890
-6867
-6901
-6976
-6952
-6895
-6850
-6725
-6564
-6266
-5847
-5368
-4765
-4139
-3490
-2649
-1735
-787
318
1446
2688
3986
5143
6270
7209
8030
8881
9478
9845
10018
9942
9769
9454
8948
8288
7647
6727
5764
4732
3536
2342
1277
212
-845
-1714
-2516
-3260
-3853
-4391
-4898
-5247
-5562
-5788
-5992
-6209
-6279
-6438
-6529
-6539
-6668
-6614
-6648
-6752
-6721
-6518
-6259
-5877
-5470
-4974
-4325
-3688
-2972
-2112
-1249
-159
915
2202
3387
4501
5621
6769
7694
8472
9234
9773
10111
10336
10206
9971
9625
9026
8346
7668
6746
5758
4664
3529
2336
1122
204
-698
-1689
-2423
-3108
-3786
-4392
-4722
-5210
-5698
-5819
-6054
-6195
-6319
-6610
-6695
-6783
-7009
-7160
-7064
-7044
-7031
-6760
-6489
-6252
-5872
-5251
-4522
-4010
-3417
-2463
-1317
-312
1040
1261
808
2386
4588
6118
8413
10259
10177
9687
9414
8686
8270
9199
9887
9771
9654
8785
6795
5100
3698
2434
1883
1797
918
-171
-1027
-2490
-3543
-3703
-4185
-4435
-4219
-4158
-4584
-5224
-5682
-6140
-6420
-6374
-6258
-6181
-5936
-6050
-6575
-6871
-7062
-7092
-6462
-5781
-5387
-4409
-3509
-3220
-2706
-1855
-736
743
2048
3599
5217
6053
6523
7020
7396
7986
8850
9537
9951
10049
9419
8691
7849
6629
5858
5482
4733
3856
2759
1535
97
-1276
-2218
-2759
-3223
-3505
-3742
-4192
-4554
-5013
-5239
-5101
-4923
-4817
-4519
-4360
-4475
-4714
-4932
-5159
-5187
-5047
-4962
-4889
-4861
-4755
-4583
-4296
-3776
-2966
-2138
-1452
-285
853
1952
3155
4223
5388
6153
6618
7420
8159
8405
8591
8563
8497
8165
7328
6661
6030
4936
3896
3089
1945
900
-180
-1209
-2022
-3076
-3750
-4106
-4659
-5155
-5352
-5490
-5478
-5285
-5049
-4639
-4411
-4264
-3823
-3549
-3562
-3351
-3078
-3000
-3017
-3182
-3295
-3359
-3339
-3014
-2628
-2115
-1084
-410
-125
659
1841
3071
4304
5505
6489
6881
7378
7913
8229
8333
8302
8333
8346
7504
6228
5363
4309
2849
1784
1093
-315
-1675
-2498
-3444
-4595
-5429
-5729
-6108
-6683
-6839
-6740
-6351
-5914
-6000
-5683
-4843
-4189
-3684
-2971
-2615
-2463
-2098
-1989
-2118
-2068
-1879
-1834
-1862
-1751
-1463
-964
66
670
941
1924
3126
4113
5298
6520
6812
6884
7343
7787
7992
8143
7976
7771
7423
6363
4972
3703
2683
1251
206
-360
-1662
-3149
-3745
-4603
-6023
-6627
-6655
-7165
-7404
-7091
-6897
-6317
-5586
-5332
-4929
-4276
-3790
-3081
-2215
-1768
-1616
-1128
-697
-752
-1017
-929
-739
-659
-560
-216
263
1051
2053
2575
2914
3572
4583
5816
7414
8607
8438
8008
8322
8708
8311
7965
7533
7130
6882
5908
3890
2018
762
-482
-1878
-3029
-4073
-5581
-6201
-6934
-8404
-9201
-8887
-8875
-8980
-8689
-8233
-7286
-6157
-5683
-5518
-4831
-3889
-2943
-2290
-1753
-1284
-684
-190
-1
-136
-256
-347
-192
23
142
589
1563
2636
4001
4596
4727
5419
7102
8317
9466
10187
9500
9508
10404
10487
9193
8326
7314
6741
5216
3503
1159
-415
-1817
-3033
-4676
-5977
-7365
-8511
-8382
-9697
-11067
-10637
-9666
-9838
-9677
-8993
-7920
-6561
-5794
-5179
-4108
-2918
-1831
-825
-184
172
382
759
1073
993
651
574
774
1024
854
1266
2336
3926
5247
5597
6012
7575
9143
11076
12100
10143
9311
9916
10561
9614
8666
7171
7176
6422
3645
667
-1745
-3541
-4618
-5591
-6661
-8135
-9229
-8737
-9715
-11867
-12106
-10911
-10577
-9985
-9202
-8196
-6562
-5551
-5058
-4088
-3001
-1846
-583
441
924
1146
1377
1684
1587
1149
831
1014
1410
1556
2024
3218
4834
5686
5897
6453
8254
9758
11613
12118
10416
9579
9788
9620
8288
7422
5884
5641
4477
1670
-1783
-3678
-5529
-6494
-7217
-8054
-9082
-9587
-8912
-9899
-11614
-11514
-10499
-9887
-8893
-8047
-6751
-5124
-4005
-3293
-2413
-1569
-460
621
1407
1769
1892
2086
2260
2021
1437
851
888
1087
1327
1957
3323
5213
5799
6215
7173
8738
10227
12687
11595
9293
8809
9283
8775
7712
6173
5042
4685
2559
-670
-3861
-5585
-7246
-7797
-7766
-8492
-10249
-9827
-9374
-10941
-12111
-11237
-10082
-9206
-8125
-7216
-5773
-4290
-3356
-2564
-1693
-733
538
1722
2517
2718
2795
2870
2866
2292
1542
1059
1383
1839
2414
3359
5162
6053
6164
6396
8000
9675
11821
12291
10251
9221
8776
8865
7200
5717
4320
4186
2949
314
-3937
-6019
-7585
-8485
-8644
-8700
-9943
-10033
-9116
-9876
-11343
-11574
-10288
-9088
-7764
-6765
-5297
-3718
-2846
-2334
-1521
-660
489
1759
2807
3263
3194
3028
2917
2581
1826
1083
1015
1628
2218
2779
4138
5590
5815
5583
6471
8777
10937
13328
11860
9674
8428
8853
7544
5936
4627
4154
3544
1245
-2655
-6312
-8038
-9316
-9262
-8896
-9072
-10086
-9273
-9389
-11132
-12326
-11309
-9398
-7520
-6476
-5549
-4001
-2893
-2545
-2162
-1177
180
1719
3008
3708
3641
3266
2895
2632
2040
1435
1267
1888
2613
3026
3597
5099
5700
5314
5981
8291
10412
13169
13487
10386
8357
8187
7945
6414
5422
4223
4282
2830
-1317
-6762
-8500
-8830
-9638
-9523
-8802
-10162
-10646
-9957
-11024
-12538
-12005
-9990
-7781
-6187
-5808
-5239
-3876
-3075
-2572
-1563
56
1777
3067
3489
3198
2560
2165
2085
2101
1917
1726
1792
2027
2046
2204
3427
5265
5941
5972
7504
10057
12142
14329
12136
8687
7924
8903
8288
7457
5665
4092
3940
704
-4247
-7792
-8131
-8625
-8253
-8045
-8936
-10691
-10914
-10618
-11728
-11834
-10289
-7960
-6063
-5700
-6272
-5341
-3963
-2903
-1652
-140
1390
2560
3041
2726
2126
1727
1960
2441
2629
2206
1490
1130
1107
1002
1772
4304
5936
6377
6641
8211
10147
12702
13977
10551
8251
8665
9767
8520
7502
4373
3711
3089
-1126
-5581
-7791
-7510
-7893
-7905
-8766
-10702
-11856
-10751
-10841
-11741
-11393
-9617
-7205
-6365
-7180
-7159
-5155
-3401
-2104
-807
546
1800
2604
2684
2305
1982
2112
2730
3142
2859
1767
791
730
1118
1601
3420
5918
6499
5975
5963
7910
9904
13551
12702
9210
8194
8372
8754
7318
5750
3856
4269
2247
-2725
-6601
-7103
-7076
-7726
-7324
-8662
-10728
-11062
-10465
-11259
-11790
-10616
-8620
-6891
-6998
-7570
-6716
-4838
-3390
-2174
-774
637
1647
1961
1792
1605
1824
2407
3018
2977
2262
1228
787
951
1457
2512
5365
6670
5683
5262
6393
9038
11721
14363
11575
8958
7805
8329
8303
7572
5654
5045
5148
674
-4277
-6226
-5521
-6082
-6394
-6286
-8676
-10685
-10410
-10353
-11248
-10492
-9108
-7502
-6979
-8503
-8295
-6309
-4663
-3747
-1887
-757
-44
645
802
1040
1434
2099
2568
2863
2415
1920
1036
404
940
1842
2520
3818
6135
5415
4121
4674
7298
9914
13344
13568
9550
7721
7602
8402
7946
6741
6145
7419
3997
-2829
-5866
-4347
-3668
-5311
-5456
-6951
-9450
-10669
-10918
-11151
-11062
-9399
-8140
-7947
-9351
-9922
-7774
-5853
-5168
-3684
-1728
-1199
-895
-550
44
610
1709
2308
2525
2297
1523
1297
705
800
1797
2434
3096
5458
5570
3619
3424
5907
8958
10865
12796
9868
7465
6819
7919
8576
7809
7330
7682
7216
357
-3834
-2352
-1114
-2621
-3547
-4561
-7566
-9537
-9978
-9866
-9851
-9107
-8141
-8568
-9977
-11176
-8938
-7051
-6143
-5324
-3344
-2690
-2808
-1972
-1382
-176
883
1946
1852
1932
1282
1128
1060
1022
1691
2192
2711
3428
4872
3640
3046
4173
6519
8244
9813
11056
8193
6804
6403
8365
8605
8618
9101
8276
6037
1190
793
1548
1374
306
-551
-2296
-5554
-6615
-7322
-7176
-7383
-7086
-7295
-8889
-10080
-10091
-8122
-7410
-6093
-5045
-4220
-4321
-3868
-2893
-2028
-686
-70
359
31
-180
-549
-659
-853
-901
-552
-578
-195
-325
-227
-654
-497
130
1014
2419
3075
3701
3594
3295
3610
4677
5898
6901
7778
7704
7425
7266
7032
7208
7606
7613
7079
6070
4642
3427
2473
1826
874
-78
-1503
-2827
-4199
-4966
-5387
-5415
-5376
-5638
-6309
-6745
-6513
-6409
-6153
-6032
-5998
-6237
-6388
-6451
-6362
-6235
-6200
-5836
-5493
-5136
-4731
-4152
-3429
-2595
-1778
-839
-37
758
1851
2794
4042
5003
6024
7118
8049
9063
9663
10486
11063
11109
10975
10874
10532
10012
9456
8486
7355
5762
4309
2944
1985
938
-184
-1215
-2348
-3433
-4364
-4729
-5217
-5830
-6354
-7083
-7833
-8262
-8523
-8842
-8977
-9271
-9371
-9546
-9534
-9391
-9096
-8583
-8002
-7329
-6699
-5858
-5059
-4005
-2938
-1665
-452
682
2078
3416
4909
6199
7659
8917
10166
11292
12179
12807
13147
13433
13261
12853
12088
11199
10259
9246
8075
6897
5488
3940
2536
1064
65
-1041
-2116
-3167
-4204
-5331
-6166
-6738
-7611
-8232
-8820
-9185
-9494
-9958
-10171
-10388
-10373
-10345
-10187
-10035
-9653
-9207
-8667
-7821
-7050
-6087
-5329
-4298
-3332
-2103
-808
566
1972
3219
4713
5901
7347
8535
9802
10945
11847
12459
12605
12753
12589
12423
11982
11431
10710
9690
8478
7280
6053
4747
3545
2347
1116
-295
-1383
-2331
-3668
-4537
-5084
-5721
-6609
-7288
-7894
-8573
-8950
-9427
-9723
-9940
-10185
-10394
-10381
-10271
-10031
-9590
-9123
-8587
-7993
-7112
-6192
-5221
-4178
-3038
-1797
-589
714
2115
3460
4860
6156
7375
8564
9544
10430
11280
11814
12124
12217
12176
12053
11629
11221
10577
9615
8574
7378
6385
5102
3671
2485
1488
467
-683
-1833
-2878
-3913
-4693
-5478
-6272
-7067
-7782
-8453
-9115
-9588
-9992
-10247
-10424
-10584
-10603
-10531
-10293
-9892
-9386
-8705
-7908
-7083
-6106
-5143
-3976
-2877
-1551
-282
1002
2354
3580
4967
6206
7475
8662
9604
10600
11363
11950
12383
12419
12428
12342
11965
11456
10781
9904
8878
7707
6526
5168
3887
2632
1409
235
-1017
-2146
-3210
-4183
-5084
-5909
-6656
-7389
-8126
-8766
-9282
-9746
-10190
-10405
-10533
-10685
-10710
-10529
-10296
-10017
-9577
-8876
-8179
-7488
-6692
-5823
-4896
-3902
-2781
-1608
-381
906
2201
3489
4799
6142
7427
8595
9629
10565
11383
12001
12398
12589
12612
12458
12130
11711
11076
10323
9340
8297
7127
5774
4479
3252
2010
942
-166
-1284
-2395
-3449
-4410
-5260
-6202
-6968
-7692
-8400
-8965
-9485
-9987
-10334
-10555
-10678
-10750
-10723
-10572
-10359
-10048
-9548
-8922
-8207
-7427
-6532
-5544
-4528
-3473
-2332
-1114
192
1558
2905
4184
5491
6848
8098
9221
10186
11043
11875
12447
12659
12773
12724
12565
12218
11726
10921
10183
9144
7891
6696
5399
4178
2928
1690
559
-639
-1771
-2994
-3952
-4963
-5836
-6719
-7563
-8354
-8947
-9547
-9981
-10336
-10638
-10853
-10948
-11023
-10939
-10712
-10331
-9882
-9287
-8671
-7880
-6946
-5911
-4845
-3751
-2595
-1362
-66
1304
2652
4001
5388
6642
7856
8969
9956
10874
11651
12214
12547
12794
12780
12625
12281
11711
11116
10440
9455
8319
7070
5913
4643
3329
1985
777
-398
-1513
-2636
-3728
-4754
-5568
-6357
-7187
-7931
-8713
-9379
-9856
-10236
-10539
-10827
-10929
-11037
-10965
-10804
-10498
-10051
-9522
-8817
-8113
-7242
-6263
-5227
-4122
-2995
-1848
-624
723
2082
3508
4884
6207
7430
8532
9627
10542
11401
12088
12545
12808
12932
12781
12497
12136
11473
10664
9723
8593
7384
6016
4763
3524
2235
1006
-165
-1407
-2599
-3671
-4759
-5813
-6505
-7313
-8068
-8788
-9547
-10096
-10523
-10901
-11066
-11130
-11225
-11180
-11015
-10833
-10355
-9779
-9074
-8230
-7397
-6459
-5433
-4339
-3217
-2030
-763
526
1845
3188
4544
5957
7293
8560
9658
10611
11463
12231
12825
13146
13343
13218
12861
12348
11792
11101
10109
9124
8102
6866
5442
4052
2806
1601
414
-681
-1904
-3142
-4174
-5211
-6108
-6931
-7668
-8460
-9236
-9884
-10411
-10728
-10839
-11064
-11192
-11168
-11104
-10879
-10536
-10053
-9396
-8515
-7586
-6587
-5487
-4409
-3322
-2146
-890
593
1999
3447
4822
6155
7458
8621
9685
10646
11448
12223
12788
12975
13062
12973
12583
12049
11523
10761
9975
8950
7701
6447
5132
3765
2396
1121
-43
-1283
-2268
-3398
-4541
-5706
-6535
-7268
-7927
-8646
-9394
-10051
-10663
-11046
-11200
-11278
-11362
-11427
-11268
-11056
-10731
-10158
-9456
-8609
-7645
-6566
-5451
-4329
-3325
-2197
-824
683
2184
3629
5010
6428
7644
8662
9717
10837
11749
12463
13003
13224
13231
12911
12259
11716
11333
10563
9719
8609
7280
5971
4661
3088
1630
665
-395
-1605
-2651
-3712
-4608
-5404
-6166
-7026
-7307
-7856
-8843
-9829
-10210
-12329
-12681
-11050
-11950
-11410
-10540
-12121
-12037
-11108
-10608
-8915
-6975
-5462
-3773
-2419
-1292
300
2697
5152
6780
8451
10386
11288
11242
11275
12581
13617
13465
13513
12886
11795
10690
9246
7859
7319
6923
6083
4665
2434
1208
305
-869
-2047
-2155
-1563
-2710
-4060
-5298
-5540
-5354
-5550
-5784
-5695
-6019
-6233
-7212
-8366
-7673
-8705
-8528
-8202
-9445
-8788
-8985
-9723
-9060
-8077
-6885
-5444
-3985
-1397
-57
-34
1367
3668
6320
8023
10311
13167
13528
11517
10188
11967
12033
10078
10535
11004
9719
6426
3401
2160
1459
-27
25
44
-1220
-2684
-3946
-5031
-5595
-4662
-3696
-3401
-3492
-3959
-4440
-4671
-4387
-3785
-3061
-2557
-2667
-3352
-4567
-5673
-6313
-5998
-5981
-6129
-5936
-6548
-7575
-7653
-7098
-5658
-3132
-71
2230
2547
3122
4785
7008
9585
13082
14802
13250
12278
11543
10921
8319
7639
7715
7736
5704
1935
-652
-2360
-4022
-5346
-4094
-3520
-4009
-4403
-4866
-6753
-6895
-4950
-3332
-2259
-1947
-1807
-1729
-1941
-2949
-2917
-959
-259
-1032
-1854
-2685
-4543
-5734
-6056
-6305
-5954
-5513
-5945
-6395
-6380
-5938
-3876
145
3790
4923
5649
7549
9651
11355
14183
17220
16062
13565
12193
11309
8262
5872
4895
4321
2770
-1487
-4399
-5524
-7221
-8936
-7344
-6044
-5580
-4861
-4484
-5581
-6302
-4572
-2397
-718
142
-380
-559
215
-1177
-2772
-1732
-616
-363
-1983
-1334
-4105
-7004
-7725
-9017
-8487
-7864
-6760
-6274
-5089
-4653
-3518
-839
3646
6305
7207
8789
11208
13264
15481
18819
19630
17213
13819
10960
9236
5724
1688
490
454
-1401
-6067
-8655
-8818
-9130
-10359
-8860
-6431
-4588
-3699
-3516
-4028
-3649
-1604
452
1952
1127
334
998
-169
-3160
-4638
-3284
-2445
-3939
-5454
-6478
-7499
-9001
-9995
-9563
-8395
-6856
-5877
-5441
-4873
-4025
-1438
3231
7754
10311
11613
12922
14917
16487
17511
20174
19817
15414
11082
8619
5904
1186
-1577
-2564
-2596
-5422
-8758
-10174
-9799
-10678
-10435
-7001
-3253
-1488
-77
1011
-17
-150
863
2846
3308
2153
533
548
-1085
-5143
-7065
-6257
-6095
-7669
-8635
-9031
-9845
-10953
-10891
-10003
-8320
-6628
-5129
-3502
-2570
-1381
1862
6514
11015
13495
14451
15941
17180
17689
17828
19141
18690
13753
8545
6497
3845
-642
-4372
-5705
-5287
-6798
-9082
-9965
-8743
-7876
-6939
-4137
-487
1277
2637
3518
2800
1789
2292
3689
3085
834
-1815
-2328
-3199
-7011
-9829
-9364
-9062
-10172
-10987
-11085
-10919
-11040
-10733
-9616
-7770
-5805
-3688
-1610
-299
843
3250
7262
11751
14524
15257
16023
16692
17711
17219
17008
17008
13377
7606
3567
1839
-1879
-5427
-7628
-7279
-6654
-7895
-8962
-7436
-5642
-4568
-1864
1618
3597
4400
5806
5172
3812
2971
2891
2156
-146
-3666
-5709
-5906
-8397
-11569
-11986
-10878
-11002
-11722
-11864
-11422
-10782
-9912
-8685
-6467
-4459
-2746
-1165
340
1272
2449
5319
8948
12490
14010
14596
14862
15742
16069
15179
15715
14418
10017
5344
2608
56
-3207
-5519
-6555
-5612
-6043
-6731
-6123
-4143
-3132
-1578
823
3068
3949
4808
5005
4061
3565
2758
1777
-226
-3065
-6431
-7258
-8161
-10330
-11652
-11236
-11047
-11190
-11558
-11631
-10643
-9057
-7667
-6269
-4322
-2775
-1493
-409
621
1427
3386
6326
9563
12530
13732
13624
13570
14652
14648
13842
14185
12735
8931
5570
3081
634
-2007
-4477
-5591
-4785
-5356
-5715
-4399
-2739
-1753
-128
1304
2649
3396
3811
3607
3173
2713
1420
160
-2046
-4576
-6897
-7445
-8222
-10004
-10816
-10555
-10508
-10871
-11303
-10871
-8931
-7039
-6488
-5820
-4594
-3780
-2676
-1130
812
2620
4637
6579
8598
10632
11280
11745
13288
15088
15040
14860
14892
11761
7836
5991
5017
1535
-1824
-4461
-4905
-4877
-6340
-6240
-3577
-1540
-1827
-1390
-230
925
1415
2587
3055
3455
2592
1209
-267
-2668
-5610
-6784
-6377
-7719
-9983
-10599
-9941
-10080
-10966
-11382
-10104
-8468
-7792
-7330
-5683
-4119
-3192
-1914
-567
400
1296
3184
5612
8458
10655
11778
12913
14201
14805
14404
14409
14424
12345
10431
8104
5275
1836
-1377
-4163
-5157
-5545
-6457
-5721
-3986
-3453
-3013
-1456
-852
260
1161
2243
2810
3159
2253
1673
574
-1502
-3960
-5219
-5820
-7555
-9431
-10062
-9934
-10052
-10425
-10553
-9590
-8660
-7969
-7268
-5882
-4602
-3382
-2024
-929
85
1150
2958
5207
7861
10105
11286
12164
13305
14295
14494
14645
15041
13176
11094
9041
5879
2327
-377
-3088
-4448
-5405
-6764
-5995
-4374
-3977
-4163
-2778
-1736
-673
-19
1230
2289
3119
2509
1889
1086
-768
-2937
-4195
-5022
-6642
-8174
-8918
-9005
-9458
-10078
-10318
-9628
-9005
-8399
-7600
-6185
-4805
-3778
-2560
-1505
-508
570
2266
4155
6683
9062
10319
11452
12946
14012
14082
14543
14885
13341
11838
10943
8866
4267
821
-1336
-3595
-5019
-7159
-6935
-5237
-5237
-5860
-4406
-3131
-2561
-1587
-200
874
1556
1553
1739
1764
135
-1991
-2525
-3276
-5563
-7302
-7993
-8365
-9094
-9965
-10286
-9662
-9259
-8951
-7776
-6333
-5306
-4134
-2676
-1480
-561
858
2536
4421
7216
9416
10802
12385
13850
14902
15195
15696
15503
14841
13975
10987
6433
2880
174
-3045
-4950
-7164
-7550
-6479
-5897
-6738
-6108
-5273
-4390
-2778
-1671
-727
833
2180
2416
2777
1642
-57
-1083
-1955
-3744
-5527
-6891
-7410
-8127
-9162
-9831
-9574
-9206
-9055
-8420
-7288
-6056
-5102
-3847
-2617
-1570
-608
1153
2997
5151
7687
9480
11051
12589
14315
15431
16162
16557
16235
15994
13286
8500
4853
2294
-926
-4081
-6382
-7869
-7105
-6884
-7739
-7712
-6844
-6463
-4918
-3447
-1831
-261
1260
2558
3644
2889
1257
506
-342
-1867
-3776
-5248
-5855
-6272
-7468
-8437
-8777
-8828
-8942
-8514
-7582
-6680
-5890
-4633
-3131
-2212
-1616
-218
1713
3595
5736
7676
9683
11891
13938
15258
16223
16799
16461
16751
14997
10135
5804
3367
646
-2099
-5553
-8088
-7411
-7160
-8674
-9508
-8764
-8725
-7175
-5485
-3871
-2173
-603
1212
3383
3161
1482
1076
1053
40
-1659
-3304
-4186
-4536
-5806
-7055
-7679
-8194
-8655
-8262
-7671
-7425
-6809
-5687
-4214
-3146
-2696
-1614
354
2222
4217
6371
8555
10889
13122
14973
16191
16827
16964
17596
17844
14736
8318
5029
4049
614
-3546
-6942
-7509
-7692
-8966
-10470
-10084
-10090
-9899
-8053
-6057
-4380
-2957
-813
2020
3537
2496
2083
2641
2278
545
-819
-1951
-2798
-3758
-4979
-5831
-6790
-7798
-8126
-7560
-7435
-7571
-7026
-5829
-4623
-3928
-3317
-2096
-388
1327
3351
5936
8284
10953
13744
15803
17109
17476
17700
19091
18371
12870
7534
5852
3674
-180
-4419
-7886
-8450
-9238
-11210
-12404
-11915
-12499
-11478
-8915
-7103
-5485
-3449
-794
2420
3469
2404
3044
4035
3484
2102
653
-763
-1570
-2671
-4038
-4988
-6316
-7600
-7563
-7311
-7585
-7534
-6954
-5766
-4770
-4503
-3952
-2472
-753
1051
3508
6035
8495
11224
13930
16098
17163
17277
17987
19851
18465
13168
7970
6072
4105
-127
-4515
-7475
-8243
-9221
-11150
-12384
-12567
-12902
-11174
-9001
-7046
-5755
-4038
-806
2458
2860
1909
2945
4002
3804
2494
997
26
-697
-1816
-2932
-4109
-5811
-6935
-6952
-6944
-7481
-7582
-6815
-5420
-4698
-4681
-4043
-2694
-1214
649
3236
5577
8115
10863
13475
15299
16437
17006
18100
19760
17763
12908
8636
6399
4266
110
-4409
-7072
-7927
-9180
-11168
-12621
-13274
-13588
-11993
-9853
-8209
-6755
-4670
-1223
1662
1728
1284
2658
3900
3828
2600
1257
447
-181
-1179
-2199
-3508
-5261
-6282
-6432
-6778
-7411
-7432
-6669
-5518
-5260
-5302
-4494
-3156
-1684
47
2414
5020
7874
10640
12998
15144
16141
16619
17450
19507
19128
14689
10037
7663
5734
1652
-2655
-5982
-7840
-9150
-11000
-12433
-12980
-14049
-13027
-10940
-9592
-8277
-6315
-3005
137
928
935
2430
3703
3836
3420
2544
1481
595
-245
-1086
-2154
-4018
-5158
-5383
-5974
-7015
-7408
-6932
-6092
-5692
-5650
-4840
-3601
-2502
-1059
1331
3805
6283
8790
11367
14162
15333
16014
17340
18887
20223
17521
12251
8493
6836
3992
-152
-3633
-6683
-8210
-9451
-11256
-13252
-14245
-14559
-12456
-10508
-9467
-8089
-5220
-2018
21
411
1022
2797
4108
4273
3602
2683
1683
1071
226
-957
-2497
-3809
-4409
-5006
-6187
-7144
-7180
-6718
-6241
-6092
-5734
-4964
-4059
-2657
-539
1829
4222
6712
9557
12339
14217
15298
16439
17481
19113
19749
16084
11159
8618
7416
3999
-776
-4546
-6871
-9070
-10747
-12461
-13879
-14789
-14419
-12592
-11342
-10249
-8555
-5672
-2628
-897
-329
1130
3111
4018
3896
3549
3062
2160
1259
513
-635
-2210
-3353
-3942
-4616
-5599
-6468
-6672
-6336
-6234
-6340
-5886
-5065
-3943
-2473
-559
1578
4134
6695
9064
11541
13595
15226
16756
17819
19219
20058
16874
11547
8312
7515
5223
819
-3183
-5684
-7694
-10253
-12405
-13644
-14751
-14655
-13128
-11253
-10300
-9176
-6850
-3401
-1128
-696
-1
2144
3789
3974
3811
3486
2857
1834
1006
302
-1014
-2428
-3277
-3603
-4241
-5423
-6337
-6304
-5944
-6045
-6134
-5352
-4059
-2794
-1322
806
3381
5618
7849
10682
13281
14626
15596
16979
18853
20268
17998
12339
8496
8179
6726
2536
-1850
-4352
-7086
-9916
-11933
-12914
-14405
-15158
-13615
-11861
-11171
-10608
-8928
-6024
-2900
-1411
-707
635
2336
3288
3391
3467
3281
2460
1699
1395
189
-1810
-2922
-2889
-3071
-4303
-5648
-6163
-6064
-6068
-6204
-5985
-4967
-3564
-2168
-536
1565
4048
6389
8831
11511
13655
14923
16196
17847
20002
19698
15646
10724
8896
8824
6387
1460
-2275
-4498
-7335
-10403
-12064
-13452
-14924
-14677
-13211
-12248
-12312
-11693
-8845
-5477
-3436
-2555
-1592
309
2219
2811
2482
2960
3561
3191
2367
1625
690
-658
-1644
-1759
-2118
-3383
-4737
-5081
-5097
-5633
-6335
-6020
-4536
-2986
-1918
-756
1311
3955
6041
8265
11068
13445
14820
15655
17629
19981
18905
13943
9420
9241
10118
7075
1595
-2131
-3680
-5702
-9386
-12044
-13219
-13311
-13361
-13486
-13180
-12920
-12382
-10513
-7276
-4835
-4098
-3735
-2218
445
1820
1579
1674
2772
3660
3190
1862
840
627
526
129
-538
-1612
-2852
-3683
-4103
-4470
-4662
-4526
-3867
-2939
-1785
-544
977
2989
5325
7880
9723
11013
12329
13996
15898
17307
16310
12741
9571
9339
10073
7748
2985
-844
-2087
-2924
-5716
-9004
-11192
-10918
-9784
-10195
-11791
-12732
-11576
-9383
-7903
-7137
-6410
-5224
-3418
-1526
-612
-468
-126
931
2096
2208
1569
1071
906
1069
1214
628
-617
-1538
-1681
-1716
-2510
-3331
-3127
-2197
-1341
-1212
-1226
-372
1418
3468
4625
4907
5386
6797
7971
8314
8422
8737
8551
7215
5464
4847
5193
5139
3687
1618
673
360
-45
-1079
-2388
-2892
-2540
-2149
-2919
-4172
-4509
-3923
-3327
-3630
-4030
-3706
-2995
-2752
-3089
-3604
-3564
-3019
-2516
-2511
-3003
-3370
-3031
-2723
-3065
-3756
-4200
-4044
-3690
-3693
-3997
-3905
-3070
-2088
-1543
-1478
-1175
37
1399
2235
2544
2848
3688
4749
5401
5392
5273
5486
6011
6384
6343
5980
5380
4864
4631
4858
4877
4538
4041
3702
3705
3594
3065
2366
1931
2068
2257
1559
324
-541
-766
-923
-1457
-2288
-3218
-3834
-4094
-4513
-5223
-5970
-6309
-6175
-6068
-6503
-7208
-7488
-7067
-6301
-5715
-5509
-5470
-5065
-4360
-3655
-3122
-2671
-1831
-796
-119
191
479
997
1696
2436
2884
3112
3389
3754
3957
3931
3770
3920
4551
5104
5024
4623
4594
4924
5168
5108
5175
5542
5757
5626
5366
5096
4910
4893
4638
4019
3252
2675
2035
848
-587
-1456
-2050
-2887
-4049
-5135
-5716
-6176
-6617
-7230
-7641
-7438
-6914
-6576
-6574
-6589
-5990
-5067
-4229
-3721
-3379
-3054
-2610
-2139
-1828
-1431
-1001
-756
-562
-363
-271
-126
125
416
600
670
943
1356
1690
1876
2047
2485
3060
3699
4308
4658
4913
5353
5963
6122
5797
5805
6368
6793
6570
5875
5301
5135
4737
3818
2806
1972
1340
596
-624
-1833
-2667
-3436
-4249
-5038
-5512
-5765
-5853
-6028
-6344
-6335
-6021
-5507
-4967
-4521
-4201
-3953
-3655
-3274
-2855
-2520
-2151
-1668
-1408
-1535
-1648
-2514
-3918
-3923
-1875
-190
-722
-1996
-1516
-388
-1008
-1561
514
3729
4419
2994
2887
4356
6269
7764
8943
10416
11044
10665
10338
10195
9834
9706
9885
9861
7936
4795
2535
1847
1213
-906
-2866
-4332
-5797
-7873
-9615
-10471
-10349
-10280
-10457
-10790
-11136
-10944
-9915
-8191
-6594
-5554
-4741
-3710
-2563
-1705
-1445
-1394
-233
1698
2610
2055
1007
1023
1997
2285
1585
1011
1171
1449
1173
548
443
1134
2212
3031
3532
3949
5033
6745
8408
9638
10358
11620
13251
15474
16159
12967
7739
5280
8532
10154
5974
-453
-2319
-3838
-6536
-9037
-10579
-12038
-13735
-13393
-14309
-16476
-17459
-15234
-12462
-11726
-12043
-11591
-9359
-6349
-3930
-3031
-2353
-443
1534
2222
2012
2627
4054
5213
5361
4466
3574
3263
3590
3296
1800
485
229
457
32
-589
-839
-235
1557
3653
5005
5786
7231
9676
12215
14024
16033
17344
18766
18957
14832
8643
7699
10709
9511
2514
-2881
-4616
-7958
-11451
-12021
-13040
-16090
-17085
-15861
-16261
-18181
-17112
-13152
-10611
-10659
-10595
-8747
-5737
-2769
-610
240
1038
2274
3271
3652
3760
4064
4439
4545
4034
2806
1528
971
889
334
-789
-1689
-2063
-2257
-2382
-2146
-1446
-251
1698
4264
6407
7625
8989
11747
15158
17525
18392
19279
19754
17021
11690
8522
9848
8526
2824
-2925
-5939
-9367
-13081
-14481
-14954
-16484
-17737
-17201
-17098
-17298
-15520
-12005
-8796
-7337
-6786
-5403
-2001
1332
3051
3581
3965
4338
4186
3920
3500
3200
3122
2539
931
-1004
-1892
-1806
-1875
-2591
-3617
-4245
-4152
-3442
-2796
-2283
-1214
461
2510
4670
7161
9559
11197
12889
15355
17735
18905
19279
19812
16394
9613
6051
7456
7271
1636
-4391
-8331
-12339
-14771
-14358
-14944
-17936
-18923
-16422
-14786
-14702
-12775
-8628
-5141
-3449
-2648
-1357
1181
4337
6416
6251
4700
3773
3976
3893
2617
1128
140
-842
-2349
-3642
-4050
-4205
-4220
-4312
-4870
-5262
-4518
-2765
-1195
-557
337
1905
4035
6550
9216
11992
13507
14151
15472
17575
18967
19066
18729
17714
11716
3153
2494
4366
-881
-7495
-10880
-13176
-15880
-16649
-15549
-16373
-17202
-15379
-12855
-11816
-9679
-5616
-1307
54
0
1332
3314
5730
6964
6739
4859
2733
1990
1680
236
-1637
-2743
-3785
-5339
-6791
-6767
-6278
-5770
-5347
-5205
-4998
-4159
-2054
255
1299
1964
3721
5835
7839
10187
12632
14156
14469
15002
16355
17524
17574
15751
15485
12936
5312
-560
-664
-295
-6173
-10643
-13053
-15478
-18116
-16658
-13850
-14440
-15415
-12694
-8750
-6750
-4689
-1446
1666
2630
2600
3592
4928
5845
5710
4621
2254
-161
-1178
-1481
-3003
-5077
-6367
-7098
-7716
-7592
-6627
-6091
-5624
-4684
-3362
-2064
-629
1318
3204
4243
4907
6455
8244
10102
11997
13790
14430
14244
14631
16151
17132
16005
14022
13809
8040
53
-2798
-369
-3094
-10189
-12428
-14385
-15371
-15175
-13767
-13589
-14287
-11783
-8211
-6477
-4595
-1830
1134
3464
3038
2337
2837
4491
5209
3751
1108
-1285
-2425
-3085
-4347
-6289
-7515
-7647
-7449
-7802
-7468
-6216
-4568
-2952
-2328
-1723
-372
1967
4365
5385
5293
6023
7610
9258
10584
12076
13471
13437
12836
13310
14438
14539
13081
11865
12445
6553
-1202
-4209
-1487
-2855
-8462
-11308
-13937
-14531
-14123
-11377
-11467
-12187
-9690
-6091
-4664
-3724
-1426
1577
3675
2431
1242
1455
2959
3461
2060
-915
-3576
-4209
-4251
-5341
-7032
-7644
-7478
-7366
-7351
-6409
-4886
-3323
-1688
-718
-103
1173
3490
5370
5708
5647
6569
7993
9339
10095
11178
12560
12610
12096
12638
14009
13574
12078
11436
12305
6050
-3562
-4431
620
-3037
-9773
-13064
-13505
-13372
-12093
-10410
-11833
-12395
-8520
-4576
-3734
-3518
-1389
1924
2936
1251
558
1387
2544
2309
211
-2983
-4907
-4798
-4492
-6229
-8144
-8184
-7318
-6925
-6606
-5208
-3415
-1896
-796
-72
1024
2840
4964
6009
5662
5428
6665
8093
9303
10610
12198
12548
11697
11471
13244
14565
13626
11959
12254
9889
2458
-4058
-617
1361
-6361
-11345
-12914
-13006
-12610
-9731
-9303
-13081
-12805
-7221
-3593
-3330
-2173
-166
1871
1133
385
1103
2300
2711
811
-2275
-4994
-5238
-4077
-4597
-6905
-8406
-8213
-7430
-6629
-5114
-3423
-2605
-1855
-950
233
1962
4145
5653
5465
4750
5782
7856
9194
10291
11287
12174
12012
11236
12434
14380
15300
13325
12511
11350
3811
-2819
-1626
3000
-2901
-11180
-13069
-12937
-13708
-11876
-10135
-11423
-12560
-9973
-5955
-4305
-2597
-20
2165
1419
-605
253
2694
3694
1876
-1483
-4239
-5231
-4551
-4361
-6321
-8267
-8404
-7846
-7545
-6481
-4095
-2392
-1892
-1469
-255
1663
3756
5526
5940
5225
5473
7263
9085
10203
11199
12436
12595
11764
12241
13883
15385
14881
13517
11959
4501
-1747
-1817
2250
-1220
-9476
-13863
-14218
-13050
-11379
-9940
-11455
-13146
-11121
-6609
-3759
-1726
-497
924
1381
396
995
2554
3549
2276
-1165
-4138
-5083
-4708
-4800
-6341
-8205
-9128
-8897
-7893
-6327
-4583
-3134
-2413
-2013
-1041
994
3565
5266
5381
4764
5021
6691
8593
10367
11661
12416
11948
11592
13260
15119
15997
14127
13032
12718
5926
-1581
-2295
1868
-997
-8740
-12942
-14481
-15266
-12508
-9051
-10083
-13141
-11527
-6963
-3710
-1042
811
1777
1503
272
1420
3304
3909
2666
-950
-4346
-6007
-5393
-4916
-6466
-8394
-9246
-9254
-8763
-6951
-4542
-3046
-2472
-2011
-806
1161
3465
5518
6078
5318
5276
7090
9235
10560
12060
12870
12239
11738
12933
14866
15291
14617
13131
12453
6900
-1687
-1610
3152
-1193
-10786
-14899
-13452
-11958
-11046
-10236
-12062
-12949
-9773
-5401
-3572
-2155
735
2574
1076
-568
1319
3858
3882
1219
-2310
-5179
-5813
-4963
-5473
-7651
-9602
-9660
-9227
-8846
-7019
-4516
-2783
-2515
-2347
-721
1844
4520
6104
5868
5111
6017
8309
10102
11322
12701
13299
12287
11705
13380
15362
15931
14905
14084
12466
2599
-4657
2359
3568
-5255
-12413
-14701
-14335
-13396
-10222
-9234
-11461
-11862
-8939
-5965
-2912
970
3740
2943
-569
-319
3093
4960
3783
525
-3419
-6022
-6455
-5843
-6246
-7965
-9283
-10273
-10488
-8800
-5837
-3274
-2283
-2709
-2315
-20
3217
5811
6217
5563
5377
6594
9080
11570
13199
13335
12259
11761
13518
15227
15618
14370
14511
11628
1420
-2014
1987
3934
-3777
-11527
-14364
-13902
-11811
-9865
-9774
-12450
-12158
-8761
-5047
-2728
406
2487
2906
431
104
3293
5042
4027
378
-3951
-5793
-5545
-5247
-6419
-8456
-9741
-10439
-10229
-8665
-6227
-4108
-3138
-3109
-2592
-481
2524
4913
5711
5277
5180
7013
9479
11582
13087
13257
12653
12361
13308
14599
14733
14122
14667
11442
2612
-2757
1474
2943
-3658
-10511
-13981
-13511
-12039
-10432
-10485
-11247
-10235
-7467
-5605
-3473
-107
3280
4065
1231
42
2179
3904
3625
871
-3149
-5785
-6539
-6598
-7404
-8533
-8979
-9957
-10543
-9273
-6787
-4240
-2811
-2814
-2625
-584
2451
4590
5405
5867
6437
7879
9957
11977
13309
13380
13371
13784
14061
15150
15146
15612
13699
4749
-1167
-910
3124
304
-7314
-12113
-14208
-13077
-11054
-9759
-10482
-10343
-9474
-7574
-3761
439
2889
2910
1695
950
2961
4407
3934
1807
-1857
-4729
-6098
-6671
-6989
-8037
-9341
-10570
-11115
-9660
-7154
-5290
-4200
-3721
-3031
-1133
1428
3531
4522
4673
5551
7493
9694
11645
12581
12398
12969
14064
14693
14623
14507
14565
15534
10271
1566
-547
2680
712
-5725
-9953
-11637
-12445
-11504
-10127
-11553
-11382
-7823
-5100
-4872
-3283
237
2789
3593
2163
1791
2423
2545
2099
-238
-3441
-5641
-6308
-6959
-8522
-9696
-9837
-10051
-9897
-8612
-6890
-5160
-4066
-3201
-2018
-229
1780
3266
4148
4997
6321
8782
11211
11830
11762
12961
14254
14645
14211
13934
14632
15631
11001
1278
-2342
2785
3743
-4018
-10569
-12080
-11517
-10064
-8307
-10018
-11651
-9690
-5519
-3032
-2116
-265
2110
3149
2035
1503
2344
2958
2076
-556
-4136
-6069
-5539
-5496
-7590
-10253
-10575
-9835
-8905
-7806
-6578
-5326
-4489
-3639
-2534
-689
1541
3382
4170
4565
6025
9325
12081
12757
12505
12598
14251
14576
15070
15865
16419
15539
7632
-1656
-952
5909
2763
-6541
-12624
-13242
-10814
-7397
-7074
-10689
-11435
-8634
-4528
-2390
233
2330
3016
1555
308
1898
3716
3552
1107
-3133
-6332
-6612
-5240
-5226
-8124
-10475
-10908
-10355
-8893
-6595
-4628
-4394
-5114
-4357
-1839
879
2563
2848
3124
4523
7245
10227
11353
11454
11546
12817
14100
14505
14860
14414
15419
12288
2554
-1626
2588
6207
-1797
-10455
-10896
-8048
-7642
-8304
-9493
-10128
-8388
-4757
-3452
-2905
127
3435
3661
775
-418
2419
4056
1504
-2725
-5580
-5644
-5053
-5515
-8000
-10454
-10322
-8830
-8715
-8582
-6588
-4191
-3643
-4478
-3782
-895
1596
2361
2628
3530
6338
9349
10574
10837
11103
12436
13739
13983
14936
15379
15905
13190
4482
29
1601
5024
807
-6169
-10221
-10150
-9142
-7562
-7646
-8505
-8281
-7024
-4794
-2018
1084
2714
2710
801
-455
1501
3566
2677
-1476
-5582
-5960
-5107
-5656
-7884
-9848
-10038
-9410
-9054
-8426
-6883
-5159
-4096
-3885
-3615
-1942
356
2010
2723
3110
4913
7798
9642
10417
11181
12022
12735
13061
13951
15159
15372
13258
7193
2275
3012
5422
2167
-4423
-8148
-8488
-8027
-7183
-6988
-7847
-8018
-6170
-4271
-2656
161
2272
2660
1182
-346
670
2834
2836
-1297
-5444
-6147
-5162
-5650
-7704
-9382
-9876
-9449
-8987
-8467
-7187
-5356
-4061
-4155
-4063
-2310
415
2188
2676
3459
5602
8141
9180
9486
10941
12864
12872
11831
13206
15606
16321
13264
4810
1219
3757
6518
1504
-5835
-7703
-7223
-6204
-6318
-7979
-8679
-6009
-3829
-4522
-4164
-371
3041
2934
-56
-1649
340
2645
1617
-3067
-6101
-5573
-5167
-6956
-8731
-9012
-8869
-9485
-9789
-8596
-6613
-4835
-4247
-4543
-4119
-1963
397
1551
2160
3255
6075
8011
9099
10046
10938
11732
12234
13369
15071
15448
15402
11721
3698
1752
5356
5076
-568
-6040
-7179
-6611
-6086
-6112
-7671
-6847
-4918
-4280
-4416
-1825
2158
3254
1594
-674
-406
1483
2221
-170
-4033
-5452
-5099
-6343
-8110
-8489
-8560
-8895
-9680
-9464
-7915
-5921
-4651
-4541
-4567
-3146
-783
573
1410
2603
4716
6936
8034
8820
10166
12012
12985
13296
13494
13627
14847
13888
8728
3196
4034
6117
1971
-3336
-5711
-4633
-5105
-5777
-6733
-6844
-5438
-4408
-3272
-2082
-574
866
1300
682
150
536
875
-278
-3136
-4757
-4840
-5519
-7686
-8791
-8981
-8836
-8837
-8823
-8446
-7551
-6073
-5061
-4535
-3691
-2107
-996
-57
1761
4140
5970
6944
8312
10119
11043
11800
12578
13912
14828
15167
14099
7680
3186
5067
8224
4253
-3098
-5294
-4750
-4635
-4865
-4920
-6778
-6916
-4736
-3609
-2310
-19
1345
-122
-1154
-389
1330
1467
-203
-3014
-5627
-5715
-4943
-6163
-8748
-9782
-9261
-9116
-9435
-8684
-7312
-6606
-6725
-6139
-4353
-2337
-1144
-710
200
2492
5159
6866
7632
8906
10716
11639
12061
13261
14597
15531
15822
11435
4507
4133
8547
6329
589
-3085
-4511
-3992
-4581
-3943
-5511
-5550
-4363
-4073
-2862
-497
1790
1220
-875
-1793
205
1609
511
-2384
-5286
-5612
-5056
-6331
-8380
-8908
-8594
-8705
-9604
-9245
-7410
-6121
-6214
-6582
-5635
-3394
-1116
-568
-390
1676
4057
5712
7010
9087
10611
11160
11593
12835
15266
16330
16233
10483
3127
3482
9451
9361
1754
-4066
-5856
-4590
-3524
-3120
-4557
-5914
-4516
-3816
-2466
309
2115
1072
-936
-1062
784
2088
1101
-1946
-5744
-6636
-5238
-5307
-7790
-9870
-10196
-9981
-9779
-8827
-7078
-6245
-6902
-7047
-5721
-3064
-330
293
70
1239
3830
6245
7503
8626
9939
11103
11932
12543
13315
14651
15621
9621
3575
4497
7781
6427
1831
-2244
-4336
-3804
-3147
-3800
-5776
-4122
-2314
-3114
-3190
-346
1341
438
-1157
-1039
497
1075
-92
-2274
-4915
-5592
-5885
-8287
-9041
-7782
-8025
-10535
-11802
-9531
-6620
-6125
-6816
-6687
-5431
-3312
-965
58
717
2520
4373
5383
6749
9061
10867
11421
11078
11859
13424
14860
14265
8498
4409
6298
8529
4825
651
-1619
-1541
-2409
-4406
-4523
-3397
-1997
-2175
-3930
-2977
93
1754
599
-1218
-913
683
489
-1758
-3169
-4048
-4825
-6670
-9941
-9296
-6801
-7237
-10717
-12237
-9252
-6097
-6021
-6848
-6495
-4934
-2720
-752
185
1509
3134
4208
5175
7370
9064
10360
11403
11972
12744
12728
14800
14295
7784
3979
5496
9678
6166
241
-2442
-2263
-2551
-2665
-3116
-3895
-3541
-2154
-2064
-2001
19
1221
-513
-2192
-805
1133
235
-2146
-4078
-5958
-7490
-6702
-6375
-7554
-9397
-10269
-9786
-9245
-7889
-6597
-6475
-7049
-6526
-4556
-2441
-522
696
1194
1774
3508
6332
8328
8655
9124
10341
11890
13364
14147
14220
10094
6771
7018
7303
5957
3965
1608
-1409
-2703
-2373
-2455
-3317
-2536
-2264
-3420
-2683
-214
-128
-1133
-1142
-840
-832
-873
-949
-2446
-4950
-5221
-5991
-8653
-8334
-6690
-7600
-10694
-11004
-8542
-6840
-7061
-7005
-6218
-5481
-3942
-2104
-629
484
1712
2746
3932
5971
8202
9278
9598
10372
12003
13157
14113
13347
8976
6145
8107
9607
5550
1285
417
1043
-1288
-3376
-2565
-1421
-2439
-3078
-2920
-1681
-154
-322
-1007
-1589
-763
347
-738
-2965
-3493
-4266
-6577
-7045
-6304
-6581
-8879
-10253
-9478
-8468
-7788
-6859
-6706
-7237
-6329
-4522
-3173
-1911
-511
586
1222
2498
5158
7430
8002
8518
10119
11539
12639
14091
14574
10253
6068
7184
9683
8810
3971
595
161
-1072
-1283
-1701
-2203
-2346
-2383
-2744
-2527
-645
269
-746
-2159
-1957
-541
-638
-1561
-2806
-4570
-6462
-7400
-6472
-6176
-7387
-9801
-10143
-9299
-8046
-6923
-6695
-7228
-7383
-6096
-4082
-2273
-588
208
310
1410
3731
6196
7368
8102
9462
10444
11610
13343
14645
12502
7999
6715
8515
10338
7436
3715
758
-661
-613
-545
-848
-1364
-2018
-3123
-3518
-1613
236
-576
-2438
-2629
-1731
-1156
-1313
-2525
-3982
-5884
-7958
-7265
-5976
-6016
-8388
-10289
-10260
-8744
-7022
-6425
-6764
-7337
-6957
-5714
-3681
-1402
-140
-227
153
2088
4590
6508
7820
8857
9647
10759
12173
13913
13926
9696
7406
8786
9952
8078
4563
3376
2391
20
-1332
-1154
-553
-1094
-1438
-2717
-2641
-1468
-545
-803
-2398
-2225
-1431
-1967
-3277
-3874
-4623
-4974
-5867
-7355
-7587
-7165
-7090
-8051
-8982
-8295
-6670
-6238
-6503
-6103
-5423
-4597
-3183
-1704
-319
756
1619
3135
4132
5999
8378
9898
10248
10599
12086
13666
11561
8653
8623
10238
9538
6322
3904
2784
2190
146
-948
-1429
-956
-1391
-2471
-2547
-2062
-1704
-2088
-2109
-2271
-2218
-2206
-2789
-3623
-4265
-5473
-7133
-6995
-6357
-6556
-8471
-9142
-8514
-7990
-7397
-6690
-6343
-6326
-5696
-4865
-3544
-1661
-334
224
787
2395
4153
5323
6822
8768
10348
10832
11824
13033
11065
9274
9526
10450
9980
6370
4092
4396
3758
1400
-578
-1033
-392
-324
-1505
-2587
-1899
-1302
-1980
-3220
-3332
-2034
-1995
-3293
-4739
-5401
-5610
-5478
-6042
-7015
-7156
-7708
-7956
-8376
-8085
-7093
-6565
-6987
-7266
-6447
-5100
-3783
-3090
-2548
-1351
217
1820
3253
4072
5888
7867
8976
10209
11302
13005
12797
10012
8655
9871
11142
9156
6457
4332
3506
2619
1826
698
-596
-551
-216
-1622
-2956
-2037
-1185
-2123
-3199
-3343
-2595
-2725
-3844
-4587
-5746
-5616
-5615
-6740
-7235
-6871
-6842
-7779
-8064
-7132
-5992
-6178
-6537
-5815
-5061
-4442
-3260
-2272
-1552
-407
913
2297
3112
4457
6534
8231
8839
10496
12314
12316
10145
8866
10056
11193
10198
7436
5323
4157
3982
2811
466
10
406
-1149
-2682
-2326
-1271
-1818
-3322
-3825
-3670
-3242
-2890
-3325
-4459
-5285
-5083
-6227
-8062
-6442
-5260
-6487
-8972
-9206
-7304
-6241
-6170
-6388
-6560
-6299
-5006
-3809
-2908
-1736
-510
-44
619
2329
4614
6537
7514
8431
9674
10668
12836
12636
9818
9774
11186
11143
8389
6458
6078
5365
2898
1580
1106
711
-31
-932
-2310
-2550
-1605
-2518
-3888
-3930
-3458
-3303
-4016
-4817
-5531
-6080
-5530
-5547
-6737
-7493
-7043
-7186
-7714
-7604
-6998
-6682
-7028
-6944
-6252
-5457
-4939
-4140
-3382
-2476
-969
353
1500
2842
4310
5850
7476
9023
10543
11988
12605
10924
9956
10575
11425
10623
8436
6939
5584
4298
3421
2280
955
568
307
-1321
-2437
-2084
-1687
-2543
-3784
-3615
-3662
-3964
-3908
-4391
-5141
-5698
-5766
-6327
-6394
-6133
-6416
-7194
-7709
-7104
-6482
-6237
-6296
-6258
-5945
-5389
-4576
-3571
-2648
-1785
-772
294
1700
2946
4592
6154
7685
9099
10442
12052
11634
9933
10485
11907
11176
9583
7579
7099
6074
3914
3201
2431
1072
122
-694
-1771
-1520
-1442
-2776
-3690
-3897
-3629
-3514
-4120
-4099
-4211
-5791
-6018
-6730
-6459
-5386
-5676
-7389
-8449
-7469
-6342
-5916
-6548
-6374
-6202
-6050
-5399
-3967
-3015
-2668
-2095
-1679
17
2198
3825
4768
5892
7311
8936
10341
11665
11542
10295
10282
10945
11155
9446
8189
7177
5203
3891
3051
2732
1504
144
-782
-1682
-2168
-2374
-2908
-3020
-3641
-4189
-4506
-4383
-4024
-4730
-6796
-6693
-5755
-5864
-6718
-7347
-6841
-6933
-7174
-7017
-6312
-6420
-6384
-6031
-5779
-4936
-3715
-3192
-3134
-2233
-533
1194
1910
2805
4681
6280
7626
9022
10105
10796
10371
10346
10371
11845
11106
8610
7540
7231
6110
4466
3742
3061
1439
-177
-154
-354
-1349
-2114
-2476
-3724
-3662
-3187
-3951
-4434
-4690
-5195
-5860
-6199
-5440
-5431
-6633
-7117
-6598
-6564
-6569
-6154
-6148
-6304
-6142
-5681
-4976
-4220
-3459
-2874
-2618
-1709
-242
1091
1949
3152
4533
5524
7273
9087
10021
10726
10164
10216
10373
10982
10836
9383
7804
6389
5603
4786
4099
2711
1313
217
-353
-1028
-1531
-1976
-2596
-3656
-4569
-4586
-4370
-4273
-5382
-6305
-6533
-6317
-6100
-6600
-6905
-6738
-6806
-7053
-6583
-6087
-5871
-6013
-6159
-5878
-5057
-4068
-3357
-3242
-3001
-1902
-323
1079
1994
3191
4266
5425
6650
8281
10225
10821
7906
7278
10429
12140
10927
9373
8855
8186
6474
4871
4051
3176
1517
-329
-1430
-1448
-680
-434
-2287
-3646
-3315
-3489
-4021
-4557
-5546
-6144
-6836
-7177
-6851
-6728
-6304
-6289
-6989
-7104
-6077
-5498
-5767
-6182
-6343
-5804
-5069
-4280
-3515
-3106
-2621
-1465
-442
823
2210
3160
3749
4936
6460
7722
8802
10068
9964
9181
10116
10622
11074
9597
8041
7560
6752
5517
4830
4249
2704
1904
271
-445
-287
-912
-1850
-3009
-4076
-4102
-3891
-4839
-5556
-5559
-5767
-6067
-6689
-6862
-6091
-6198
-6945
-6917
-6553
-6133
-5773
-5968
-5955
-5304
-4851
-4438
-3740
-3351
-2713
-1693
-988
-63
680
1877
3183
4250
5150
6665
8383
9312
9544
8472
9180
10458
11036
9498
7810
7177
6961
5910
4879
4799
3549
2197
481
15
295
-393
-1149
-2575
-3615
-4055
-4283
-4036
-4324
-5669
-6046
-6942
-7075
-5842
-5921
-6441
-7452
-7326
-6718
-5982
-5663
-5537
-5801
-5798
-5259
-4415
-3462
-3087
-2888
-2732
-1858
-372
750
1585
2446
3746
4882
5792
7179
8440
9326
8754
8342
9618
11008
10030
7958
7970
7191
6599
5863
4413
4167
3227
1440
766
-76
-227
-432
-2324
-3580
-3549
-4010
-4515
-4517
-5446
-6826
-6475
-6127
-6185
-6812
-6931
-6382
-6778
-7095
-6187
-5580
-5923
-5951
-5816
-5462
-4509
-3754
-4061
-3822
-2586
-1546
-827
-160
1194
2451
3138
4027
5236
6668
8030
9160
9131
8725
9712
10532
10171
9534
8382
7753
7397
6609
5903
5084
3757
2825
1848
739
510
203
-1377
-2769
-2913
-3507
-4119
-4749
-5616
-5870
-6108
-6325
-6531
-6723
-6573
-6284
-6589
-6620
-6119
-5761
-5732
-5730
-5536
-5213
-4821
-4441
-4014
-3663
-3131
-2261
-1612
-927
35
1048
1777
2520
3822
5242
6332
6779
7741
8544
8510
8999
10157
9426
8656
8761
7757
7105
6924
5695
4884
3977
2683
2306
1227
254
-230
-1227
-2951
-3091
-3229
-4712
-5146
-5087
-5903
-6510
-6400
-6469
-6349
-6412
-6489
-6581
-6640
-6135
-5825
-6040
-5907
-5488
-5493
-5251
-4566
-4044
-3868
-3105
-2452
-1979
-1033
42
1082
1459
2136
3796
5195
5796
6435
7546
8101
8759
8792
9016
10214
9210
7760
8130
6466
6743
7113
4453
3595
3123
2195
1483
714
-142
-1480
-2442
-3071
-4052
-4209
-4586
-5260
-6010
-6296
-6048
-5840
-5622
-5996
-6228
-5900
-5892
-5754
-5247
-5359
-5321
-5152
-5042
-4575
-3898
-3591
-3254
-2588
-2279
-1353
-367
344
1000
1638
2523
4168
4867
5553
6891
7151
8227
8824
7677
9157
9813
7756
8286
7132
6443
7459
5474
4150
4137
2769
2125
1416
545
-573
-1533
-2158
-3367
-3465
-4176
-5049
-5363
-5805
-6054
-5962
-6040
-6021
-6051
-6018
-6055
-5820
-5304
-5422
-5342
-5361
-5345
-4744
-4285
-3908
-3597
-3306
-2624
-1986
-1457
-427
419
927
1475
3034
3963
4822
6112
5264
7187
8064
7164
8743
8093
7783
7643
6570
7333
6191
5475
4467
3358
3126
2069
1545
511
-558
-1180
-2235
-2177
-2862
-3890
-4042
-4787
-5075
-4744
-5160
-5308
-5144
-5437
-5458
-5042
-4675
-4822
-4691
-4646
-4829
-4423
-3808
-3604
-3509
-3422
-3049
-1772
-1375
-1308
-211
384
912
1787
2913
3201
3363
5987
5308
4678
7266
7020
7359
7511
6865
7212
6278
6000
6328
5208
4356
3888
2816
1803
1302
1096
361
-1370
-2369
-2347
-2671
-3324
-4100
-4781
-4962
-5174
-5346
-5169
-5358
-5198
-5155
-5669
-5127
-4494
-4561
-4414
-4419
-4407
-4098
-3594
-3062
-3234
-3098
-1622
-1578
-1691
-676
612
847
153
2774
2606
2825
4916
3918
4696
6569
6005
6152
7059
6743
7157
7239
6309
6550
6178
5295
5340
4834
3542
2701
2592
1426
916
-80
-1114
-1230
-2206
-3090
-3070
-3911
-4266
-4561
-5146
-4951
-5196
-5435
-5421
-5350
-5265
-5338
-5301
-5128
-4721
-4845
-4575
-3913
-3921
-2880
-3100
-3012
-1623
-1134
-1826
-596
1334
-342
1089
2973
2252
3391
4341
4040
5207
5896
5935
6195
6614
6831
6054
7356
6672
4575
6478
5753
3769
4163
3510
2867
1702
1455
923
-418
-993
-1667
-2213
-2909
-3137
-3646
-4556
-4446
-4527
-5030
-5163
-5339
-5279
-5280
-5588
-5495
-4894
-5656
-4743
-4372
-5629
-3546
-4087
-3919
-2490
-3886
-2188
-716
-2554
-1030
1058
-753
511
1932
1842
3211
3104
4107
4975
3693
6591
6621
5196
7039
6031
6897
6821
5414
6165
4806
5497
4331
2726
3915
2591
2070
1742
-334
318
-74
-1250
-1739
-2513
-2389
-3410
-4179
-3308
-4009
-4872
-4157
-4830
-5041
-4820
-4440
-4766
-5152
-3873
-5016
-5312
-2298
-3463
-5579
-1377
-1554
-5997
-221
-655
-3504
705
-500
-947
974
2139
1115
1794
5288
2856
2390
6179
4423
3909
6856
6500
4560
6921
7189
4432
6388
6000
4303
4481
4742
3348
3523
3335
281
1659
1952
-252
-873
-113
-1156
-2889
-1449
-3377
-3662
-2660
-4332
-4557
-3747
-4717
-4839
-3782
-5413
-5317
-4009
-4837
-5837
-3056
-4687
-5907
-1780
-5077
-4365
-1120
-3666
-3124
-914
-2441
-1901
1166
-1181
-573
1752
599
1740
2308
2882
3242
2714
4996
3893
3314
6627
4753
3120
5394
4826
3200
4453
4995
2688
3062
3911
2154
2418
2621
1188
1395
1245
-327
-208
79
-515
-1766
-2255
-1265
-2566
-2892
-1873
-3727
-3238
-1865
-4384
-4237
-2145
-3664
-4462
-3518
-2791
-3933
-4156
-1427
-3037
-3791
-821
-2155
-2569
-709
-1669
-1447
-367
100
-513
390
1366
1038
1482
1742
2415
2281
3448
2294
4135
3723
2012
6039
3327
2475
6279
3541
976
5692
5026
298
3756
4171
909
3093
2363
47
1601
977
-810
-315
1118
-1692
-1870
461
-2334
-1695
-1131
-3166
-2713
-1381
-3487
-2970
-1121
-4106
-3576
-2657
-3210
-2946
-3380
-2569
-3691
-1897
-3321
-2529
-1782
-2809
-244
-3408
-615
665
-3110
326
1452
-1020
190
1659
1359
1180
1308
2590
1472
1542
4432
958
2027
2906
1726
3856
468
4626
2688
553
4691
1615
1984
2276
2673
452
898
3794
-1173
836
1558
-936
910
-326
-393
-121
-1585
-667
-1699
-1177
-2044
-1822
-2333
-2928
-1944
-2787
-3030
-2556
-2357
-2854
-2981
-2087
-1936
-2675
-1445
-1710
-1883
-400
-1493
-1225
-211
-842
-273
543
-10
644
691
296
2099
643
387
3114
1374
32
3363
2654
-667
4568
2132
-506
3628
2972
122
1627
4032
-1256
1479
2462
-29
1276
1204
1408
-1818
1317
1582
-2754
1903
837
-3229
637
-223
-2117
-796
-599
-2107
-1939
240
-3183
-2478
1922
-3658
-2244
650
-2494
-1016
-409
-1308
-460
-1289
170
-557
-1416
731
-370
-753
-19
65
179
19
-508
1788
420
-963
3352
-55
-1250
3760
-302
-1470
3848
410
81
2609
-1604
827
3800
-1306
-1228
4537
-660
-3534
4539
188
-2210
3902
-1998
165
2081
-2656
1706
465
-2573
1437
970
-2771
725
1006
-2467
489
192
-2837
1938
-302
-4145
2088
-184
-4250
2176
689
-3665
1238
888
-2564
1084
68
-1249
630
-631
-431
231
-73
-441
169
-207
39
-1
-15
1396
-560
758
1413
-1580
1827
1623
-2565
1716
1426
-1939
604
1490
728
-2175
2769
732
-2094
1746
-102
-833
645
-1377
357
223
-1771
551
-72
-907
387
-605
729
-439
-1489
2668
-737
-2190
1896
-25
-2048
1118
151
-1275
-91
1586
-924
-3589
2774
269
-4409
2643
-656
-1955
2285
-1164
-386
2858
-1954
-941
3238
-326
-2843
3284
996
-3123
2982
204
-2324
2305
-470
-474
715
-420
1563
-2286
516
2813
-3545
362
2816
-3068
-904
3949
-2097
-2497
3305
1270
-3357
340
3190
-2778
-377
2179
-1172
449
229
256
-32
1139
584
-1675
2382
762
-2946
2994
1808
-4077
2858
1381
-1847
12
-115
2312
-2043
-147
1443
-217
518
-2508
4628
-1130
-5007
5685
-2851
-1155
1968
-1387
381
-1576
1094
83
-338
-748
861
-404
-2033
1362
1145
-4658
2676
2443
-8167
4068
1033
-4707
2713
-1141
-1161
959
-1587
262
1393
-2766
525
2138
-2482
-1198
3836
-2492
-3358
5544
-2546
-1627
2700
-1621
651
459
-1846
813
1771
-1667
-2170
6257
-3444
-2587
6676
-4692
1000
2033
-2873
1602
-453
1364
-196
-1917
2398
-124
-2836
1851
1413
-3769
2732
1398
-6034
4887
1069
-6475
5033
-745
-4111
3830
-1727
-1374
1428
-1
-2514
3316
120
-4717
5072
-1
-3989
5593
-1846
-4166
6610
-1956
-3167
3444
1536
-2772
-562
2549
-2395
620
-96
188
-610
-23
2518
-3927
1700
2483
-4651
2734
1603
-3584
4759
-1480
-2893
6266
-3670
-1320
5049
-2999
-2685
4673
-255
-3774
4381
203
-4258
4550
73
-3169
2821
-344
-1455
3234
-3331
268
5012
-5017
1079
3109
-3126
-206
1922
290
-1118
-1633
1717
610
-2023
67
2335
-1490
-3982
4933
-1051
-7070
6028
-1314
-2433
1859
-1896
2564
-1357
-2921
4175
-353
-2609
2081
-348
-1515
777
1242
-673
-1703
1662
1388
-2248
673
-617
1512
298
-3597
3122
1917
-5276
3658
2190
-4869
3973
-1361
1462
426
-3087
4343
-2261
-1649
2525
-827
-565
638
97
620
-731
381
1427
-914
1129
-975
-175
916
-381
-220
1121
-888
-578
1287
30
-1311
-78
1546
-1183
361
-684
1261
-264
-1305
2044
-1378
-2078
2641
1802
-3447
-23
3627
-2756
-2001
3398
-2023
-1093
2716
-4509
2532
2260
-6921
5309
772
-4800
3996
400
-2071
-682
2464
-863
-1062
1441
-273
-1004
2105
-1224
-592
2562
-1118
229
498
-1904
2613
1379
-3148
927
1693
-438
338
-146
-214
-198
567
2009
-4141
1587
4293
-3218
-1237
2036
933
-1282
-166
1288
-516
-1238
1139
292
439
-2137
290
3462
-3734
-101
2548
-394
-1405
-915
2038
-521
-1205
1842
-188
-2210
1224
2130
-1699
-1957
3670
-772
-3027
4202
-1021
-1880
1455
404
-1563
251
-263
2072
-1080
-2748
4987
-2134
-1633
1876
441
-1893
-1636
4288
-2282
-4091
5523
-1138
-2840
2662
211
1241
-3095
1604
1769
-3406
1938
-580
-438
1417
-2026
156
2678
-3111
158
1923
-1699
-549
1781
48
-1497
1692
-315
-722
-683
1769
-333
-1604
1527
-1822
2562
-2447
-260
5160
-7279
-91
8136
-6371
-1539
6246
-3342
-921
1844
249
-3072
1078
4246
-5018
-576
3998
-1010
-756
162
528
-18
-1081
1899
453
-2664
2262
-350
-1346
4133
-3035
-710
3758
-1880
-2228
2400
991
-1429
-1351
2341
1330
-4400
2727
2186
-3983
504
2319
-953
-1816
1844
410
-2692
1105
1078
-1775
-1680
3083
116
-3964
2410
872
-1325
21
178
772
-1822
472
605
-293
286
-1087
-497
2636
-2442
458
2362
-3456
183
1765
-478
1037
-1847
449
995
-545
269
-967
1120
1293
-1562
99
524
-72
2443
-3634
921
2010
-529
-575
-1131
2792
-1486
-1808
3378
-1858
-1222
3491
-1540
-634
958
-330
-1427
2795
-453
-3561
4425
-322
-3345
2363
162
-669
1297
-1648
-1340
4056
-1325
-4476
4220
905
-4951
2559
1237
-2555
1823
-22
-1825
1619
343
-1977
1203
526
-304
-942
499
658
-1177
191
-585
1631
-1240
-1020
1123
544
-642
-862
850
430
441
-2352
901
2338
-2278
97
1193
-214
-977
668
94
-249
885
-1357
-523
2208
-1214
-2915
3338
643
-2931
1110
89
-1184
2593
-980
-2303
2140
-666
205
-1665
-70
1727
-2007
457
-883
1332
275
-794
-826
-83
1905
-1708
-1097
2996
-1503
-2659
4147
-1744
-1679
2300
-26
-1361
-38
1579
-506
-29
-178
-47
768
-1324
486
2531
-3235
383
3904
-2329
476
1085
-61
-319
38
1233
-1527
771
2768
-3381
-88
3756
-3589
207
2696
-2813
802
1237
-2129
2455
596
-3105
1206
2040
-2397
-213
3820
-3120
-784
2958
-565
-2456
1473
2148
-2774
-1768
3178
1445
-4761
2337
1926
-3352
725
1319
-1248
-1124
2427
-180
-976
382
-1369
2212
-1281
-1374
2291
-1408
-336
685
-568
387
-983
1580
-434
-2294
2044
-76
-1233
-639
1252
-340
-1971
2460
501
-2577
889
1285
-1581
-1360
1904
926
-2525
61
1873
10
-2582
570
2639
-1862
-1428
2334
-550
-1653
694
2404
-1615
-2800
3289
558
-3528
1801
1660
-548
-2035
1271
2965
-4296
795
3551
-2026
-2842
2103
2950
-2844
-1312
2853
-508
-1244
955
-583
383
470
-742
-92
338
876
-1027
114
873
-450
-368
-626
1230
713
-2158
874
1058
-2314
3916
-1311
-2203
3222
-1969
452
79
-703
1409
-606
-1354
524
1522
-103
-2723
1328
1302
-3008
1665
2175
-3380
1464
382
-1387
2247
-724
-1139
1224
891
-2925
1156
1515
-1833
1479
-279
-867
1010
69
-115
260
81
71
259
-409
292
101
681
-481
-783
1697
-259
-2187
3836
-890
-2568
2144
674
-976
-730
1760
-1655
1076
-1193
-1093
3777
-3109
810
1990
-3632
1644
1744
-1184
-1086
2044
-316
-2407
462
2166
996
-3696
-996
2764
1877
-3805
-226
4097
-3035
-1010
1446
-1147
2966
-2678
-2486
4412
-2142
-991
2870
-474
-2490
-782
3494
-1315
-2079
1875
435
-1389
-2240
4540
-978
-2906
2886
-539
8
-970
137
3920
-2508
-693
-772
2779
77
-3519
4595
-1841
-1782
-271
1730
2303
-5958
1142
2377
-621
-2067
563
2308
-2361
-1249
2168
2086
-5480
2020
2480
-1629
-3402
1338
5317
-4709
-2027
2755
1506
-3396
1064
3269
-2702
-1445
1195
3089
-1881
-2850
1668
4434
-4733
-3165
5828
-779
-3858
1916
2394
-2992
-896
3803
94
-4517
1856
2767
-2914
436
-1237
942
2255
-2084
-1817
1226
2986
-3624
-620
3085
-2142
1146
3163
-5934
1860
3648
-4401
1926
851
-2846
1149
2415
-1696
-2590
3275
1828
-4151
2177
-1476
1016
3079
-5659
-566
6747
-2884
-4239
4061
2785
-5163
2384
3315
-2086
-1305
933
2805
-2689
-64
2515
-2623
668
2265
-3964
1485
4066
-6061
3151
2353
-6910
6711
-517
-5024
2798
1610
-1885
-2606
3540
848
-6060
2047
4562
-4006
-1764
4439
-1504
-3773
5024
99
-2396
1164
-1723
2700
1702
-5785
4197
2449
-4655
143
1840
734
-2652
838
2116
-4575
-770
4131
1873
-6581
888
2437
-3152
1302
1134
-259
254
-804
-515
-142
3474
-952
-3187
2324
-582
1067
-1745
1224
1989
-5483
4078
-1384
-2368
2911
-4554
6139
-5295
-3661
6805
-147
-211
-3248
3110
-1088
-534
1031
-548
1617
-4731
3957
2113
-4889
-884
3186
447
-2899
1716
464
3842
-4570
-3854
7672
-2109
-6795
3033
4343
-3244
-3398
5372
164
-2732
3399
-1408
-702
193
3413
-1345
-2303
2806
-1005
224
1992
-2416
1667
1175
-6493
5943
-1158
-3943
3892
1360
-2391
-3058
3033
3200
-2997
-2768
4724
-1334
-2815
3069
687
-184
-1593
1632
181
-1290
384
1414
842
-3157
-786
6638
-1860
-3237
2884
-2900
4555
-2326
102
787
-2031
2750
-1699
-1018
1413
-1333
778
240
-1392
1146
1069
-2137
-770
4359
-1211
-7753
8718
-390
-9279
9691
-2112
-6154
6082
-2243
-1274
2325
-5818
2672
1512
1687
-3971
1054
5729
-3718
-1082
1131
1844
-1861
-588
3897
-5074
1645
2050
-3439
2536
1763
-7201
3730
6455
-11742
2576
7683
-7585
1815
1069
-2642
3485
691
-4020
633
6891
-7012
-2574
8866
-7927
-2862
7521
-3366
-2721
2134
2279
-3140
1704
477
-4384
6139
1223
-6563
4663
3383
-8620
4385
5164
-8779
4571
2917
-5086
1648
3440
-2866
-241
3981
-3480
-1171
3183
-948
1079
-1570
-355
2004
-940
-2216
1222
4285
-4117
442
-577
4334
-260
-1187
1060
-2693
7392
-5040
-333
7750
-5223
-2584
1788
8253
-6003
-6964
7064
53
-6108
84
5310
-2941
-844
1738
-4169
2183
7024
-7171
-2970
3599
1060
-3999
3140
2411
-6557
4464
5927
-8164
-1261
12760
-3746
-11130
6458
7978
-10982
1757
10547
-12508
176
8001
-2871
-1829
-1396
4270
-3864
-2727
5575
-4833
364
4732
-6091
-2284
6632
-2470
-7259
6902
2428
-10378
620
11858
-4647
-10234
9653
3086
-8122
2663
4288
-5083
153
5362
-5638
-2377
9364
-4727
-5441
12549
-4110
-9125
6018
7895
-5931
-7714
9913
-3097
-6412
7548
1662
-6340
314
6503
-4236
-3757
7611
-2554
-3783
2054
-812
-1520
4595
1214
-6612
1337
3542
1792
-5935
4619
3262
-9519
4936
4456
-5513
-1868
8123
-2144
-11213
9808
4235
-6264
-1743
4591
299
-8256
2945
7751
-2977
-8314
6853
929
-6998
6692
-1006
-3631
719
1245
740
-976
2562
-3230
1149
1549
-1187
-3709
5858
3715
-10742
1860
2891
-781
-3033
4771
1444
-10740
4950
9520
-7195
-9345
12234
3813
-12415
2766
6359
-2583
-4635
2115
2381
-3636
1366
2760
-3887
-1969
2739
797
-449
-1037
-1034
2259
514
-3904
1420
3418
-615
-3369
-3810
7182
1568
-7236
878
6021
-4615
-3385
7769
2429
-7301
-955
8708
-3725
-5158
4326
3217
-2263
-3508
-863
2807
2776
-3457
-1869
871
-1327
2565
-964
366
-435
-4684
5565
-338
-4773
2450
1005
2933
-4186
-4512
5787
2492
-3375
-330
-1109
-1470
4732
102
-4766
-216
5352
-2408
-2061
2100
-1881
2031
263
-895
-2922
864
4858
-2108
-4167
1321
3247
-954
-3857
3237
850
-3903
1956
3051
-3526
-2793
6846
560
-4738
-417
4130
1733
-4913
1482
349
2352
229
-4638
2717
2165
-3099
-1978
5234
-907
-5066
2085
1730
-2579
-469
1250
1698
-1388
-3711
3086
1091
-1878
364
-529
509
-111
-1859
159
1830
340
-1989
-791
2225
1553
-1097
-3529
4132
2023
-4952
-102
1463
1511
-2474
-851
2677
459
-2831
56
4368
-1893
-2734
1288
2064
514
-2906
-639
3488
1233
-3825
-41
3605
-40
-2852
408
2994
-135
-1981
724
1274
-2673
1486
1721
-1593
725
-408
-672
197
773
534
-1447
-336
789
640
-87
-185
-699
360
503
1737
-340
-1085
396
171
1281
122
-380
-477
1135
970
-1098
-431
428
659
-976
-1051
110
621
-361
-1100
-1132
-398
677
-521
-942
-842
-570
-530
-19
-134
-252
-656
-1145
1271
-376
-1519
1063
-66
-282
261
12
-673
1179
724
-1135
341
468
-340
1196
1738
-1971
34
3160
1399
-1414
-188
2696
200
1167
1137
547
1162
-1026
2301
735
-905
-16
828
-24
-4166
-585
1546
-420
-1798
-2508
-986
-612
-2112
-1172
-854
-3333
-2541
-277
-644
-2268
-1467
-1539
-444
-628
-1971
-6
709
-1599
-1776
1807
1844
-832
1317
3134
294
1332
3480
2166
2132
3504
3808
2648
3133
2914
3740
4818
3040
2342
3071
3338
1494
1436
1569
842
-594
-423
-518
-3221
-3299
-2775
-3432
-5368
-5800
-6057
-5467
-6229
-6807
-6791
-6595
-5107
-5959
-5872
-4471
-4296
-4272
-2422
-1605
-1666
182
1685
2077
491
3644
6223
4179
4112
7419
8033
6996
7863
6910
7937
10955
9948
8396
7790
8657
9081
5770
5365
5854
5746
3768
1599
29
-837
-974
-1953
-3968
-6968
-8007
-7267
-7796
-10136
-11351
-11109
-10860
-13345
-14399
-11144
-9587
-9870
-9861
-10143
-9271
-6384
-2831
-3740
-4156
-1109
383
3028
4352
4102
6120
6859
7170
7952
9877
12024
10635
10127
11028
12064
12775
13530
12399
8420
5768
8240
10360
9146
6343
727
327
1858
612
-1743
-5015
-6604
-7776
-8556
-9843
-11133
-11971
-11955
-12447
-14107
-13982
-11948
-10872
-10137
-12142
-11911
-8410
-4368
-3730
-5793
-4734
-2884
650
2579
2149
2739
4162
5738
7851
7914
6666
7452
10410
12022
10904
10554
12134
13514
13627
13299
10600
8476
8968
11033
10741
7324
3943
2311
2935
1082
-803
-3323
-5467
-7702
-9372
-10238
-11103
-12060
-13277
-13412
-14348
-14278
-13173
-11876
-10642
-11431
-13045
-9983
-5389
-3437
-4205
-5522
-3427
-1046
2042
2541
2862
4601
4497
6594
8987
9096
7900
8098
10598
12687
11811
11509
13561
14939
14754
10335
6065
7602
12126
13049
6705
772
-666
2142
2879
-163
-5015
-8717
-9072
-8144
-8623
-12052
-13616
-12717
-12162
-13679
-15243
-13555
-10314
-9086
-10823
-12773
-9950
-4441
-2361
-3604
-4535
-3112
-648
3013
3605
2665
3087
5022
6308
7660
8951
7956
8654
8578
9207
11762
12184
12561
12561
14432
11282
4754
4522
11424
14868
7535
364
-1930
1289
1460
372
-2635
-6513
-10414
-11009
-8504
-9102
-11472
-14280
-13433
-12757
-13588
-13996
-10686
-8278
-9717
-11480
-9414
-5064
-3012
-1581
-2244
-2297
-713
1787
4238
4867
5003
4360
5429
7490
9309
9680
8563
7153
8868
12226
12899
12358
11752
14055
12614
5370
2986
9431
14664
9322
1125
-2976
-99
2107
699
-3638
-7130
-9353
-10870
-9752
-9887
-12164
-14965
-13925
-12851
-13411
-14844
-12784
-8849
-8002
-10386
-11207
-6975
-2075
-429
-2066
-2757
-1121
2138
4187
4809
5409
5585
6374
7030
8689
9688
9202
9048
9119
11400
12315
12413
12495
14809
13520
5946
3175
7784
14198
10284
1559
-2726
-175
2272
110
-4399
-7004
-8578
-10747
-10428
-10438
-12325
-14328
-14117
-13155
-13673
-15153
-13744
-9785
-8456
-10030
-10553
-7363
-3554
-1190
-1241
-1208
419
1891
3237
5023
6533
6517
6874
7303
9095
9998
9426
9271
9879
11553
12259
12912
12658
14826
12237
5518
3520
8472
13513
9449
1745
-2886
-1572
635
624
-3669
-7980
-10632
-12305
-11365
-10529
-12085
-14551
-15025
-14918
-14568
-14471
-12874
-10107
-8823
-9745
-10279
-7166
-3153
-390
-905
-1171
50
2562
4376
5352
6780
6932
7324
7952
9875
10664
10238
9113
9718
11882
13045
13623
12820
15122
12354
4946
3066
9617
14110
8753
1411
-3424
-1913
-23
-513
-4199
-7541
-10785
-11706
-11095
-11313
-12791
-14424
-13346
-13413
-14580
-15034
-12835
-9762
-8260
-8844
-9127
-7491
-4349
-860
81
549
514
1669
3500
5247
6494
6990
8024
8216
9315
9436
9348
9423
10538
12979
14100
13477
12512
14939
11224
5887
4815
10808
12487
6493
-263
-3246
-460
436
-1230
-7060
-9417
-11192
-11006
-10740
-11533
-13716
-15019
-13785
-13560
-13576
-13854
-11890
-9755
-8745
-8758
-7736
-5168
-3144
-1555
-700
594
1527
2597
3692
4950
5999
6661
7701
8749
10113
9640
8993
9010
11367
13358
14085
13589
14271
14990
9303
4235
5760
11573
11413
5789
-744
-2955
-2532
-210
-1855
-6611
-10602
-12456
-11400
-11447
-13198
-15128
-13990
-13251
-13884
-14990
-13906
-11493
-8975
-7825
-7678
-7650
-6351
-2918
200
1234
1125
1420
2513
3739
4815
6467
7763
8182
8677
9277
9164
8342
9041
12061
14185
14559
13108
14136
13455
7825
4990
7990
12896
9911
3397
-2224
-2737
-1175
-759
-3709
-8169
-10991
-12047
-11433
-11483
-13651
-14808
-13940
-13144
-14202
-14298
-13153
-10238
-8528
-8333
-7296
-6162
-4502
-2486
-117
1194
2045
2394
3039
3661
5289
6948
7808
8402
9449
10255
8737
7740
9449
12948
14444
14536
13575
15148
11634
5557
4570
10239
13467
7948
1704
-2430
-2439
-1965
-912
-3416
-8419
-12622
-12643
-10841
-11557
-14841
-14971
-12176
-12529
-14559
-15236
-12616
-9537
-8447
-7544
-6388
-6023
-5102
-1857
1125
1657
1394
2607
3699
4167
4889
6429
8719
9195
9803
9220
8122
7667
9886
13453
15054
14410
13119
14483
9947
4130
4164
10488
12499
6356
-196
-3922
-3552
-2902
-2204
-4951
-8789
-12839
-12954
-11772
-12775
-14902
-14042
-11776
-12057
-14048
-14536
-12185
-9426
-7312
-5694
-5013
-5564
-4720
-1555
1519
2948
2867
2954
3642
4116
5239
7103
8665
9388
10194
9292
7656
7108
10123
13656
15472
14503
13613
13576
7963
4219
6007
11340
11136
5262
-130
-3261
-3693
-3223
-2992
-5327
-9011
-12221
-12463
-11921
-13772
-14989
-13604
-11671
-12066
-13955
-14286
-11896
-8208
-6661
-6110
-6219
-5152
-3181
-974
708
2085
2890
3575
3583
3657
4736
6547
8093
9613
10545
9016
7113
6804
10425
13917
15285
14245
14408
13293
7332
3853
6445
11723
9975
5503
-364
-3185
-4115
-3121
-3856
-6079
-8658
-11287
-11571
-12419
-14767
-14986
-12160
-10225
-11334
-13145
-13571
-12081
-9465
-6942
-4081
-3591
-4591
-4011
-1433
671
2754
3371
4290
4137
3766
4182
6159
7713
9306
10701
9367
7206
6332
9728
13570
15617
14101
14151
13412
6988
2990
5291
10462
9886
5162
223
-2094
-3888
-4774
-5915
-6829
-7614
-10438
-11383
-13340
-15351
-15671
-12463
-9956
-10581
-12658
-13490
-11547
-9102
-7017
-5093
-3369
-3044
-2659
-2023
-294
1866
3325
4408
4276
4158
4189
5264
6825
8586
10426
9539
7428
6844
8851
11707
13827
14491
15478
14439
7416
2550
4050
9494
10069
6130
1528
-1612
-3893
-5495
-5961
-6603
-7037
-9076
-9994
-12249
-15785
-16383
-12909
-9671
-9316
-11232
-12869
-11861
-10252
-7598
-4535
-2541
-2472
-2384
-1651
-477
957
2426
4353
5309
4942
3983
4465
5925
7833
10252
10061
8084
6132
8146
11095
13419
13775
14659
14873
8959
3769
3105
8255
8936
6514
2609
-313
-3062
-5348
-6889
-7652
-7096
-8346
-9580
-11710
-14154
-16381
-14719
-10687
-8678
-9682
-11734
-11541
-10061
-7746
-5649
-3354
-1680
-1019
-1371
-1120
292
1578
3331
4651
5532
4912
4442
4607
6578
9043
9559
8203
7048
8710
10599
11887
12441
14246
16074
11055
4793
3081
6606
8302
6748
4014
1029
-2204
-5160
-6832
-7599
-7230
-8712
-9152
-10103
-12730
-15905
-15345
-11902
-9277
-9120
-10478
-10340
-9346
-8236
-6775
-4088
-1927
-152
199
34
30
298
1868
4308
6037
5238
4564
4461
5370
7645
8724
8097
7574
8672
10825
11430
11643
12409
15508
12493
6540
3304
6174
8424
6151
3758
536
-530
-3901
-6513
-8697
-7812
-9119
-9678
-9858
-11234
-14432
-15851
-13054
-10344
-8633
-10343
-9817
-8511
-7555
-7566
-5479
-2436
-360
151
-154
522
386
948
2451
4873
5351
4747
4598
4887
6473
7433
7426
7662
8079
9760
10511
11794
12365
14557
14237
8656
4377
4840
8452
7434
5165
1577
426
-1762
-4949
-7948
-8000
-7913
-9307
-9510
-10717
-12646
-15513
-13971
-10808
-8644
-9758
-10177
-8570
-6761
-7005
-7395
-4282
-679
925
-459
-154
322
856
1455
3437
4884
4624
4235
4474
5338
6377
6871
7270
7571
8610
9885
10749
11383
12745
15160
11826
6263
3482
6935
8131
6335
2941
1059
250
-3114
-6318
-8495
-7849
-9331
-8857
-8778
-10206
-14311
-15373
-12646
-8967
-8826
-10141
-8518
-6885
-6615
-8018
-6089
-2239
476
278
96
337
235
536
2172
4411
4479
4341
4716
5223
5462
6069
6361
6859
7966
9549
10437
11296
11215
13445
13266
8191
4386
5314
8600
6745
3798
636
676
-1619
-4743
-7497
-7937
-8200
-9308
-8595
-9303
-11774
-14776
-12838
-9901
-8454
-9725
-9022
-6689
-6068
-7261
-6798
-3754
-1194
-125
-236
675
372
-16
773
3068
3835
3964
4340
4556
4711
5590
6312
6757
6630
8135
9843
11230
11498
12197
14856
11631
6249
3919
7494
8588
6319
3177
1233
203
-3179
-6503
-8090
-6623
-8767
-8942
-8840
-10132
-14053
-14524
-11432
-8656
-8484
-9748
-8115
-6518
-6257
-7576
-5514
-2249
119
352
-164
-19
-582
47
1606
3344
3532
3648
4054
3983
4117
5220
5925
6175
6885
8796
9886
10539
10780
13068
14759
10659
5498
4674
8093
7827
4900
2323
1864
-256
-3574
-6821
-7829
-7935
-8997
-8284
-8220
-10328
-14013
-13216
-10584
-8751
-9078
-8818
-6512
-5326
-6295
-7301
-4959
-1861
42
161
609
196
-293
180
1673
2845
3037
3785
4301
4012
3873
4782
5284
5533
6473
8619
9790
10698
10852
13143
13070
8623
4907
6025
8610
6972
4224
2203
1641
-703
-4101
-6896
-7016
-7787
-8432
-7895
-8390
-11032
-13366
-11881
-9616
-8885
-9198
-7606
-5947
-5527
-6756
-6490
-3688
-980
-121
-524
-16
-80
19
447
1313
2215
3077
3529
3432
2811
3436
4934
5352
5260
6251
7882
8948
10254
10721
13187
13500
8597
4929
6014
7973
6455
4941
3281
2228
-499
-3852
-6415
-7107
-7555
-8337
-7755
-8048
-10655
-13009
-11683
-9951
-9147
-9008
-7473
-5181
-5293
-6796
-6618
-3764
-1313
-596
-269
630
607
-154
-8
1417
2445
2889
3459
3835
3453
3550
4467
4989
5130
5436
7783
9574
10327
10145
12128
13460
9495
4836
5582
8364
7022
4337
2470
2307
-271
-3830
-6404
-6468
-6691
-8083
-7987
-7962
-9830
-12611
-11628
-9188
-8378
-8768
-7608
-5401
-4906
-5640
-6203
-4541
-2100
-433
-285
-143
-288
-921
-111
939
1340
1525
2409
3016
2671
2767
3841
4536
4588
5199
6912
8413
9302
10468
12386
14015
10590
5872
5933
7780
7444
5307
4257
3263
735
-3430
-5415
-5909
-6259
-7323
-7254
-7050
-8802
-11791
-11885
-9891
-8696
-8283
-6826
-4931
-5063
-6505
-6987
-4847
-2523
-1482
-542
83
-12
-979
-1058
-14
902
1495
2175
2900
2509
2291
3523
3982
3875
3975
6000
8184
9388
10089
11119
13468
11554
6828
5064
7088
7829
5719
4829
3267
934
-2537
-4636
-5592
-5726
-6920
-7729
-6673
-7559
-10825
-12430
-10220
-8398
-7782
-6912
-5280
-5421
-6113
-6146
-4786
-2897
-1733
-619
114
99
-1070
-1181
-119
964
1342
1772
2409
2192
1572
3154
4584
4416
4021
5566
7732
8791
9358
10354
12978
13495
8973
5514
6185
7594
6196
5214
4391
1951
-1368
-3856
-4767
-5576
-6707
-7500
-6209
-6483
-9483
-11975
-10727
-8496
-7827
-7250
-5718
-5018
-5410
-6486
-6269
-3918
-2268
-1005
-175
-163
-1210
-1579
-867
276
821
1213
1886
2415
1774
2120
3576
4204
3627
4330
6699
8184
8761
9423
11467
13716
11031
6151
5051
7385
7441
5233
4170
2909
557
-2817
-4294
-5288
-6312
-7235
-6331
-5844
-7694
-11191
-11429
-8684
-7039
-6938
-6520
-5317
-5154
-5811
-6255
-4740
-2677
-1313
-584
-957
-1408
-1706
-1121
-387
10
339
778
1318
800
638
2409
4085
4767
4218
5054
6621
7696
8797
10269
12767
13576
9781
5753
5363
7100
6819
6330
4943
2536
-923
-3910
-5136
-4750
-5587
-5995
-5820
-6066
-8803
-11652
-10901
-7931
-6268
-5927
-5338
-5147
-5142
-6199
-6078
-4193
-1861
-197
275
-748
-2031
-2397
-1336
215
1052
1244
938
811
481
938
3012
3903
3956
4197
5531
6714
7914
8861
11109
13630
12546
7613
4788
6318
7725
6327
5027
3679
1527
-2273
-4344
-4981
-4925
-5387
-6130
-6077
-7058
-9818
-11444
-8861
-6491
-6001
-6322
-5655
-5510
-6432
-6312
-4667
-2242
-1117
-1042
-1616
-1738
-1952
-1691
-962
221
797
409
38
-347
-175
2092
4096
3921
2984
3546
5575
7332
8750
9853
11885
14203
11162
5600
4212
7054
8055
7467
5228
2523
-266
-2933
-4125
-4384
-4321
-4953
-5076
-5861
-8475
-11326
-10240
-6752
-4863
-5428
-6316
-6251
-5450
-5183
-5639
-4386
-2123
-78
-492
-2510
-3917
-2693
-595
204
55
-510
-404
-438
-689
-669
2047
4685
4517
2863
2775
5327
7740
9509
10757
12935
13953
9922
4486
4667
8007
8700
7739
6105
2987
-1633
-4641
-4348
-2590
-2556
-4850
-6073
-6531
-9003
-11353
-9798
-5751
-3972
-5132
-6319
-6576
-6854
-6388
-4562
-1911
-558
-961
-2163
-3272
-3312
-2187
-525
737
584
-798
-1930
-1922
-1363
-171
3265
4830
3025
1257
2316
5256
7290
9535
11082
13367
13096
7316
3065
5541
9530
9604
7910
4755
1409
-2052
-3401
-3020
-2036
-2194
-4220
-6035
-7448
-9527
-10448
-7386
-4179
-4166
-6283
-7398
-7095
-6432
-5130
-3435
-1678
-1051
-1835
-3302
-3823
-2875
-894
421
130
-892
-2209
-2215
-1463
-865
602
3622
4352
1655
-29
2195
6099
9080
9886
10694
12467
12560
7196
4048
5999
10551
10493
7892
4411
840
-1909
-1840
-851
-1377
-2576
-4619
-5794
-7743
-9720
-9493
-5912
-3794
-5149
-7561
-8137
-6916
-5466
-4724
-3576
-2444
-2042
-2584
-3589
-4370
-2820
-444
285
-1048
-2515
-2959
-2021
-1095
-1025
-347
2335
3423
1534
-416
1427
5715
8552
9228
9642
11105
11937
8610
4573
6042
10529
10855
7840
4375
1184
-440
-903
-378
-86
-1400
-4856
-6442
-6846
-8209
-8238
-5908
-3535
-4990
-7677
-8479
-6511
-4640
-4632
-4372
-3108
-2113
-2747
-3460
-3717
-2242
-463
-184
-1364
-2582
-2640
-1806
-1089
-1186
-1045
1634
3705
1111
-916
1156
6126
8060
8064
8840
10925
12613
8747
5166
6340
10454
10827
7960
5507
2644
511
-44
992
771
-979
-3902
-5878
-6378
-7422
-7871
-6231
-3860
-5471
-8366
-8604
-6709
-5220
-4398
-4741
-4539
-3163
-3066
-3605
-3775
-2462
-1386
-964
-2134
-2892
-2354
-1953
-1545
-1539
-1092
605
2750
1386
-575
730
4820
7243
7174
8064
9725
12341
10122
5493
5582
10086
11941
8512
6045
3954
2240
748
1114
1097
-315
-2261
-3952
-5372
-7369
-7520
-5626
-3618
-5346
-8020
-8180
-6569
-5713
-5516
-4746
-4047
-3626
-3920
-4052
-4097
-3061
-1871
-1798
-2569
-3234
-2823
-2669
-2551
-2454
-1657
-471
989
312
-958
580
4067
5893
6057
7021
8941
10952
9341
5977
6747
10567
11706
9288
7025
5346
4420
3476
2891
2363
1580
21
-2022
-3966
-5497
-5110
-3626
-3434
-5521
-7241
-7067
-6410
-6043
-5688
-5019
-4747
-4492
-4676
-4812
-4639
-3533
-2667
-2779
-3381
-3389
-3138
-3545
-3635
-3059
-2289
-1635
-459
-677
-1720
-963
1664
3795
4432
5292
6761
8288
7760
5831
5915
8846
10997
9875
8222
7130
6136
5008
5030
5027
4366
3042
1091
-605
-2041
-2341
-1978
-1725
-3083
-4763
-5716
-6017
-5637
-5039
-4284
-4538
-4813
-5024
-4850
-4785
-4310
-3605
-3561
-3756
-4199
-4436
-5084
-4646
-3993
-3882
-4360
-3634
-2665
-3639
-3900
-2300
-310
413
819
1902
3490
4524
4138
4323
5979
8209
9034
8748
8646
8536
8535
8537
8561
8118
7641
6665
5419
4232
3200
2576
2199
1283
-527
-2043
-2783
-3088
-3539
-3986
-4406
-4676
-5034
-5555
-5824
-5990
-5838
-5799
-6072
-6547
-6839
-7015
-7009
-6955
-7006
-6813
-6613
-6209
-5928
-5839
-5231
-4255
-3268
-2618
-1381
-42
902
1818
3085
4649
6016
7243
8313
9334
10169
10871
11256
11454
11498
11144
10644
10224
9486
8678
7685
6676
5315
3938
2167
830
-59
-997
-2188
-3294
-3923
-4558
-5287
-5829
-6199
-6424
-7036
-7514
-7828
-8027
-8533
-8866
-8915
-8956
-9107
-9137
-8813
-8573
-8428
-7969
-7166
-6564
-5970
-5021
-3969
-2757
-1538
-268
1219
2740
4304
5613
6959
8567
9865
11053
11922
12362
12486
12222
12193
12104
11848
11199
10357
9140
7635
6234
5125
3807
2439
1111
-182
-1309
-2352
-3263
-3868
-4505
-4972
-5558
-6393
-7234
-7614
-8092
-8536
-8919
-9236
-9532
-9821
-9918
-9900
-9922
-9648
-9195
-8671
-8226
-7776
-6850
-5722
-4670
-3424
-1934
-307
1119
2479
4076
5711
7379
8874
10190
11428
12184
12422
12720
12871
12725
12597
12197
11534
10470
9270
8012
6691
5464
3998
2540
1371
244
-973
-2029
-2763
-3428
-4119
-4760
-5523
-6153
-6695
-7184
-7647
-8179
-8659
-9019
-9272
-9593
-9904
-9988
-9908
-9740
-9491
-9216
-8776
-7999
-7164
-6154
-5078
-3807
-2242
-732
797
2467
4204
5775
7286
8608
9902
10989
11827
12284
12422
12481
12306
12129
11578
10812
9971
9017
7732
6288
5060
3662
2461
1181
-3
-936
-1828
-2709
-3447
-4093
-4674
-5172
-5782
-6378
-7015
-7519
-7998
-8470
-8797
-9283
-9628
-9826
-9996
-9984
-10020
-9955
-9592
-9021
-8383
-7606
-6599
-5358
-3991
-2390
-642
1139
3083
4861
6290
7684
9099
10467
11683
12460
12872
12973
12921
12727
12389
11917
11295
10459
9270
7905
6471
5154
3914
2487
1294
369
-631
-1649
-2513
-3274
-3933
-4497
-5065
-5729
-6390
-6941
-7482
-8113
-8698
-9167
-9566
-9946
-10229
-10457
-10614
-10695
-10541
-10221
-9714
-8942
-8053
-6949
-5684
-4201
-2399
-515
1296
3273
4995
6418
7878
9296
10692
11778
12509
12825
13022
13020
12788
12454
11958
11293
10416
9262
7905
6484
5126
3740
2443
1249
262
-692
-1710
-2586
-3264
-3940
-4463
-5052
-5729
-6343
-6952
-7602
-8272
-8740
-9271
-9742
-10153
-10521
-10721
-10807
-10877
-10881
-10594
-10045
-9391
-8549
-7516
-6251
-4627
-2909
-1000
1040
3004
4906
6537
7844
9272
10646
11855
12588
13068
13370
13373
13239
12901
12355
11909
11282
10289
8909
7592
6240
4776
3358
2094
1006
148
-857
-1813
-2647
-3481
-4250
-4832
-5382
-6006
-6565
-7191
-7966
-8696
-9303
-9871
-10283
-10651
-11090
-11335
-11515
-11669
-11635
-11296
-10664
-9822
-8816
-7699
-6322
-4540
-2693
-657
1602
3793
5721
7320
8698
10041
11397
12527
13161
13623
13868
13934
13786
13413
12726
12176
11544
10433
8948
7581
5989
4505
3009
1624
540
-311
-1166
-2004
-2762
-3415
-4097
-4732
-5626
-6341
-6941
-7474
-8188
-9088
-9873
-10400
-10947
-11409
-11802
-12043
-12088
-12117
-12186
-12019
-11379
-10566
-9517
-8218
-6601
-4735
-2843
-362
1892
4159
6296
7840
9361
10756
12100
13449
14159
14391
14581
14663
14464
13970
13367
12762
12142
11069
9462
7998
6458
4936
3515
2189
1040
186
-651
-1555
-2570
-3480
-4282
-4942
-5577
-6159
-6669
-7347
-8204
-9201
-10005
-10663
-11087
-11435
-11830
-12090
-12396
-12754
-12910
-12679
-12114
-11153
-9970
-8696
-7126
-5326
-3439
-1372
1223
3829
6111
7925
9395
10656
11770
12915
13841
14140
14503
14700
14680
14302
13639
12726
12115
11236
9898
8513
7095
5418
3953
2419
916
-56
-759
-1691
-2477
-3224
-4025
-4930
-5564
-6307
-6972
-7662
-8302
-9079
-9770
-10402
-11001
-11473
-12070
-12425
-12455
-12619
-12792
-12489
-11914
-11186
-10184
-8998
-7480
-5577
-3425
-1178
1499
3890
5923
7590
8980
10324
11528
12822
13665
14064
14309
14243
13963
13386
12892
12208
11691
11068
9812
8502
7177
5413
3859
2577
1445
465
-90
-797
-1795
-2667
-3558
-4411
-5016
-5552
-5998
-6593
-7287
-8201
-9114
-9977
-10723
-11198
-11573
-11952
-12309
-12519
-12786
-12803
-12338
-11464
-10406
-8931
-7363
-5735
-3735
-1507
835
3369
5844
7453
8751
10327
11261
12077
13064
13522
13735
13629
13363
12896
12278
11687
10873
10231
9295
8083
6891
5421
3857
2387
1324
310
-484
-974
-1624
-2325
-2825
-3574
-4216
-4820
-5583
-6087
-6945
-7637
-8315
-8988
-9834
-10344
-11072
-11716
-12072
-12351
-12307
-12227
-11822
-11078
-9875
-8850
-7473
-5595
-3766
-1508
954
3845
6185
7691
8813
9816
10862
11280
12192
12843
13360
13201
12358
11657
11031
9380
11264
10037
4865
7224
7112
6104
2970
597
2404
208
-1494
-468
-74
-703
-1640
-2368
-3186
-4620
-5361
-5585
-6199
-6845
-7555
-7987
-8939
-10461
-10984
-10576
-11161
-11703
-11546
-11001
-10115
-10335
-9381
-7713
-6718
-5510
-3101
-2019
4687
7948
2331
6878
10854
7942
7644
9944
12117
12022
10302
11258
11252
7580
4811
4198
4371
3632
3496
4086
4388
3999
2347
1633
-723
-81
1279
319
1976
1197
443
304
-1417
-1965
-2379
-3059
-3448
-5363
-6180
-7338
-8545
-9390
-10432
-10497
-10264
-10645
-11099
-11157
-10807
-9548
-8077
-5498
-2483
-85
2632
4999
6825
9694
13097
16018
15009
12608
11921
11442
8416
6196
5303
4991
3797
826
-1445
-2414
-2296
-2736
-1914
-999
457
1829
2001
1084
620
2311
3414
2367
2341
2984
2513
1210
-1199
-2923
-4278
-5905
-7313
-8423
-9221
-9520
-9806
-10963
-11446
-11533
-11056
-10829
-10874
-9481
-6869
-5138
-2885
616
4144
6474
9026
12036
14103
16378
19027
20900
16197
10753
8212
7019
3630
494
-283
-1479
-3705
-6660
-8059
-7867
-6559
-4433
-1728
495
2674
4537
5351
4714
4809
6016
6796
5216
3375
2271
556
-1914
-4181
-6974
-9028
-10128
-11722
-12643
-13162
-12172
-11551
-11424
-10690
-9403
-7846
-7435
-6618
-4763
-2278
129
3049
6844
9838
11385
13396
15039
16213
17580
19530
19396
12969
5973
2595
834
-2550
-5133
-6911
-7381
-7226
-8513
-10834
-9573
-4364
-945
2105
4588
7653
10007
10574
8857
7560
7325
6177
3501
1388
-601
-3298
-6454
-9574
-12646
-14540
-15077
-15205
-14603
-13157
-11523
-10435
-8928
-7639
-6084
-4509
-2869
-1288
285
1906
4144
7012
10002
11966
12812
14382
16183
16688
16199
17676
17324
9878
1163
-1494
-1583
-4977
-7967
-9741
-7762
-6381
-7965
-8812
-5228
-548
2065
5238
8579
10240
11467
12044
9934
6809
4412
3308
33
-3877
-4846
-9332
-10389
-11910
-18281
-17269
-15897
-15849
-14000
-12198
-8967
-7320
-5986
-5362
-4399
-1548
-346
-182
1158
2964
4529
6729
9016
10478
11724
13731
15438
15392
14906
16728
16261
9015
854
-1923
-1235
-4407
-7314
-7885
-6011
-4883
-5545
-6282
-2707
1139
3629
6598
9096
10058
10945
11820
9190
5017
2296
1507
-1735
-7204
-10142
-9573
-10805
-14054
-17133
-17348
-15000
-14211
-14371
-12059
-8188
-5853
-4478
-3623
-2408
-1032
5
-218
-514
456
2770
6108
8756
9994
12131
14989
15667
15109
14504
16970
16713
8647
1460
29
-436
-4373
-7445
-8085
-6121
-4878
-5034
-4865
-1104
2411
4476
6465
8763
9813
10540
11108
8944
5149
2241
88
-4230
-8193
-10153
-11006
-12949
-14475
-15838
-15147
-13125
-13313
-13816
-11421
-9065
-7753
-5069
-1876
-53
638
499
-1401
-2860
-2066
800
4442
8479
11267
13220
15299
16077
15191
14793
17102
17068
9821
2518
1242
-168
-4173
-7028
-8676
-6944
-4543
-4936
-5203
-725
2981
3903
5706
7846
8971
10549
11406
8953
5383
2911
498
-3709
-8981
-11963
-11942
-12048
-14106
-16699
-15989
-13317
-13252
-14797
-12733
-8014
-5267
-4311
-3139
-1598
-433
-733
-2406
-3040
-1411
1242
3936
7182
9815
11822
14807
16537
16289
15929
17413
18092
12034
4757
1778
1003
-2039
-6862
-9280
-7575
-5175
-5032
-5499
-1408
3445
5080
5813
6957
8650
9744
10569
9009
5807
3432
1487
-3158
-7948
-10734
-11644
-12300
-13761
-15009
-14673
-13266
-12955
-13788
-12840
-9904
-7815
-6013
-4202
-2853
-1344
-617
-1584
-2783
-2013
-85
2145
5226
8831
11739
14348
16638
17690
17460
17216
18482
15640
8308
2399
1083
-1386
-5321
-8728
-9564
-6632
-4815
-5012
-2847
1353
3540
4941
6241
7758
8852
10360
10204
8236
4848
2502
-20
-4761
-9594
-11521
-11876
-13271
-15636
-16736
-14814
-12772
-12710
-12596
-10046
-7666
-6016
-4678
-3271
-2327
-1702
-1463
-2365
-2613
-938
1523
4451
7796
10284
12956
16352
17857
17449
17156
18556
17784
11191
4829
2267
812
-3752
-8011
-9892
-8317
-5642
-5682
-4863
-466
2840
4030
5136
6868
8187
9856
10537
8566
5641
3600
1825
-2425
-7661
-11201
-12241
-12977
-14614
-16275
-15330
-12960
-12705
-13637
-13009
-10488
-7913
-6468
-5248
-3528
-1763
-939
-1535
-2107
-1139
1010
3083
5738
8953
11953
15230
17572
17673
17158
18164
19748
15694
7766
3586
2338
-1254
-6972
-10784
-10755
-7304
-5654
-6100
-2949
2517
4531
5259
6161
7357
8589
9986
9228
6985
5069
3537
924
-4415
-9181
-10811
-11520
-14002
-16471
-16749
-14746
-13220
-13437
-12765
-10286
-7811
-6056
-5187
-3975
-2790
-2181
-2167
-2658
-2356
-486
2324
5097
7863
10652
13956
16888
17812
17536
17868
19280
17838
11420
5214
2927
297
-5097
-8996
-11180
-9756
-6907
-6351
-5261
-1180
2774
4621
5802
7074
8385
10317
10516
8280
6082
4379
2190
-2153
-7124
-10032
-11169
-12788
-15102
-16530
-15329
-13528
-13115
-13341
-11858
-9095
-6731
-5759
-4944
-3282
-2004
-1773
-2330
-2330
-1030
1165
3312
6289
9425
12141
15173
17371
17932
17936
18344
19103
15821
8461
3853
2300
-1211
-6458
-10446
-10962
-8274
-7342
-7448
-4537
176
2368
3771
5259
7224
8753
9865
9125
7733
5668
3718
1285
-3339
-7795
-10438
-11495
-12735
-14839
-15920
-14229
-12656
-13201
-13689
-11885
-9008
-7387
-6535
-5080
-3114
-1780
-1693
-1939
-1535
-60
1736
3823
6962
10012
12792
15918
17664
17797
18063
18682
19064
14912
8117
4294
2728
-1350
-7170
-10128
-10163
-7978
-7184
-6929
-3978
692
2649
3650
4841
6234
7836
8764
8084
6837
5324
3772
1236
-3293
-7497
-9441
-10391
-12663
-15066
-15453
-13818
-13102
-13722
-13350
-11033
-8687
-7427
-6545
-5003
-3350
-2646
-2354
-2211
-1653
-79
1980
4416
7416
10304
13333
15788
17019
17376
17647
18340
18380
15249
9537
5518
3712
-643
-6410
-9982
-10797
-8973
-8096
-7846
-5185
-988
1899
3215
4481
6018
7412
8409
8117
6786
5127
3621
1247
-2493
-6036
-8287
-9561
-11453
-13983
-14926
-13839
-13103
-13447
-12746
-10639
-8402
-6900
-5919
-4647
-3364
-2698
-2512
-2257
-1243
713
3215
6161
9317
12011
14787
17029
17519
17539
17769
18490
17386
12188
6817
4134
999
-4610
-9288
-10654
-9788
-8745
-8478
-7096
-3232
-417
1073
2641
4292
5880
7100
7692
7074
5526
4067
2380
-792
-4644
-7418
-8723
-9988
-11887
-13374
-13193
-12607
-12754
-13033
-12506
-10983
-9123
-7543
-6135
-4739
-3416
-2214
-1604
-1313
-238
1845
4560
7582
10147
12661
15592
17599
17964
17713
17634
18331
17164
11821
6935
4329
1524
-3377
-8165
-10189
-9520
-8123
-7653
-7064
-4392
-1398
590
1879
2834
4235
6299
7441
6548
4845
3598
2262
-788
-4354
-6669
-7748
-9285
-11299
-12933
-13364
-12956
-12684
-12409
-11647
-10115
-8066
-6258
-5496
-4993
-3927
-2671
-2113
-1838
-422
2422
5460
8368
10958
13390
16079
17733
17813
17605
17453
18321
17102
11186
6030
4545
2086
-3664
-8400
-10210
-9167
-8101
-8281
-7754
-5110
-2418
-483
645
1904
3191
5443
6769
5970
3978
2830
2085
-492
-4044
-6514
-6840
-7698
-9873
-11799
-12038
-12226
-12740
-12910
-12424
-11057
-9107
-7170
-6105
-5150
-4166
-2821
-1934
-1503
-376
2245
5495
8546
10783
13116
15858
17825
18278
17793
17482
18222
18165
13220
6834
4441
2240
-2799
-7125
-9466
-8895
-8093
-8285
-7905
-5458
-3244
-2118
-839
715
2101
3906
5462
5401
4243
3102
2382
292
-2977
-5365
-6083
-7054
-9338
-11445
-11771
-11403
-12001
-12290
-11592
-10315
-8750
-7411
-6576
-5724
-4792
-3660
-3017
-2341
-1022
1758
5012
7912
10460
12894
15228
17150
18047
17880
17862
18451
18981
16362
9820
5472
3906
-441
-5434
-8780
-8990
-8060
-7879
-8413
-7457
-5397
-3519
-2471
-1331
182
2302
4646
5162
3975
2759
2254
839
-1759
-4167
-4778
-5067
-6501
-8551
-9877
-10168
-10863
-11958
-12411
-11271
-9681
-8183
-7243
-6688
-5855
-4518
-3717
-3230
-2098
267
3515
6516
9465
11731
13825
16159
17647
17618
17465
17779
18905
18373
13442
7972
5458
3516
-1701
-6490
-8124
-7542
-7190
-8085
-8538
-7077
-5435
-4601
-3866
-2631
-795
1482
3281
3332
2294
1959
1548
-387
-2423
-3474
-4042
-5209
-6959
-8671
-9802
-10365
-10706
-10816
-10766
-9954
-8542
-7311
-7064
-6896
-6022
-4692
-3895
-3046
-1312
1540
4551
7373
10046
11867
13738
16002
17229
17470
17585
18299
19680
16963
11033
7114
5608
2115
-3018
-5996
-6728
-6376
-6895
-8064
-8105
-6863
-6211
-5476
-4356
-2771
-960
1171
2355
2011
1034
623
-8
-1616
-2988
-3321
-3334
-4450
-6769
-8627
-8931
-9309
-10174
-10560
-9758
-8532
-7401
-7167
-7176
-6578
-5821
-5105
-4295
-2871
-481
2573
5567
8286
10464
12484
14391
16088
16787
17263
18056
18899
19499
16518
11085
7496
5546
1902
-2164
-4855
-5549
-5597
-6584
-7936
-8445
-7963
-7312
-6390
-5184
-3535
-2277
-232
1088
661
-259
-549
-908
-1802
-2850
-2820
-2451
-3486
-5410
-6967
-7727
-8641
-9567
-9916
-9044
-7928
-7369
-7472
-7350
-7060
-6552
-5793
-4731
-2999
-734
1874
4884
7894
9882
11842
13546
15348
16669
17183
17706
18569
19782
18355
13142
8636
7271
5306
1104
-1978
-3590
-3789
-4894
-6990
-8625
-8503
-7847
-7385
-6821
-5948
-4574
-2985
-1692
-1549
-2070
-2280
-2029
-2240
-2923
-3082
-2663
-3159
-4704
-6301
-7159
-7600
-8212
-8570
-8114
-7142
-6909
-7339
-7550
-7374
-7004
-6374
-5746
-4511
-2427
64
2299
4847
7566
9773
11526
12940
14427
15282
16278
16997
17762
18717
17111
12675
8903
7612
6028
3225
754
-1029
-1783
-3270
-5514
-7371
-7518
-6832
-6603
-6707
-6459
-5493
-4275
-3864
-4168
-4365
-4264
-4053
-4359
-4340
-3841
-3395
-3789
-4574
-5409
-5921
-6050
-6590
-7003
-6745
-5895
-5602
-5869
-6085
-5782
-5488
-5388
-4962
-3604
-1688
150
1908
3792
6151
8032
9058
10153
11630
12696
13179
13711
14401
14956
14428
12350
10090
8563
7647
5865
4201
2469
1630
1013
-465
-1962
-2759
-2664
-2558
-2840
-3541
-3768
-3672
-3717
-4176
-4393
-4115
-4240
-4496
-4903
-5284
-5392
-5578
-5723
-5860
-5845
-5770
-5883
-6060
-6167
-6260
-6165
-6230
-6320
-6085
-5849
-5413
-5080
-4365
-3415
-2548
-1540
-813
381
1545
2684
3519
3733
4348
4630
4944
5128
5100
5519
5661
5821
5921
5933
6035
6006
5941
5868
5812
5880
5939
5974
6019
6082
6042
5759
5409
4984
4471
3818
2976
2113
1308
522
-298
-1204
-2039
-2870
-3679
-4526
-5230
-5751
-6216
-6758
-7299
-7555
-7713
-7747
-7685
-7395
-6932
-6568
-6064
-5592
-5003
-4314
-3843
-3294
-2746
-2194
-1653
-1368
-1055
-802
-622
-450
-312
-101
147
414
730
937
1210
1573
1913
2253
2659
3065
3508
4017
4470
4985
5380
5672
5827
5917
5959
5970
5896
5735
5436
5104
4652
4153
3663
3112
2603
2015
1420
854
256
-375
-1070
-1712
-2128
-2502
-2908
-3276
-3438
-3407
-3374
-3489
-3518
-3396
-3259
-3153
-3068
-2928
-2754
-2661
-2582
-2523
-2539
-2498
-2515
-2487
-2400
-2271
-2130
-2117
-2098
-2029
-1884
-1737
-1564
-1207
-816
-402
61
426
830
1193
1493
1812
2075
2277
2413
2599
2783
2792
2695
2621
2538
2452
2344
2183
1983
1780
1609
1364
1065
803
635
567
513
429
411
514
595
612
573
549
525
472
416
396
333
174
-86
-266
-373
-554
-837
-1091
-1233
-1343
-1468
-1643
-1780
-1842
-1821
-1832
-1897
-1832
-1603
-1385
-1308
-1137
-896
-751
-594
-492
-405
-251
-108
-42
-12
15
25
30
9
-19
0
59
26
-31
-46
-50
-40
-59
-26
49
143
276
426
567
709
841
1026
1137
1221
1241
1329
1416
1368
1371
1298
1155
1085
1000
796
668
565
391
248
102
-109
-249
-340
-405
-460
-495
-444
-368
-308
-265
-241
-167
-126
-92
-19
31
101
104
34
-64
-132
-218
-316
-422
-516
-608
-640
-757
-929
-1016
-1100
-1168
-1199
-1186
-1127
-975
-823
-681
-524
-395
-222
-84
43
181
353
519
653
767
811
840
850
806
785
780
752
652
538
422
312
181
59
-31
-70
-98
-94
-46
15
72
117
175
211
224
239
284
364
415
414
387
336
280
231
167
78
16
-59
-161
-265
-359
-479
-621
-725
-789
-816
-799
-746
-680
-632
-575
-483
-431
-382
-344
-241
-167
-115
-44
24
91
106
149
207
251
241
228
216
222
177
152
154
153
125
160
224
215
258
352
444
452
432
433
459
460
501
554
560
550
541
554
511
446
405
350
259
102
4
-23
-103
-267
-362
-412
-481
-526
-541
-514
-572
-588
-557
-554
-464
-376
-382
-323
-253
-209
-127
-130
-87
-47
-54
-22
-60
-66
-54
-125
-152
-153
-172
-189
-189
-150
-171
-192
-146
-90
-51
4
55
102
107
176
244
247
264
291
317
349
353
343
342
312
276
258
252
187
95
96
66
-1
-21
-77
-130
-131
-120
-166
-163
-123
-123
-131
-127
-123
-103
-125
-153
-101
-133
-96
-36
-65
-75
-74
-75
-106
-135
-134
-135
-156
-168
-177
-144
-114
-89
-104
-107
-80
-80
-51
-34
-21
20
76
117
139
149
185
232
263
268
248
254
268
261
248
224
224
185
121
128
119
69
67
99
75
41
18
3
15
19
6
-6
-18
-22
7
15
6
-12
-15
-9
-11
-45
-82
-74
-59
-77
-76
-84
-59
-50
-85
-70
-109
-108
-117
-123
-120
-127
-106
-79
-53
-58
-40
-2
14
17
39
62
48
54
68
28
37
55
20
16
27
25
-9
2
44
33
35
-7
-23
12
18
17
25
61
71
64
70
76
63
74
75
49
61
49
45
26
36
32
-2
10
-1
-16
-42
-84
-98
-120
-124
-134
-161
-121
-67
-56
-69
-83
-67
-61
-59
-36
-19
5
7
-4
-2
-27
-40
-45
-43
-59
-66
-53
-102
-73
-62
-98
-91
-95
-106
-95
-102
-105
-77
-50
-60
-98
-113
-85
-64
-45
-16
-15
-24
0
-11
-46
-21
11
26
24
17
72
61
14
41
36
21
24
-16
-13
-44
-16
-7
-14
-36
-27
-20
-31
-5
47
87
72
81
96
136
106
72
94
101
108
64
27
67
67
47
80
54
12
57
86
66
68
55
76
104
72
66
92
91
67
63
62
74
84
55
50
34
15
35
78
70
54
42
19
53
60
62
51
51
85
67
51
56
57
37
27
32
9
3
-1
-13
-35
-26
-39
-33
-27
-33
-17
9
-13
-47
-33
-18
-35
-58
-57
-81
-65
-53
-56
-93
-110
-112
-122
-97
-109
-104
-104
-81
-172
-163
-120
-20
-303
-507
-42
-41
-64
6
-65
-47
-58
-67
-91
-116
-68
-104
-108
-71
-99
-103
-90
-86
-117
-158
-24
-57
-92
-57
-103
-65
-38
-47
-27
-28
-16
12
0
-2
-7
-3
16
25
39
34
8
20
32
50
21
-4
30
30
12
14
43
65
18
-15
33
83
78
40
77
54
47
83
110
134
97
60
65
97
49
11
62
49
61
86
82
102
130
117
77
109
121
124
141
144
155
137
166
189
166
139
158
168
142
165
154
157
176
153
135
152
148
114
174
175
131
164
162
109
95
125
118
160
105
87
132
141
97
106
134
91
100
132
92
128
98
47
-2
-28
69
-31
-169
39
57
6
-52
-7
12
-23
-192
-34
-48
68
-101
-90
11
-4819
-2131
1280
-523
-700
479
-1162
-5558
-2717
-557
-1526
-558
-308
-258
853
1267
872
1318
1408
810
228
1759
2715
1822
2517
1928
994
256
34
-2430
-2641
-1492
-1264
-819
-752
-897
-889
-22
-474
-586
981
2298
1157
1845
550
-1450
-851
-1078
-2392
-1253
-130
-804
-549
1314
1093
1108
1268
-32
870
2452
2625
2214
2128
2368
1427
-865
-1417
-903
235
698
221
-3351
-5040
-1766
-672
-2680
-2163
-1504
-5042
-3579
-1064
-521
-44
429
-386
41
1542
2529
3397
3181
2679
2300
2199
2277
2228
2453
2290
2074
905
885
1528
680
215
253
-136
-251
-412
-1090
-594
210
-103
6
12
-737
-542
-153
72
-372
799
882
-94
160
-385
-719
-125
222
449
814
580
-512
-956
-14
-167
35
191
-619
-854
-1200
-1144
-1113
-966
-464
-924
-1138
-1050
-1079
-617
-210
-209
-486
-489
-670
-741
-693
-476
-27
265
-10
-357
2
21
198
199
-23
110
412
-18
221
783
416
201
-59
-292
-59
369
-1796
-950
1042
-965
258
425
-594
454
288
-109
70
70
16
164
61
81
138
-261
-121
72
-912
-728
-189
-978
-273
-448
-961
-264
-630
-986
-368
117
165
358
580
708
451
-144
-412
183
334
-425
-169
96
-311
342
260
-80
239
393
457
805
1174
1117
1246
1376
1282
1897
2484
2189
2373
2764
2327
1875
1420
882
654
623
560
36
-587
-643
-625
-1239
-1753
-980
-160
-175
-938
-1378
-1016
-788
-1257
-1514
-1231
-1039
-756
-1017
-2054
-2634
-2324
-1959
-2148
-2672
-2766
-2274
-2228
-2471
-1998
-1111
-909
-1549
-1899
-1274
-494
-277
-222
565
1503
1607
1384
1851
2948
3891
3967
3516
3640
4213
4650
4613
3895
3347
2978
2417
2527
2972
2483
2046
2520
2756
2163
1585
1551
1364
901
810
932
-340
-2053
-2344
-2019
-1815
-2329
-4208
-5604
-5874
-5907
-5648
-5590
-5647
-6400
-7717
-8217
-7254
-5822
-4607
-4474
-5405
-5505
-4106
-2599
-2197
-2325
-2163
-2124
-2303
-1891
-475
1018
1331
837
838
2422
4842
6574
6814
6736
7051
7725
9092
9543
9239
9269
8514
7216
7449
8026
8897
9613
6434
11032
13324
3592
6740
6469
2926
2431
-5631
-2776
-1264
-5767
-4188
-6776
-7254
-6716
-7360
-8365
-9180
-8105
-8038
-8003
-6085
-7746
-6948
-6975
-8958
-7479
-9090
-8529
-5520
-6952
-7287
-6583
-5793
-4837
-5363
-5287
-4218
-3252
-2366
-1290
363
2118
3459
3744
3771
5704
8009
9129
9753
11058
11406
10564
10900
11415
10806
9709
10084
12173
12816
12350
14355
10842
2895
838
4921
3799
-1799
-3825
-2503
-2909
-3367
-2630
-3070
-3238
-2805
-2522
-3256
-3580
-2798
-4259
-8044
-10876
-12545
-11010
-9685
-10114
-11030
-10941
-9678
-8408
-8165
-6665
-5501
-5081
-5489
-6304
-5535
-3454
-2977
-3330
-3105
-2156
-735
334
1284
2869
4223
5074
5996
6845
8405
9789
10040
9720
9854
10755
10831
10277
11580
13592
12635
13130
14298
8383
2331
4157
5275
1467
-1333
-1241
-655
-2357
-3154
-3323
-2606
-741
71
-2151
-3460
-3380
-3045
-4735
-6923
-10064
-11262
-9928
-9487
-11374
-11201
-9027
-7713
-8178
-7676
-6384
-5464
-5293
-5566
-5983
-5423
-4300
-4001
-4660
-4368
-2764
-1155
-19
1240
2569
3368
4351
5984
7104
7978
9119
9381
9562
10070
10487
10453
10425
10538
10944
11936
14585
14308
6961
2869
4807
4937
2119
585
-1953
-3439
-2533
-2472
-3733
-2623
15
653
-834
-2256
-2677
-2955
-3468
-4920
-8731
-11657
-10976
-10452
-11141
-10756
-9847
-9433
-8622
-7914
-7124
-5867
-5419
-5916
-5916
-5375
-4478
-3856
-3460
-2728
-1881
-1085
105
1573
2645
3200
3931
4820
5660
6901
8438
9620
9738
9592
10055
10727
12071
12375
11176
11772
14766
16191
8950
1451
2545
5961
4108
-131
-3239
-3111
-1962
-2352
-3550
-3719
173
3570
1668
-2405
-4188
-3062
-2678
-4473
-7393
-9662
-10265
-10463
-11169
-11508
-10665
-8547
-6894
-7777
-8876
-7954
-6125
-5943
-6608
-5904
-4258
-3637
-4056
-3984
-2729
-941
221
673
1368
2611
3523
3418
3456
4924
6861
8232
9080
9802
11042
11793
11447
11838
11684
11458
12568
16043
13046
3898
2446
6222
3534
-1493
-2003
-666
-1423
-2938
-1783
-2347
-2282
2039
2966
-1059
-2932
-1566
-1330
-3008
-5760
-9367
-11302
-12125
-12907
-14014
-11507
-7817
-6124
-6575
-7825
-8637
-7694
-7087
-6912
-5393
-3912
-3235
-3619
-4514
-4071
-2948
-1644
-116
1368
3212
4263
3854
3650
4579
6307
7544
7782
8017
8890
9996
10959
12344
12579
12799
14481
17228
15510
5926
1002
4815
5151
-457
-3516
-3179
-2292
-3245
-2920
-1921
583
4567
4053
-419
-2610
-1543
147
-1695
-5789
-9301
-10312
-10361
-11148
-12939
-11842
-8745
-7468
-8525
-8572
-6920
-5692
-5933
-6813
-6831
-5823
-5070
-4491
-3727
-3000
-1882
-782
-74
755
1792
2757
2868
2298
2541
4529
6642
7614
7894
8761
10316
11353
11937
12578
13214
14592
16745
17443
9518
2138
2613
3549
-524
-4101
-3477
-788
-1019
-2737
-1308
-244
1409
4769
3062
-512
-1210
-935
-2351
-4867
-7397
-8557
-9783
-11659
-12663
-12348
-10584
-8525
-7440
-7227
-6756
-6780
-6528
-6096
-6313
-5946
-5135
-4555
-4033
-3984
-3306
-1601
-562
-406
633
1906
2375
2356
2502
3705
5616
7097
8007
8536
9321
10639
11605
12587
13214
13217
14067
17502
15260
5394
2192
4380
2822
-2437
-4511
-3063
-2172
-2295
-1331
-1821
-274
4108
3403
159
353
582
-547
-2922
-4877
-7122
-9597
-10549
-11295
-13383
-13225
-10382
-8405
-8423
-7921
-6703
-6256
-6725
-6736
-5909
-4758
-4233
-4262
-4283
-4012
-2654
-1265
-658
-3
1274
2382
2402
1790
2296
4550
6539
7156
7680
8990
10813
11810
11971
12256
12516
12945
15721
18865
11263
2091
2395
4452
-512
-5227
-4557
-1655
-1530
-2141
-1942
-457
2263
4847
3984
688
757
1877
-1015
-4105
-5971
-8292
-10072
-10762
-11964
-12825
-11905
-9626
-8369
-8391
-7088
-5165
-5285
-6542
-6363
-5314
-4789
-4440
-4327
-4391
-3847
-2695
-1735
-1276
-253
1518
2365
1969
1747
2848
4877
6068
6731
8071
9545
11114
12133
12485
12211
12220
13141
16730
16362
8437
3604
4496
3582
-1280
-4408
-4394
-2256
-2069
-2483
-2763
-1367
2682
4778
2808
1280
2009
1821
-1307
-4142
-5808
-6188
-8037
-10759
-13083
-13061
-11858
-10565
-10349
-9560
-7569
-6121
-6363
-6595
-5787
-4610
-4084
-4164
-4420
-4308
-3572
-2732
-2313
-1763
-753
600
1305
1228
1258
2236
4111
5742
6554
7531
9023
10403
11226
11562
12325
13303
14532
15624
17994
14148
6037
3249
3553
1081
-1258
-2341
-2262
-1396
-2734
-3535
-3234
-775
3300
4644
2885
2133
1842
969
-1650
-4823
-6448
-5909
-7339
-11194
-14006
-13131
-11646
-11028
-10989
-9739
-7916
-7261
-7575
-7406
-6203
-4506
-3666
-3902
-4526
-4525
-3745
-3017
-2652
-2146
-1117
190
931
1087
1313
2306
3920
5422
6705
8493
10404
12072
13017
12871
12826
13587
14675
16296
17792
11816
5426
4850
3923
173
-1644
-1130
-1270
-2502
-2571
-2689
-3357
-444
3485
3548
1865
2273
3062
979
-1663
-3558
-5779
-6671
-7412
-10156
-13647
-14129
-12520
-11869
-12319
-10910
-8551
-7716
-7787
-7424
-6553
-5218
-3772
-3356
-3909
-4014
-3514
-3063
-2858
-2406
-1357
-190
422
630
984
2054
3565
5207
6886
8508
10439
12200
13222
13715
13942
15235
16270
17435
18351
12351
5543
4475
4261
1172
-1627
-3437
-1797
-779
-1530
-2890
-3306
-8
4370
3615
1833
2541
3354
2001
-860
-4154
-5775
-6492
-7101
-9387
-13106
-14864
-13385
-11720
-11848
-11707
-10326
-8941
-8347
-8169
-7456
-5823
-4262
-3557
-3862
-3871
-3141
-2464
-2272
-2195
-1727
-909
-245
250
799
1718
2949
4273
5729
7179
9036
11163
12740
13576
13691
14383
15797
16834
18742
16718
9412
6480
6723
3787
-435
-2617
-2497
-1976
-3228
-2476
-2539
-3072
130
2581
1016
1414
2884
3389
1882
-1412
-3709
-5167
-6933
-7773
-9833
-12315
-13332
-13502
-13674
-12800
-11878
-10956
-10077
-9559
-8670
-7344
-6298
-5259
-4335
-3617
-2881
-2535
-2432
-2309
-2009
-1448
-984
-528
158
1191
2348
3146
4050
5639
7658
9823
11250
12478
13453
13912
14695
15488
16406
18673
16606
10429
7736
6472
3740
1586
-430
-397
87
-1519
-2273
-3507
-4164
-1086
1646
1377
1170
1673
2390
1412
-2069
-4284
-4170
-5381
-6995
-8804
-10699
-11651
-12320
-13298
-13439
-12902
-11544
-10475
-10452
-10072
-8769
-7571
-6237
-5090
-4158
-3243
-2751
-2658
-2559
-2154
-1239
-284
346
728
1164
1940
2849
3947
5615
7508
9514
11283
12519
13114
13103
13477
14374
15413
17084
15815
12019
9977
8389
5889
3756
2080
1895
1677
-125
-1007
-1836
-3348
-2514
-1033
-1045
-872
-135
360
-276
-2455
-3877
-3523
-4313
-5853
-6824
-7899
-8751
-9625
-10987
-11535
-11429
-11263
-10876
-10820
-10576
-9456
-8532
-7723
-6784
-5962
-4979
-4033
-3505
-3078
-2465
-1694
-918
-408
47
602
1263
1999
2802
3888
5207
6494
7862
8854
9378
9737
9953
10125
10478
10901
11603
11337
9578
8588
8569
7514
6219
5398
4816
4746
4188
3363
2768
1749
1265
1486
859
364
259
-135
-540
-1608
-3294
-4072
-4312
-4772
-5620
-6530
-6878
-7107
-7780
-8313
-8629
-8647
-8480
-8240
-8238
-8269
-7977
-7581
-7328
-7042
-6726
-6447
-6133
-5846
-5660
-5439
-5077
-4428
-3986
-3685
-2896
-1914
-983
70
1192
2476
3617
4576
5526
6414
7358
8327
9210
9893
10428
10893
11023
10857
10739
10808
10897
10926
10751
10450
10059
9593
8918
8195
7555
6896
6037
5116
3976
2572
1370
340
-961
-2328
-3428
-4088
-5088
-6317
-7179
-7793
-8366
-8902
-9288
-9669
-10001
-9979
-10044
-10326
-10464
-10283
-10173
-10205
-10122
-9797
-9521
-9312
-9029
-8804
-8496
-7840
-7073
-6391
-5584
-4499
-3344
-2341
-1307
54
1421
2553
3881
5122
6201
7370
8338
9194
10076
10951
11747
12255
12596
12817
13066
13311
13273
13064
12945
12741
12168
11424
10705
9549
8247
7270
6361
5072
3618
2386
1183
-304
-1910
-2974
-3883
-4978
-5858
-6737
-7640
-8629
-9388
-9996
-10575
-10976
-11280
-11528
-11714
-11920
-12189
-12291
-12234
-12065
-11787
-11401
-10932
-10373
-9868
-9357
-8668
-7868
-6954
-5922
-4876
-3798
-2674
-1567
-409
784
2093
3445
4661
5998
7173
8295
9440
10488
11497
12503
13404
13895
14212
14519
14702
14805
14751
14500
14118
13553
12918
12180
10940
9727
8725
7467
6245
5124
3717
2334
981
-535
-1971
-3178
-4436
-5531
-6533
-7649
-8722
-9663
-10425
-11123
-11850
-12399
-12794
-13062
-13269
-13445
-13468
-13318
-13180
-12954
-12485
-11906
-11312
-10723
-10004
-9296
-8549
-7680
-6788
-5845
-4832
-3612
-2367
-1192
190
1562
2967
4462
5928
7373
8624
9902
11083
12100
13202
14025
14556
14959
15289
15492
15533
15434
15380
15035
14466
13784
12935
11865
10645
9418
8188
6864
5479
3918
2449
752
-741
-2095
-3446
-4717
-6098
-7213
-8241
-9333
-10471
-11206
-11854
-12538
-13069
-13330
-13538
-13855
-14046
-14006
-13885
-13685
-13342
-12813
-12315
-11878
-11334
-10739
-10115
-9253
-8299
-7292
-6199
-5041
-3796
-2469
-1050
461
1924
3416
4998
6523
7929
9242
10407
11458
12500
13519
14314
14887
15323
15659
15865
15972
15939
15785
15562
15045
14326
13452
12402
11112
9756
8459
7075
5676
4052
2550
1021
-676
-2325
-3716
-5024
-6351
-7445
-8539
-9560
-10550
-11402
-12065
-12757
-13221
-13516
-13812
-14036
-14153
-14148
-14132
-14021
-13760
-13344
-12826
-12237
-11573
-10855
-10091
-9179
-8172
-7075
-5958
-4786
-3349
-1927
-566
857
2419
3907
5284
6681
8094
9479
10608
11656
12658
13670
14509
15045
15466
15881
16172
16344
16325
16171
15838
15257
14514
13616
12452
11135
9884
8574
7030
5414
3774
2329
699
-1023
-2623
-4041
-5215
-6426
-7612
-8606
-9660
-10771
-11711
-12432
-12961
-13551
-13935
-14222
-14509
-14658
-14700
-14713
-14618
-14331
-13896
-13326
-12641
-11937
-11181
-10328
-9471
-8496
-7339
-6208
-5010
-3689
-2385
-1048
366
1790
3269
4702
6177
7530
8909
10289
11362
12426
13569
14526
15068
15574
16033
16428
16640
16652
16607
16358
15799
15130
14202
13196
11962
10726
9384
7866
6521
4978
3261
1790
110
-1518
-2855
-4166
-5458
-6713
-7825
-8924
-10166
-11216
-11976
-12674
-13294
-13831
-14176
-14475
-14778
-14951
-14919
-14766
-14506
-14055
-13485
-12874
-12242
-11482
-10643
-9844
-8945
-7882
-6727
-5576
-4367
-3049
-1584
-209
1184
2807
4324
5845
7336
8658
10007
11229
12355
13567
14567
15149
15663
16127
16455
16591
16554
16515
16361
15821
15066
14236
13157
11879
10568
9255
7885
6409
4821
3339
1781
36
-1536
-3038
-4344
-5659
-7017
-8108
-9189
-10362
-11336
-12202
-12981
-13577
-14057
-14408
-14623
-14807
-14892
-14851
-14705
-14487
-14118
-13561
-12905
-12242
-11510
-10679
-9881
-8984
-7935
-6787
-5495
-4280
-2874
-1325
60
1611
3120
4667
6337
7721
9109
10618
11805
12877
13950
14835
15476
15945
16442
16808
16926
16901
16770
16597
16018
15136
14318
13255
12043
10723
9318
7964
6349
4782
3140
1586
-180
-1847
-3268
-4613
-6066
-7430
-8500
-9704
-10818
-11841
-12672
-13349
-14048
-14459
-14747
-15040
-15299
-15383
-15287
-15101
-14879
-14469
-13896
-13284
-12622
-11912
-11028
-10132
-9243
-8128
-6916
-5728
-4417
-2944
-1449
-82
1529
3330
4904
6373
7745
9273
10731
11921
12985
14150
15267
15956
16347
16786
17258
17457
17435
17377
17200
16676
15941
15110
14060
12751
11364
9864
8300
6722
5093
3504
1914
154
-1688
-3192
-4473
-5992
-7334
-8389
-9480
-10632
-11707
-12575
-13356
-14087
-14599
-14932
-15242
-15445
-15528
-15556
-15433
-15225
-14856
-14400
-13746
-13054
-12258
-11290
-10353
-9463
-8475
-7232
-6095
-4807
-3318
-1915
-404
1256
2833
4425
6081
7447
8941
10373
11715
13099
14213
15240
16033
16537
16990
17502
17714
17699
17627
17561
17100
16355
15374
14375
13056
11524
10148
8571
6929
5395
3705
2099
273
-1450
-3040
-4543
-5988
-7407
-8614
-9646
-10847
-11798
-12721
-13526
-14206
-14809
-15246
-15529
-15704
-15851
-15776
-15590
-15373
-15032
-14513
-13850
-13208
-12522
-11622
-10621
-9638
-8609
-7470
-6309
-5001
-3602
-2107
-505
1043
2750
4435
6067
7653
9132
10654
11992
13253
14630
15598
16399
17053
17502
17911
18118
18127
18020
17872
17394
16695
15779
14701
13377
11786
10344
8796
7056
5432
3772
2148
195
-1757
-3199
-4565
-6100
-7537
-8748
-9760
-10887
-11981
-12931
-13726
-14416
-15072
-15485
-15681
-15822
-15871
-15829
-15745
-15500
-15157
-14728
-14033
-13279
-12551
-11709
-10643
-9644
-8657
-7604
-6355
-4980
-3688
-2040
-361
1195
2893
4580
6258
7762
9195
10718
12172
13416
14707
15855
16564
17190
17617
17977
18187
18128
18041
17933
17527
16806
15813
14696
13367
11783
10256
8721
7098
5464
3749
2101
247
-1663
-3375
-4830
-6206
-7723
-9029
-9964
-10991
-12017
-13023
-13892
-14627
-15156
-15540
-15771
-15857
-15955
-15847
-15641
-15420
-15190
-14732
-13987
-13340
-12565
-11661
-10740
-9688
-8707
-7541
-6312
-5102
-3736
-2224
-625
1016
2698
4316
5920
7448
8898
10338
11786
13087
14336
15667
16500
17004
17507
17969
18268
18227
17997
17980
17847
17196
16099
15136
13824
12321
10613
8918
7336
5565
3827
2362
559
-1686
-3915
-5610
-6935
-8733
-10437
-11128
-11605
-12584
-13552
-14271
-14689
-15196
-15531
-15308
-15062
-15173
-15160
-14554
-14299
-14700
-14699
-13854
-12827
-12143
-11391
-10236
-9254
-8517
-7540
-5986
-4392
-2712
-588
1404
3051
4779
6919
9474
11303
12340
13651
15543
17438
19664
21401
20070
17228
16358
17589
17408
15305
12972
12287
11670
9478
6694
4688
3444
2979
3371
2931
679
-1471
-1158
-581
-2118
-4115
-4059
-3011
-3931
-6569
-8159
-8620
-9235
-10219
-11110
-12441
-13789
-14022
-13715
-14339
-15447
-15089
-13348
-12745
-13792
-13902
-12424
-10764
-9760
-8585
-7260
-6021
-4608
-2796
-1144
584
3022
6062
8563
9864
11447
14142
16275
17011
17292
17639
18399
19070
20690
21119
16228
9666
8785
11431
9889
5713
3318
3316
1639
-1120
-1303
310
292
163
1036
34
-2347
-1888
1164
1415
-2391
-5505
-5418
-5759
-8421
-10028
-10683
-12454
-14737
-15631
-15613
-16229
-16025
-14678
-13913
-14945
-14567
-11893
-9556
-9129
-8705
-6993
-5623
-5146
-3982
-2169
-1058
-325
1183
2758
3389
4482
7182
9595
9954
11107
13797
15925
15943
15806
16439
18148
18945
20113
21732
16274
9308
8737
12871
11134
6102
1953
1146
1053
99
-1131
-1619
-2547
-1914
-117
-1544
-3958
-3450
-386
-89
-4272
-7909
-7413
-6698
-8005
-10355
-12694
-14810
-15268
-14719
-14590
-15801
-15642
-13958
-13136
-13650
-12485
-9892
-7635
-6887
-7100
-6306
-4807
-3098
-1634
-1208
-1382
-244
1781
3276
4041
5123
7261
9834
11206
12268
14359
15617
16053
16572
17438
18160
19419
22455
19040
9261
5280
10885
12896
7745
1825
-533
-868
-1145
-848
-896
-1925
-2712
-563
-698
-3719
-3623
934
2043
-3007
-8253
-7750
-5299
-6443
-9352
-11461
-13348
-14647
-15168
-14760
-14913
-14260
-12791
-12600
-14207
-13689
-9467
-5929
-5834
-6749
-6209
-4664
-3360
-2128
-716
-219
-100
470
1154
2056
4168
6819
8518
8547
9419
12304
15070
16027
15931
15734
16566
17878
20011
22739
17249
8315
5883
10600
11667
5907
390
-1784
-2031
-2094
-1510
-1607
-2897
-3244
-2155
-3136
-4160
-2296
1303
933
-5054
-9226
-7288
-4774
-5756
-9729
-12805
-13961
-13768
-14158
-14508
-14648
-13248
-12240
-13238
-14214
-11785
-7352
-5085
-5538
-6800
-5849
-3358
-1344
-781
-860
-473
722
1631
1585
2408
4940
7263
8197
8111
9568
13158
15658
15850
15619
16303
17744
19016
19725
22293
17688
7978
6020
10410
10827
5798
412
-1902
-3046
-3260
-1654
-1506
-3800
-4900
-2741
-2599
-3798
-2932
312
152
-5098
-8600
-6639
-4640
-6261
-9671
-12269
-13925
-14030
-14189
-14060
-14027
-13597
-13087
-13401
-13441
-10740
-6845
-5166
-5938
-6884
-5437
-2891
-1112
-476
-479
-663
135
1194
1947
3396
5317
6643
7578
8292
10432
13459
15334
16172
16213
16019
17151
18293
20046
22076
16897
7578
5312
10898
11258
5286
-1252
-3026
-3095
-2487
-1869
-2742
-4127
-3864
-2331
-3400
-4385
-2792
452
1
-5245
-8703
-7226
-5067
-5999
-9609
-12896
-14265
-13938
-14251
-14335
-14186
-13051
-12564
-13312
-13039
-10304
-6748
-4929
-5648
-6424
-5041
-2670
-670
-345
-664
-588
232
1106
1976
3725
5749
6540
7119
8133
10436
13689
15768
15596
15265
15292
17046
19140
20162
22355
16790
6864
4386
10064
11264
5438
-1257
-3179
-2110
-2807
-3030
-3081
-3366
-3865
-2706
-2955
-3435
-2090
535
836
-4697
-9297
-6750
-3793
-5503
-10215
-12791
-12836
-12156
-13513
-15403
-14870
-12956
-11619
-12200
-12844
-11026
-7117
-4903
-5195
-6498
-5420
-2823
-808
-917
-1352
-436
1030
1764
1511
2043
4220
6287
7221
7471
8664
11698
14453
15328
15344
15631
16362
17671
18645
20676
20566
13405
7064
8643
11249
7882
2156
-1969
-2614
-3287
-3652
-3202
-3563
-5018
-4589
-3485
-4128
-4438
-2348
-172
-1773
-6751
-8271
-5860
-5170
-7448
-10591
-12874
-13354
-13142
-13703
-14083
-13837
-12878
-12517
-12821
-12192
-9307
-6294
-5320
-5873
-5817
-4373
-2212
-718
-652
-763
-394
547
1531
2663
4346
5805
6784
7836
9098
11198
13802
15546
16155
16151
16316
17481
18229
19536
21090
15609
7553
6131
10428
9520
3566
-1307
-2915
-2970
-2722
-2408
-3285
-4839
-4456
-2550
-2864
-3757
-2534
-590
-1303
-5636
-7962
-5840
-5023
-7477
-10885
-12699
-12843
-12438
-13557
-14605
-14193
-12980
-12259
-12371
-11772
-9364
-6952
-6283
-6189
-5389
-3601
-1952
-1226
-1171
-844
266
1341
1808
2579
4209
5746
6736
7814
9612
12019
14095
15060
15598
16030
16435
17305
18424
21053
20758
13757
6719
7491
10657
8487
2732
-2190
-3595
-2936
-1799
-2386
-4706
-6056
-4407
-2830
-3396
-3700
-2213
-569
-2643
-7439
-8179
-6092
-5772
-7935
-10799
-13201
-13630
-13485
-13447
-13129
-12979
-13011
-13077
-12809
-11232
-8424
-6434
-6061
-6580
-6125
-4192
-1976
-1030
-802
-701
-352
527
1786
3483
5170
5892
6426
7563
9629
12387
14608
15490
15121
14569
15803
18382
19413
20379
20990
15438
7064
6226
12152
10166
3207
-2242
-2804
-2649
-2985
-3000
-3912
-5337
-5063
-3536
-3847
-4171
-2534
-58
-1377
-6519
-8358
-6066
-4770
-6799
-10311
-13245
-13442
-12933
-13489
-13776
-13870
-13193
-12850
-12976
-12351
-9267
-6418
-5602
-6528
-6560
-4832
-2329
-953
-831
-1083
-738
311
1405
2796
4462
5617
6407
7623
9264
11809
14194
15638
15180
15108
16335
17625
18468
19150
21363
20194
10708
5118
11104
11915
6094
-246
-2995
-2005
-2050
-1485
-3281
-5192
-5502
-3275
-3306
-4973
-4026
-1161
-437
-4850
-9034
-7996
-4785
-5644
-9205
-12466
-14379
-13392
-12750
-13077
-13630
-13690
-13275
-12869
-12577
-10622
-7777
-6331
-6693
-7378
-6263
-3636
-1522
-1289
-1757
-1713
-683
1005
2564
4139
5152
5652
6575
8419
10682
13331
15025
15514
15138
15104
17122
19033
19171
19441
21106
15689
7627
6999
12244
10569
4083
-894
-2177
-3048
-3250
-1847
-2565
-5025
-5705
-4463
-4159
-4126
-3117
-1434
-2061
-6495
-9116
-6915
-5019
-6644
-9810
-12951
-14455
-13873
-12777
-11912
-12759
-14067
-14029
-13064
-11542
-9433
-7398
-6482
-7077
-7384
-5718
-3222
-1433
-1105
-1609
-1694
-625
1540
3664
4735
5190
5662
7283
9519
12101
14385
15435
15268
15038
15675
17185
18792
19738
21325
20778
14004
6643
10209
14276
8578
1766
-2331
-752
-1410
-2398
-2984
-4458
-5562
-4930
-4890
-5684
-4597
-2323
-1158
-4417
-9529
-8961
-5256
-4401
-7815
-12158
-13997
-13113
-12221
-12166
-12457
-13264
-13657
-13552
-12921
-11099
-8524
-6870
-7553
-8487
-7423
-4638
-2582
-2172
-2485
-2457
-1402
277
2339
3897
4576
5082
6179
8378
10624
13108
14774
15049
14884
15673
17039
18429
18703
19345
21671
17166
9978
8003
12050
12324
6936
1443
-1611
-683
-224
-1138
-3388
-4396
-4760
-4305
-5188
-5307
-4281
-2604
-2455
-6232
-9803
-8384
-5212
-5544
-9508
-13102
-13927
-12353
-11367
-12135
-12981
-13180
-13064
-12849
-12001
-10548
-8545
-7563
-7975
-8373
-7286
-4885
-2897
-2620
-3157
-2718
-1182
691
2282
3351
4363
5467
6693
8597
10790
13041
14759
14873
14743
15910
17832
18973
18974
18885
20266
18793
13080
9510
11304
11749
7950
3399
-252
-1059
-899
-816
-3106
-5098
-4801
-4124
-5289
-6002
-4913
-3771
-3580
-5694
-8452
-8545
-6956
-6379
-8529
-11588
-13160
-12567
-11863
-12103
-12640
-13145
-12938
-12541
-12221
-11540
-10021
-8582
-8223
-8345
-7865
-6353
-4660
-3615
-3153
-2758
-1962
-645
966
2462
3718
5002
6444
8093
9524
11269
13215
14658
15477
15828
16193
16649
17824
19173
20171
20329
15505
10691
11007
13865
11402
6771
3849
1752
207
-610
-664
-2561
-3507
-3987
-5609
-7069
-5321
-3575
-4355
-5687
-7589
-8678
-7845
-6622
-7516
-10118
-11104
-11283
-11842
-12565
-11662
-11241
-12153
-12850
-12816
-12066
-10824
-9329
-8976
-9127
-8735
-7641
-6710
-5718
-4636
-3879
-3220
-2505
-1155
636
2291
3633
4668
5989
8036
10178
11981
13472
14489
15460
16306
16766
17141
18157
18832
20198
19765
14079
11428
13352
14170
9893
6493
4408
3355
2145
580
-1304
-3194
-2807
-2875
-5358
-7372
-5628
-4456
-5345
-6656
-8439
-8746
-7539
-7025
-8712
-10542
-10526
-10203
-11417
-12082
-11304
-10844
-11417
-11935
-12178
-11598
-10134
-9065
-9303
-9564
-8734
-7680
-7065
-6406
-5385
-4454
-3891
-3092
-1754
3
1711
3112
4014
5284
7438
9417
10912
11997
13137
14409
15170
15522
15996
16914
17570
17774
18030
15132
12178
12049
13429
11796
8618
6650
4836
4063
2974
1648
-749
-1408
-1505
-3037
-5181
-5004
-4582
-5318
-6072
-7404
-8596
-8547
-7710
-8469
-9997
-10330
-10072
-10653
-11101
-10662
-10686
-10660
-10485
-10243
-10039
-9259
-8432
-8088
-7913
-7252
-6373
-5994
-5413
-4646
-3728
-2919
-1888
-807
202
1408
2736
3996
5182
6324
7282
8247
9165
9896
10608
10993
11339
11827
11957
12016
11848
11045
10637
10582
10539
9815
9045
8392
7783
6913
6008
5306
4429
3537
2664
1620
497
-227
-1109
-2186
-3014
-3922
-4806
-5513
-6188
-6903
-7463
-7765
-8081
-8547
-8948
-8985
-9176
-9188
-9177
-9102
-9089
-9017
-8934
-8849
-8802
-8661
-8468
-8299
-8078
-7690
-7244
-6783
-6241
-5612
-4873
-3959
-2972
-1910
-903
102
1306
2450
3722
4926
5964
7011
7909
8729
9591
10277
10952
11569
12010
12217
12322
12577
12797
12740
12386
12138
11771
11110
10439
9722
8928
7969
6913
5829
4585
3305
2083
704
-466
-1555
-2673
-3772
-4743
-5719
-6869
-7686
-8100
-8664
-9448
-10110
-10602
-10991
-11210
-11390
-11614
-11851
-11983
-12012
-12019
-11917
-11591
-11223
-10960
-10646
-10145
-9366
-8451
-7587
-6773
-5855
-4791
-3619
-2327
-984
301
1497
2714
3984
5243
6432
7503
8453
9337
10193
10949
11689
12429
13083
13499
13686
13936
14274
14415
14255
13883
13390
12859
12159
11427
10556
9478
8355
7143
5861
4563
3327
2008
573
-867
-2162
-3406
-4437
-5463
-6734
-7834
-8641
-9358
-10198
-10881
-11463
-12022
-12489
-12840
-13144
-13261
-13210
-13212
-13255
-13162
-12831
-12293
-11709
-11205
-10651
-9928
-9073
-8164
-7189
-6133
-5092
-4059
-2974
-1731
-376
904
2134
3329
4500
5671
6809
7867
8977
9927
10748
11462
12261
13224
13892
14329
14606
14845
15070
15137
15004
14661
14152
13496
12696
11750
10685
9767
8668
7160
5734
4294
2996
1654
302
-1070
-2475
-3617
-4755
-5967
-7205
-8204
-9212
-10130
-10999
-11696
-12204
-12735
-13259
-13705
-13988
-14023
-13927
-13916
-13816
-13589
-13201
-12685
-12093
-11420
-10644
-9893
-9011
-8064
-7057
-5953
-4806
-3612
-2425
-1175
160
1462
2753
4067
5224
6407
7526
8664
9757
10683
11520
12281
13006
13664
14264
14715
14964
15122
15208
15101
14872
14579
14021
13225
12298
11321
10256
9069
7891
6585
5113
3710
2353
980
-400
-1718
-3081
-4422
-5714
-6870
-7863
-8845
-9822
-10748
-11495
-12046
-12563
-13061
-13425
-13672
-13782
-13792
-13739
-13593
-13366
-13041
-12599
-12105
-11555
-10874
-10184
-9448
-8582
-7655
-6720
-5740
-4642
-3517
-2388
-1201
27
1302
2554
3800
4985
6080
7232
8336
9319
10212
11024
11806
12533
13195
13750
14289
14641
14814
14920
14803
14659
14414
14016
13340
12511
11551
10545
9496
8345
7132
5926
4589
3124
1686
441
-880
-2114
-3360
-4736
-6029
-7064
-8016
-9002
-9956
-10649
-11371
-11963
-12475
-12880
-13232
-13402
-13447
-13478
-13385
-13235
-13063
-12750
-12326
-11852
-11280
-10636
-9964
-9195
-8368
-7564
-6649
-5624
-4545
-3449
-2422
-1314
-70
1200
2426
3641
4794
5853
6968
8028
8937
9851
10804
11598
12270
12949
13497
14061
14431
14624
14745
14697
14640
14363
13913
13336
12616
11692
10728
9688
8647
7450
6229
4909
3406
1930
652
-656
-2022
-3244
-4529
-5684
-6719
-7787
-8685
-9603
-10361
-11013
-11552
-11986
-12452
-12802
-13016
-13162
-13108
-12991
-12909
-12677
-12415
-12074
-11640
-11151
-10584
-9885
-9160
-8423
-7609
-6729
-5772
-4777
-3736
-2662
-1511
-239
960
2088
3312
4515
5601
6683
7743
8713
9596
10438
11281
12105
12802
13420
13996
14426
14607
14703
14761
14682
14457
14038
13466
12790
11857
10834
9755
8652
7524
6197
4794
3337
1764
342
-1044
-2424
-3671
-4945
-6216
-7402
-8507
-9420
-10140
-10903
-11503
-12022
-12402
-12777
-13095
-13125
-13155
-13156
-12940
-12794
-12615
-12271
-11859
-11408
-10829
-10243
-9601
-8946
-8250
-7460
-6599
-5677
-4753
-3730
-2633
-1552
-420
741
1916
3154
4302
5455
6563
7619
8643
9534
10461
11327
12159
12956
13624
14233
14731
15030
15167
15208
15151
14915
14551
14057
13400
12464
11419
10282
9167
8013
6681
5251
3653
2089
512
-967
-2486
-3883
-5123
-6369
-7526
-8693
-9621
-10360
-11026
-11715
-12125
-12471
-12835
-13030
-13222
-13221
-13175
-12983
-12688
-12451
-12124
-11646
-11189
-10735
-10148
-9485
-8768
-8174
-7554
-6652
-5707
-4940
-3828
-2838
-1863
-756
401
1451
2353
3645
4900
6095
7081
8142
9135
10127
11028
11968
13062
13676
14130
14889
15159
15500
15243
15055
14941
14595
14150
13638
11980
11299
11096
8405
8497
7686
4282
2348
3255
1078
-4634
-4115
-3375
-6827
-6860
-6987
-9093
-10326
-10300
-10561
-11703
-12890
-12639
-12411
-12444
-12215
-11722
-10631
-10069
-9946
-9775
-10087
-9721
-8820
-8716
-8714
-8564
-7725
-6516
-7027
-6755
-5853
-5605
-5486
-5060
-4370
-4190
-3320
-1888
-505
139
1329
3271
4546
6046
7176
8229
9961
11502
12868
14354
15374
17796
18560
19170
20422
18641
19604
19646
17205
14262
12512
13852
13162
9102
4002
524
-491
-2210
-3533
-4874
-6776
-9150
-10246
-11990
-13803
-12557
-10100
-9367
-11184
-12167
-10192
-8057
-6825
-6546
-6522
-6021
-4624
-4136
-4609
-4422
-3968
-4071
-4585
-5639
-6031
-5610
-6516
-7694
-8627
-9505
-9630
-8277
-8171
-9074
-8484
-7160
-5805
-4432
-2253
-766
1018
2813
5103
6949
8954
11163
12655
14195
14510
15285
16569
16850
16818
16647
16940
17616
16128
14400
12429
12560
12953
11132
9128
4863
596
-1628
50
-925
-3049
-7262
-9188
-9309
-7573
-8552
-9751
-9160
-9647
-9951
-10057
-7496
-6867
-6134
-5450
-5406
-5708
-5382
-3900
-2785
-1930
-3807
-4782
-5132
-4088
-3302
-4116
-5208
-6351
-6534
-7007
-7943
-8042
-7135
-6681
-7196
-7767
-7556
-5696
-5328
-3267
-628
-2350
-1369
1194
3152
5213
6576
6786
7888
9718
9816
10729
12065
12137
11971
11632
10873
11009
11688
12358
13688
14314
12241
9543
10375
11857
13975
12136
4910
-1120
-2581
608
539
-1856
-6680
-9539
-10380
-9843
-10610
-10569
-10533
-10891
-10539
-10351
-10107
-9239
-6246
-2529
-1620
-3946
-4232
-2517
-186
868
203
-368
-1365
-1863
-2154
-2573
-3514
-4864
-6686
-7028
-7890
-9063
-9370
-8721
-7120
-7222
-7503
-7498
-6373
-4029
-1649
-406
817
2203
3825
5944
7377
8392
9120
9769
10285
11143
12979
12147
7981
6055
5819
4587
6557
9618
12359
14098
13181
9733
7656
7660
10067
14906
14334
6774
-627
260
3500
1711
-2682
-8545
-12361
-13852
-13238
-12038
-10438
-10012
-9845
-8974
-9227
-10749
-10505
-5190
-223
664
-362
-187
1256
2742
2393
889
-891
-2835
-3994
-4109
-3738
-5217
-7061
-7299
-8575
-11194
-12767
-11765
-9518
-7804
-7222
-6351
-4750
-3114
-1479
29
915
1248
2808
6215
8170
7796
8227
9242
9309
8278
7017
6984
7380
7521
6818
5314
4670
4875
5778
7681
9604
10720
11106
11447
13235
15559
17669
19152
14894
7923
856
-585
296
-1644
-6507
-10482
-11969
-13146
-12775
-13122
-13482
-15025
-14952
-13348
-10511
-7884
-5280
-1337
2017
1521
37
560
1562
2411
2040
669
-797
-1603
-2899
-4200
-5954
-8695
-10765
-11737
-11402
-11286
-10905
-9637
-7979
-6963
-6423
-5495
-3845
-1737
530
2233
3346
4540
5914
7449
8437
8027
7266
7178
7042
7053
7000
6929
6911
6330
5287
4074
3236
3659
4810
5673
7513
9947
11847
12962
13733
15416
16773
17071
17636
15546
10419
4450
2488
1022
-3353
-9364
-12598
-13241
-13600
-12923
-13624
-14171
-14959
-14727
-12805
-10346
-8190
-5841
-2782
383
1601
1248
1935
2491
1920
102
-1933
-2961
-3250
-3851
-5049
-6698
-8879
-10851
-11361
-11042
-11472
-11138
-9377
-7408
-5877
-4574
-3012
-911
566
1515
2221
3139
4033
5350
6406
6883
6487
5733
5758
5951
5620
5131
5157
5172
4698
4298
4157
4142
4338
4422
4522
5037
6121
8323
11382
13514
13792
14008
15167
16231
15863
15916
14736
10947
6316
3065
18
-4707
-9688
-13712
-14106
-14248
-14414
-14360
-13277
-13025
-13231
-12241
-10528
-8749
-6849
-4455
-1449
1071
1578
2104
2716
1764
-680
-2664
-4009
-4973
-6086
-7293
-8137
-8635
-9365
-10440
-10348
-10024
-10049
-9330
-7524
-5441
-3359
-1587
224
1798
2757
2975
3359
3971
4051
4343
4752
5204
5291
5495
5906
6231
5850
5384
5197
5176
5004
4799
4731
4856
5252
5615
6082
6884
7885
8879
10778
12177
12487
13137
14302
14861
14574
14313
14759
13854
10185
5452
890
-3171
-7801
-12459
-15277
-15799
-15189
-14314
-13424
-12708
-12765
-12260
-10755
-9815
-8913
-7400
-4692
-1361
909
1528
2018
2396
1367
-869
-3035
-4972
-6547
-7836
-9020
-9571
-9477
-9433
-9494
-9231
-8883
-8784
-8192
-6470
-4917
-3531
-1821
159
1910
3274
3930
4269
4687
4701
4421
4459
4586
4718
5150
5827
6372
6413
6342
6414
6225
5674
5022
4529
4492
4624
4757
5199
5997
6988
8193
9396
10332
10992
11352
11929
12638
12707
12453
12923
14135
13965
11448
7738
3450
-1041
-5967
-11078
-14897
-16506
-16586
-15868
-14709
-13260
-12503
-11628
-10176
-9965
-10033
-9032
-7308
-4640
-2161
-722
570
2069
1969
173
-2070
-4860
-7558
-9404
-10710
-11289
-10923
-9838
-8628
-7513
-6672
-6175
-5622
-4877
-4126
-3139
-1574
194
2179
3916
4905
5592
6054
5931
5663
5269
5008
5464
6082
6411
7058
7801
8012
7725
6933
6026
5145
4506
3848
3746
4580
5930
7420
8872
10578
11772
12415
12602
12501
12447
12270
12505
13062
13474
13086
10948
7688
3288
-2242
-8257
-12977
-16814
-19198
-19562
-18450
-16572
-14511
-12553
-10598
-9227
-8389
-8294
-7878
-6495
-4862
-3276
-1929
-135
1326
1668
541
-1340
-3915
-6659
-9006
-11022
-12311
-12385
-11437
-10084
-8389
-6858
-5698
-4356
-3109
-2846
-2240
-1276
1
1327
2851
4240
6017
7414
8046
8260
7966
7718
7231
6792
6521
6527
6638
7066
7175
6884
6396
5815
4913
3958
3381
3562
4619
5935
7540
9395
11452
12749
13469
13823
14008
13648
13123
12701
12421
12149
10628
8537
4975
420
-4317
-9419
-14438
-17964
-20362
-21002
-20306
-18794
-17061
-14491
-11337
-9040
-7690
-6657
-5683
-4718
-3577
-3233
-2249
-871
-67
235
-104
-1662
-3584
-5886
-8545
-11188
-13149
-13997
-13463
-12354
-10859
-8695
-6095
-3589
-2190
-1301
-163
937
1366
1879
3004
4594
6146
7334
8494
9525
9927
9643
9073
8267
7542
6736
5956
5617
5477
5302
5364
5348
5046
4713
4571
4610
5042
5806
6953
8771
10591
12111
13331
14381
15486
15611
14869
14250
13646
12918
11836
9383
6550
3272
-1474
-6667
-11395
-15825
-19231
-21212
-22066
-21299
-19493
-17608
-14761
-11372
-8813
-6848
-5286
-4149
-3147
-2657
-2478
-1818
-1153
-957
-1053
-1434
-2583
-4296
-6658
-9012
-11054
-13053
-14195
-14098
-13217
-11465
-9396
-6963
-4113
-1864
-409
1041
2065
2743
3425
4001
4722
5836
6792
7873
9025
9476
9746
9820
9267
8577
7571
6423
5725
5053
4361
3963
3781
3808
3983
4118
4420
5195
6313
7556
8728
10141
11710
12922
13718
14272
14773
14589
13992
13268
12605
11919
10237
7680
4961
1517
-3472
-8602
-13010
-17138
-20569
-22378
-22795
-21442
-19291
-17092
-13766
-9875
-7375
-5883
-4294
-3184
-2605
-2591
-2517
-2022
-2017
-2048
-2055
-2248
-2880
-4251
-6166
-7955
-9841
-11892
-13179
-13387
-13074
-12133
-10009
-7716
-5020
-2325
-343
1535
2906
3656
4339
4894
5461
6053
6620
7640
8558
9111
9617
9828
9590
9021
8183
7043
5934
4857
3694
2970
2655
2369
2557
2968
3604
4481
5591
6974
8436
9799
11146
12411
13396
14011
14319
14399
14311
13854
12991
11980
11114
9516
7427
4658
1489
-2850
-8012
-12124
-15976
-19613
-21780
-22977
-22376
-20174
-18023
-15511
-11848
-8252
-6070
-4057
-2151
-1084
-695
-749
-1035
-1282
-1719
-2421
-3036
-3499
-4557
-6165
-7720
-8969
-10617
-12190
-12930
-13003
-12324
-11095
-9290
-6962
-4238
-1721
547
2596
4428
5697
6400
6968
7326
7618
7857
8228
8498
8842
9054
9071
8913
8457
7497
6562
5529
4141
2786
1803
1278
1056
1129
1823
3014
4324
5887
7812
9619
11033
12311
13365
14138
14316
14197
14162
14091
13424
12400
11442
10492
9208
6679
3231
-29
-4415
-9774
-14008
-17827
-20829
-23025
-23676
-23003
-20653
-18375
-15692
-11645
-8114
-5413
-3122
-1152
107
392
88
-322
-741
-1573
-2801
-3626
-4272
-5176
-6292
-7348
-8366
-9664
-11021
-11665
-11835
-11922
-11094
-9504
-7574
-5192
-2585
-80
2784
4947
6399
7558
8303
8534
8506
8447
8375
8340
8508
8655
8595
8535
8254
7645
6620
5401
4000
2866
1648
682
293
370
955
2200
3608
5131
7162
9120
10907
12442
13549
14357
14932
14945
14501
13969
13246
12158
11240
9790
8516
6962
4257
1601
-1573
-6232
-10290
-14408
-18413
-21116
-23109
-23882
-22922
-21005
-18782
-14963
-10888
-7463
-4084
-1372
457
1699
2072
1298
475
-657
-2198
-3332
-4435
-5600
-6394
-6918
-7671
-8612
-9491
-10081
-10475
-11032
-11072
-10196
-8790
-7140
-5062
-2381
474
2770
4883
6939
8411
9147
9449
9459
9203
8848
8281
8133
8033
7651
7320
7084
6625
5781
4598
3462
2585
1459
415
-63
72
615
1607
2925
4635
6823
8913
10676
12388
13515
14482
15160
15080
14728
14155
13151
11979
10766
9493
8138
6282
3815
1014
-3120
-7326
-11203
-15401
-19300
-22086
-23571
-23916
-22999
-20971
-18207
-13933
-9857
-6460
-2647
60
1821
2908
2924
2253
1240
-327
-2030
-3303
-4458
-5645
-6397
-6986
-7625
-8448
-8991
-9309
-9760
-10149
-10044
-9280
-8123
-6590
-4775
-2295
230
2647
4893
6615
8337
9254
9675
9763
9680
9268
8776
8341
7901
7424
7029
6543
5920
5053
3972
2945
1919
745
-159
-542
-536
-128
820
2085
3799
5912
7815
9960
11938
13444
14781
15566
15553
15256
14611
13565
11992
10581
9269
8078
6442
4133
1368
-1849
-5636
-9893
-14296
-18167
-20975
-23050
-23777
-23963
-22376
-19289
-15548
-11815
-7644
-3655
70
2599
3755
4159
3961
2770
1055
-785
-2781
-4483
-5555
-6590
-7330
-7877
-8038
-8027
-8231
-8702
-9129
-9022
-8693
-8355
-7655
-6300
-4224
-1860
327
2552
5122
7361
8928
9700
10378
10716
10552
9835
8940
8224
7566
6618
5692
5001
4124
3329
2338
1285
460
-334
-982
-1091
-1008
-489
631
2155
3878
5835
8018
10282
12368
13850
14951
15739
15860
15431
14538
13137
11861
10348
9118
7843
6091
3614
717
-2776
-6757
-11051
-15224
-18566
-21583
-23353
-24159
-23392
-21243
-18270
-14766
-10498
-6331
-2237
776
3355
4552
4828
4337
2978
1400
-469
-2458
-3965
-5344
-6584
-7355
-7797
-7930
-8080
-8391
-8489
-8423
-8329
-8283
-7858
-6841
-5372
-3935
-2139
169
2714
4895
6637
8389
9858
10584
10937
10878
10399
9697
8772
7704
6725
5603
4383
3548
2614
1647
591
-128
-600
-1052
-1226
-872
-6
1130
2395
4114
6153
8411
10289
12121
13737
15035
15790
15709
15386
14696
13671
12408
11021
9865
7885
5042
1773
-1929
-5839
-10633
-14969
-18181
-20908
-23141
-24165
-23499
-21448
-19120
-16028
-11543
-7224
-3545
4
2866
4865
5549
5295
4532
3417
1397
-963
-2535
-4068
-5868
-7184
-7778
-8105
-8614
-8819
-8803
-8720
-8600
-8322
-7763
-6812
-5873
-4724
-2956
-992
760
2724
4829
6736
8226
9382
10239
10747
10769
10387
9572
8706
7646
6307
4960
3683
2317
1052
-31
-1040
-1714
-1965
-1923
-1602
-689
530
1907
3552
5605
7633
9623
11498
13219
14831
15618
15960
15793
15316
14548
13321
12201
10197
7288
4024
303
-3888
-8449
-12988
-16818
-19578
-21773
-23343
-23387
-21579
-19279
-16781
-13139
-8619
-4719
-1253
1843
4128
5787
6178
5765
4979
3564
1677
-64
-1622
-3611
-5304
-6376
-7098
-7977
-8731
-9011
-9001
-8942
-8841
-8469
-7809
-6878
-5780
-4415
-2844
-1042
1043
3068
4947
6633
8401
9755
10523
10804
10823
10598
9788
8695
7459
5969
4524
3006
1555
274
-926
-1812
-2214
-2264
-2127
-1395
-93
1239
2705
4727
7002
8974
10834
12796
14657
15653
15887
16139
16168
15383
14379
12875
10222
6834
3039
-1100
-5808
-10439
-14820
-18036
-20717
-22860
-23428
-21897
-19955
-17995
-14542
-10664
-6701
-3364
-291
2519
4490
5563
5614
5270
4617
3056
1511
220
-1619
-3488
-4711
-5792
-7167
-8256
-8952
-9289
-9600
-9921
-9782
-9058
-8221
-7404
-6111
-4291
-2368
-414
1580
3758
5580
7126
8685
9643
10136
10487
10469
9943
9156
8147
6980
5720
4245
2504
1121
-33
-1301
-2220
-2564
-2531
-2028
-1179
10
1739
3884
5979
8160
10255
12441
14187
15378
16296
16888
16976
16717
15438
12865
9960
6213
1675
-3132
-8051
-12599
-16321
-19443
-21480
-22262
-21553
-20547
-18603
-15621
-11968
-8588
-5117
-1672
1058
3111
4538
5348
5434
4954
4128
3176
1933
327
-1311
-2430
-3790
-5318
-6421
-7412
-8311
-9162
-9690
-9815
-9691
-9510
-8746
-7462
-6019
-4232
-2215
36
2484
4448
6276
8005
9347
10111
10537
10831
10480
9805
9072
8054
6726
5316
3797
2460
861
-483
-1528
-2198
-2447
-2284
-1578
-267
1367
3319
5639
8026
10164
12251
14049
15519
16701
17474
17460
15861
13712
10968
7287
2243
-2891
-6953
-11132
-15211
-18362
-20222
-20547
-20372
-19820
-17577
-14828
-12022
-8892
-5815
-3042
-731
1134
2475
3332
3841
3665
3361
2942
1920
733
-122
-1245
-2713
-3997
-5100
-6448
-7717
-8722
-9595
-10124
-10238
-9853
-9219
-8076
-6522
-4658
-2460
-488
1536
3912
5685
6930
8141
9306
10064
10199
10220
10277
9878
8911
7996
7071
5705
4010
2650
1218
-44
-966
-1294
-930
-220
824
2693
5032
7171
9391
11608
13766
15464
16872
16983
15746
14044
11427
7597
3173
-1400
-5947
-9753
-13409
-16263
-17770
-17860
-18287
-17607
-15210
-12898
-10808
-8243
-6080
-3954
-2304
-1218
-272
632
891
821
1110
1023
439
194
78
-727
-1720
-2425
-3279
-4578
-5854
-6961
-7805
-8535
-9004
-8951
-8329
-7623
-6482
-4684
-2935
-1271
551
2586
4250
5586
6884
8236
9126
9421
9949
10381
10166
9559
9003
8216
6978
5574
4501
3471
2471
1777
1816
2251
2917
4132
5847
7619
9325
11057
13166
14281
13579
12790
11726
8761
4660
1101
-2335
-5951
-9816
-12782
-14172
-14562
-15501
-15204
-13372
-11620
-10416
-8411
-6348
-4864
-3793
-2912
-2290
-2042
-1985
-2116
-1961
-1999
-2506
-2570
-2215
-2528
-3098
-3249
-3521
-4344
-5041
-5622
-6235
-6671
-7009
-7038
-6725
-6192
-5290
-4140
-3015
-1703
-300
1069
2264
3397
4484
5617
6577
7133
8005
8691
8928
9070
9333
9102
8639
8236
7773
7177
6669
6495
6770
7148
7924
8862
9500
10249
11103
12547
12470
11292
9989
8347
5234
1422
-1659
-4737
-8412
-11390
-13195
-13729
-13798
-13995
-12863
-10636
-8517
-7319
-5480
-3669
-2655
-2018
-1503
-1516
-1865
-2535
-2930
-3279
-3898
-4540
-4637
-4575
-4959
-5490
-5598
-5716
-6153
-6478
-6647
-6841
-6842
-6621
-6056
-5209
-4479
-3790
-2650
-1180
-163
791
1955
2988
4021
4942
5582
6004
6644
7371
7802
8079
8334
8673
9102
9326
9239
9268
9478
9764
10135
10956
11608
11278
11154
11623
12243
11382
9869
8429
6873
4210
813
-2230
-5417
-9084
-11598
-12663
-12917
-12584
-12164
-10621
-8769
-7557
-6745
-5387
-4158
-3058
-1803
-1129
-1299
-1575
-2186
-3321
-4717
-5901
-6672
-6649
-6425
-6393
-6127
-5992
-6573
-7280
-7488
-7484
-7387
-7029
-6289
-5240
-4244
-3364
-2448
-1462
-780
-215
675
1818
2822
3738
4705
5600
6319
6953
7443
7687
7953
8723
9698
10260
10753
11549
12392
12961
13152
13655
13766
12881
12290
12250
11281
9121
7205
5315
2628
-433
-2983
-5066
-7420
-10164
-11161
-11145
-11260
-11167
-9625
-7550
-5956
-4681
-3196
-1902
-1500
-1517
-1530
-2127
-3229
-4052
-4634
-5458
-6420
-7205
-7593
-8079
-8623
-8516
-8102
-7915
-7706
-7105
-6404
-5941
-5524
-5041
-4336
-3745
-3155
-2227
-1198
-329
574
1458
2309
3012
3740
4470
5090
5722
6454
7270
8063
8873
9894
10973
11885
12813
13714
14539
15246
15687
14793
13459
12404
11340
9028
6398
4195
2271
-162
-2212
-3896
-5519
-7618
-9095
-9128
-9026
-9187
-8722
-7142
-5330
-4025
-3149
-2132
-1536
-1620
-1946
-2578
-3889
-4860
-5527
-6405
-7217
-7867
-8273
-8278
-8343
-8494
-8458
-8437
-8349
-7834
-7150
-6696
-6026
-5152
-4261
-3475
-2898
-2363
-1757
-1201
-684
-56
658
1450
2615
3300
3914
4648
5028
6013
6646
7516
8743
9962
11290
12650
14219
15530
16192
17166
17228
15509
13496
11877
10175
7031
4300
2053
564
-1141
-2763
-3705
-5095
-6738
-7231
-7156
-7533
-7322
-6702
-5597
-4110
-3003
-2398
-1692
-1476
-1737
-2338
-3463
-5080
-6025
-6850
-7909
-8905
-9099
-9286
-9303
-9105
-9107
-8823
-8505
-7998
-7378
-6844
-6361
-5539
-4518
-3926
-3417
-2696
-2093
-1539
-863
-200
495
1238
2196
3179
3998
4766
5578
6436
7289
8296
9523
10800
12027
13537
15220
16433
17327
18435
17599
15593
13529
11353
8206
4870
1852
-139
-1410
-3067
-3783
-3952
-4571
-5039
-4446
-4744
-5299
-5164
-4599
-3905
-3053
-2641
-2161
-1725
-2130
-2778
-3670
-5360
-6866
-7768
-9091
-10201
-10690
-10699
-10460
-10194
-9850
-9108
-8427
-7969
-7467
-6955
-6619
-6142
-5364
-4627
-3920
-3150
-2136
-1346
-808
-181
425
878
1421
2253
3112
3974
4988
6043
7292
8727
10104
11568
12920
14346
16067
17359
18210
19382
18465
16385
14428
11946
8557
4550
1347
-824
-2475
-3990
-4553
-4293
-4394
-3869
-2501
-2604
-2923
-2606
-2457
-2492
-2679
-3115
-2984
-2879
-3544
-4014
-4663
-6196
-7500
-8343
-9759
-10902
-11319
-11480
-11101
-10835
-10737
-9899
-9009
-8448
-7999
-7594
-7192
-6575
-6130
-5665
-4996
-4193
-3035
-1737
-726
130
1256
2169
2721
3321
3801
4656
5621
6748
8460
10146
11566
13510
15357
17099
18130
18753
20216
19226
16762
14758
12599
8881
5127
2124
-278
-1784
-3126
-3553
-3178
-3494
-3108
-1808
-1642
-2151
-1878
-1763
-2045
-2398
-2986
-3160
-3414
-4298
-4987
-5608
-7101
-8351
-9183
-10473
-11589
-12151
-12335
-12229
-11877
-11167
-10085
-8951
-8028
-7218
-6549
-6415
-6187
-5824
-5616
-5369
-4833
-3847
-2683
-1726
-522
669
1692
2665
3640
4573
5404
6469
7921
9628
11150
12624
14467
16223
17352
18251
19760
19821
18016
16498
14738
11879
8188
4625
1895
180
-1741
-2849
-2807
-3010
-2869
-1779
-1334
-1573
-1351
-1222
-1576
-2135
-3053
-3558
-3877
-5108
-5942
-6325
-7349
-8390
-9033
-9982
-10846
-11401
-11816
-11913
-11940
-11966
-11313
-10456
-9990
-9447
-8809
-8182
-7661
-7196
-6710
-5967
-5170
-4144
-2836
-1697
-489
916
1970
3005
3956
4811
5976
7260
8764
10516
12091
14132
16166
17823
18791
20169
20476
18782
17151
15173
12484
8842
5793
3221
1463
-122
-1141
-1054
-1123
-1289
-349
155
-318
-466
-392
-921
-1657
-2700
-3434
-3867
-5026
-5996
-6578
-7624
-8953
-9821
-10897
-12125
-12876
-13169
-13080
-12901
-12447
-11428
-10293
-9322
-8547
-7916
-7477
-7245
-7076
-6957
-6706
-6152
-5183
-4008
-2834
-1410
130
1666
3012
4188
5277
6528
7916
9362
10820
12376
14167
15939
17313
18686
20411
20358
19072
17857
16201
13151
9518
6359
3652
1598
-250
-1146
-1062
-1217
-786
436
799
567
794
578
-280
-1581
-3038
-3833
-4950
-6487
-7371
-7846
-8807
-9689
-10128
-10955
-11724
-12236
-12675
-12935
-13260
-13191
-12349
-11505
-10889
-10058
-8706
-7508
-6872
-6331
-5608
-5062
-4671
-4255
-3684
-3113
-2223
-1170
-6
1255
2695
4515
6237
7805
9657
11677
13315
14793
16322
17441
18224
19441
19479
18391
17430
16062
13802
11061
8215
5846
4037
1798
304
-261
-683
-921
-440
-177
-273
-66
-55
-734
-1601
-2804
-3778
-4815
-6434
-7683
-8392
-9353
-10302
-10927
-11622
-12207
-12632
-13137
-13435
-13410
-13273
-12754
-12172
-11555
-10608
-9592
-8706
-7923
-7119
-6225
-5445
-4729
-3836
-2918
-1915
-795
466
1894
3378
5065
7245
9296
10893
13096
14944
16500
17681
18762
19946
19657
18482
17482
16190
13594
10794
8432
6639
4923
3046
2303
1918
1543
1625
2168
2132
1756
1724
1228
103
-1152
-2535
-3829
-5460
-7099
-8215
-9164
-10440
-11336
-11796
-12459
-13015
-13259
-13507
-13679
-13831
-13781
-13460
-13209
-12757
-11929
-11005
-10204
-9201
-7954
-6865
-6020
-5040
-3856
-2903
-1979
-866
331
1580
3034
4905
7044
8897
10834
13264
15396
16887
18137
19578
20524
19800
18808
17788
16273
13782
11214
8989
7388
5506
3991
3517
3046
2618
2780
3215
2911
2705
2635
1810
565
-899
-2336
-3700
-5723
-7435
-8603
-9963
-11408
-12307
-12932
-13708
-14254
-14671
-14761
-14732
-14644
-14283
-13676
-13097
-12330
-11440
-10649
-9888
-8953
-7949
-7124
-6343
-5494
-4337
-3306
-2257
-915
576
2281
4101
6256
8545
10448
12622
14687
16254
17427
18797
20080
19680
19109
18457
17319
15131
12776
10886
9293
7407
5738
5060
4345
3747
3577
3741
3520
3089
2959
2288
1113
-320
-1839
-3319
-5247
-7191
-8604
-9902
-11361
-12552
-13300
-13965
-14681
-15191
-15304
-15313
-15296
-15139
-14718
-14172
-13391
-12572
-11729
-10734
-9684
-8683
-7727
-6772
-5844
-4745
-3598
-2449
-1145
354
1939
3952
6267
8345
10556
12771
14650
16213
17493
19032
20081
19583
19046
18531
17317
15291
13199
11280
9788
7998
6548
6032
5248
4513
4576
4505
4099
3774
3398
2445
1270
-304
-1830
-3341
-5485
-7233
-8497
-10144
-11630
-12702
-13560
-14343
-15078
-15564
-15702
-15702
-15809
-15618
-15043
-14510
-13750
-12898
-12036
-11072
-10008
-9027
-8143
-7166
-6062
-4834
-3679
-2327
-814
859
2817
4853
7029
9141
11248
13185
14952
16319
17456
18966
19660
19370
19102
18497
17332
15514
13551
11732
10317
8591
7292
6510
5672
5089
4926
4697
4269
3994
3420
2420
1124
-446
-2030
-3828
-5846
-7617
-9154
-10742
-12164
-13070
-13916
-14746
-15347
-15817
-16080
-16297
-16636
-16516
-16150
-15674
-14949
-13965
-12835
-11408
-10128
-8819
-7415
-6343
-5149
-3944
-2907
-1739
-371
1325
3382
5322
7283
9595
11966
13827
15417
16917
18525
19657
19598
19319
18948
17763
15952
14260
12476
11114
9530
8285
7581
6948
6368
6167
5898
5466
5061
4457
3432
1991
403
-1202
-3161
-5404
-7232
-8676
-10317
-11990
-13131
-14058
-14968
-15773
-16289
-16447
-16621
-16850
-16549
-15975
-15386
-14709
-13770
-12670
-11585
-10729
-9595
-8451
-7466
-6360
-5050
-3666
-2180
-405
1555
3840
5976
8249
10708
12797
14329
15774
17305
18861
19195
18995
18964
18358
16951
15392
14033
12645
11275
9791
8982
8302
7480
7103
6937
6482
5959
5556
4687
3352
1920
261
-1455
-3685
-6115
-7690
-9500
-11399
-12824
-13866
-14859
-15768
-16316
-16532
-16811
-17081
-16926
-16485
-16034
-15540
-14825
-13848
-12969
-12215
-10977
-9859
-8926
-7656
-6266
-4820
-3517
-1942
221
2514
4667
7042
9376
11328
13010
14570
15861
17377
18471
18459
18731
18558
17929
16744
15366
14056
13058
11668
10507
9828
8889
8217
7714
7377
6897
6372
5659
4554
3079
1479
-338
-2371
-4640
-6666
-8456
-10288
-11863
-13114
-14214
-15255
-16122
-16635
-16939
-17446
-17572
-17352
-16963
-16450
-15764
-14800
-13609
-12593
-11413
-10123
-9168
-7979
-6751
-5447
-4175
-2632
-585
1641
3688
6012
8439
10602
12329
13846
15441
17091
18157
18231
18412
18382
17723
16470
15526
14390
13390
12232
11412
10630
9938
9287
8784
8379
7610
7087
6345
5107
3586
1893
60
-2053
-4358
-6420
-8391
-10320
-12149
-13507
-14530
-15578
-16404
-16801
-17251
-17580
-17755
-17637
-17373
-16957
-16344
-15444
-14537
-13556
-12306
-11148
-10034
-8804
-7247
-5813
-4387
-2431
-206
1987
3871
6298
8531
10253
11962
13606
15133
16882
17691
18036
18456
18285
17608
16682
15675
14653
13854
12728
11980
11353
10563
10071
9648
9127
8536
7824
6800
5475
3878
2057
16
-2448
-4679
-6465
-8435
-10331
-12075
-13281
-14529
-15696
-16576
-17249
-17737
-18156
-18277
-18077
-17595
-17129
-16383
-15377
-14335
-13398
-12307
-11111
-9984
-8685
-7275
-5706
-3927
-1606
734
2951
5113
7355
9450
10956
12450
13854
15601
16841
17060
17642
17890
17480
16735
15899
15400
14984
13871
13183
12718
11934
11362
10668
10121
9635
8654
7596
6419
4672
2792
891
-1359
-3707
-5778
-7618
-9480
-11230
-12751
-14019
-15091
-16197
-16862
-17393
-17926
-18145
-18154
-17848
-17402
-17014
-16251
-15303
-14582
-13475
-12469
-11282
-9754
-8483
-6752
-4854
-2842
-393
1812
3842
5870
7987
9740
11020
12401
14109
15781
16635
17309
17892
18006
17377
16666
16111
15556
14625
13650
13054
12404
11518
10803
10149
9698
9074
8170
7247
5917
4173
2185
162
-2225
-4422
-6603
-8714
-10659
-12383
-13725
-14954
-16201
-17002
-17394
-17665
-17825
-17905
-17514
-16985
-16533
-16023
-15158
-14173
-13395
-12553
-11424
-10080
-8714
-7056
-4832
-2411
-194
2066
4204
6159
7899
9362
10905
12208
13756
14977
15805
16439
16924
16987
16490
16007
15658
15289
14377
13845
13451
12770
11951
11175
10536
9849
8876
7724
6668
5216
3419
1455
-771
-3045
-5071
-7196
-9168
-10786
-12202
-13449
-14795
-15817
-16551
-17105
-17536
-17867
-17794
-17492
-17073
-16587
-15850
-14985
-14089
-13140
-12090
-10882
-9581
-7987
-5950
-3640
-1405
575
2541
4568
6392
7855
9410
11164
12725
14184
15251
16143
16834
16866
16487
15968
15572
15294
14606
14065
13722
13167
12262
11486
10817
10297
9393
8367
7338
5941
4380
2219
250
-1782
-3922
-5906
-7664
-9373
-11013
-12463
-13994
-15220
-16238
-16821
-17294
-17576
-17472
-17277
-16929
-16437
-15777
-15078
-14271
-13324
-12405
-11311
-10084
-8564
-6602
-4409
-2344
-465
1524
3451
5236
6802
8503
10026
11579
13084
14193
15158
15956
16305
16027
15591
15258
15116
14550
14125
13785
13416
12790
11991
11147
10418
9772
8710
7652
6341
4810
3046
949
-1046
-3033
-4934
-6768
-8544
-10087
-11445
-12775
-14160
-15181
-15867
-16413
-16809
-16936
-16842
-16529
-16120
-15641
-14975
-14234
-13320
-12432
-11441
-10051
-8344
-6351
-4316
-2417
-497
1394
3019
4607
6318
7908
9425
10953
12495
13648
14705
15520
15600
15409
15104
15031
14626
14254
13898
13590
13203
12281
11442
10700
10158
9204
8177
7140
5979
4224
2202
406
-1780
-3647
-5489
-7297
-8889
-10261
-11595
-13117
-14061
-14985
-15607
-15908
-16269
-16091
-15763
-15544
-15379
-14876
-14185
-13400
-12755
-11881
-10550
-9067
-7383
-5569
-3766
-2237
-449
1334
2765
4400
6263
7698
9079
10591
12018
12834
13847
14670
14783
14795
14723
14618
14117
14000
13719
13305
12807
12166
11595
10709
10008
9001
7953
6711
5214
3533
1865
270
-1900
-3698
-5301
-7066
-8831
-9992
-11097
-12421
-13369
-14167
-14665
-15183
-15317
-15248
-15200
-14864
-14539
-14183
-13670
-12941
-12392
-11547
-10255
-8781
-7153
-5600
-4265
-2975
-1224
326
1830
3337
4941
6469
7392
8736
10271
11220
12525
13895
14450
14851
14891
14822
14480
13976
14252
13910
13109
12744
12164
11141
9995
8850
7693
6643
5499
4075
2737
1127
-734
-2662
-4472
-6119
-7523
-8670
-9796
-10811
-11756
-12510
-13475
-13985
-14298
-14457
-14386
-14396
-14182
-13921
-13360
-12888
-12340
-11413
-10362
-9235
-7819
-6276
-5336
-3863
-2438
-1294
305
2121
3583
4984
6558
7587
8894
10130
11418
12690
13829
14747
14780
14623
14768
14372
14019
13789
13508
12982
12189
11410
10184
9010
7763
6518
5311
4173
2945
1434
-234
-2174
-3867
-5454
-6842
-8090
-9101
-9886
-10926
-11915
-12768
-13239
-13769
-13815
-13702
-13692
-13452
-13227
-12982
-12778
-12187
-11647
-10800
-9556
-8015
-6802
-6114
-4568
-3706
-2375
-874
129
2188
3511
4758
6116
7627
8654
10000
11398
12789
13801
14610
14715
14845
14632
14309
14176
13810
13478
13007
12197
11192
9854
8288
7090
5756
4720
3561
1863
921
-752
-3541
-4504
-5488
-7047
-7963
-8692
-9525
-10448
-11374
-11912
-12313
-12867
-12869
-12661
-12795
-12860
-12562
-12420
-12017
-11498
-10749
-9674
-8706
-7502
-6481
-5557
-5181
-3877
-2732
-1769
392
1265
2500
4091
4728
5620
7488
8728
10129
11616
12419
13137
13460
14083
14061
13781
13918
13391
13074
12485
11442
10785
9227
8002
6841
5533
4488
3480
2121
795
-327
-1780
-3020
-4003
-5091
-5769
-6455
-7536
-8161
-8943
-9751
-10407
-11053
-11196
-11197
-11681
-11654
-11317
-11778
-11245
-10611
-10611
-9403
-8777
-7726
-6998
-5906
-5042
-4241
-2846
-1838
-292
658
2167
2975
3943
5585
6309
7975
8274
9695
10744
10878
11984
11949
12269
12349
12198
11665
11217
11051
9928
9573
8349
7539
6689
5562
4613
3519
2657
1328
550
-1053
-1818
-2786
-3857
-4632
-5469
-6082
-7064
-7691
-8364
-9063
-9766
-9958
-10545
-10563
-11015
-10865
-10668
-10673
-10488
-9889
-9650
-8991
-8097
-7137
-6056
-4879
-4346
-2793
-1874
-1529
205
409
2262
3050
4175
4952
5556
6855
7339
8470
9096
9518
10257
10458
10917
10861
10966
10797
10175
10485
9192
9302
8308
7832
7189
5908
5038
4388
3599
2072
1648
329
-604
-1369
-2553
-3361
-3881
-4994
-5259
-6489
-7201
-8097
-8425
-8867
-8673
-9328
-10054
-9596
-10023
-9799
-9430
-8986
-8697
-8260
-7838
-7140
-6205
-5922
-4694
-3983
-3606
-1495
-1761
-884
199
698
1923
2917
3911
4297
5540
5606
6281
6801
7320
7847
8344
8763
8927
9659
8888
8067
8968
7905
8371
7620
6694
7084
5742
5556
4045
3806
2719
2325
1937
332
452
-957
-1778
-2001
-3870
-3470
-4138
-5609
-5565
-6255
-7061
-7226
-6915
-8167
-7588
-7657
-7955
-7747
-7942
-7022
-6833
-6589
-5580
-5650
-5552
-4493
-3961
-3774
-2655
-2127
-2054
-923
-233
510
1520
1794
2647
3199
3456
3726
3936
4427
4667
4941
5335
5692
6428
6061
6293
6994
6456
6352
6044
5879
5145
4552
5273
4413
4255
4297
2901
2506
1900
1269
763
21
-270
-944
-1114
-1814
-2208
-2435
-3472
-3587
-3907
-4711
-4363
-5041
-4849
-5198
-5301
-4888
-5635
-4708
-4703
-5028
-4467
-4632
-4231
-3841
-3624
-2763
-2402
-1988
-1559
-1169
-834
-370
207
546
1186
1313
2119
2073
2090
2982
2133
3781
3508
3756
4315
3524
4003
3812
4101
3942
4081
3814
3576
3178
3609
2605
2741
2305
1976
2245
1219
1021
914
724
583
-113
332
-1405
-579
-1130
-2305
-1184
-1547
-1896
-2037
-2506
-3219
-2419
-3190
-2758
-2484
-2996
-2807
-2316
-2557
-2598
-1629
-2770
-1736
-1827
-1907
-1766
-1506
-1131
-1355
-606
-430
-2
216
317
646
965
908
770
1083
1213
1752
2025
1632
1514
1851
2270
1524
1482
1398
1453
1555
1219
1342
1238
574
1157
1193
1375
2245
993
914
346
-81
371
-238
487
-309
-833
-277
-1005
-626
-649
-787
-1010
-778
-1168
-1023
-1468
-1062
-1333
-1597
-826
-1550
-992
-1221
-503
-626
-918
-207
-923
-163
-415
-240
-270
-400
-237
-186
38
732
424
801
33
720
325
608
530
194
1143
725
784
793
499
707
229
776
655
939
826
1064
776
1426
554
1077
1061
750
1181
-87
1002
373
1320
288
525
706
527
475
197
169
-29
39
443
34
551
-377
-297
-217
-520
186
-957
78
-709
-731
-730
-782
-1179
-1220
-1162
-1308
-1043
-2115
-1226
-2007
-678
-1805
-1137
-1584
-1734
-1035
-1877
-776
-990
-1500
-1048
-770
-1916
-294
-1491
-489
-521
-777
55
-265
234
-566
687
663
596
884
272
554
434
752
1279
389
520
1002
833
1168
1461
306
2025
1057
1773
1219
943
1985
1044
999
1293
1315
1063
1300
839
875
1721
551
942
335
423
740
66
-62
-537
232
-1292
-815
-1429
-25
-1516
-2340
-969
-1252
-558
-663
-778
-722
-1530
-728
-1012
-645
-544
-840
-717
-1059
-1018
-570
-544
-409
-690
-227
-302
327
12
408
522
-302
547
-458
1238
934
365
1101
216
831
394
402
548
641
505
1061
139
668
809
-9
1134
71
78
-230
-202
-117
-436
528
-1024
763
-381
-973
153
-1103
-66
438
-643
-410
-678
-291
-924
-648
355
-981
-132
-535
-783
-904
-636
316
-841
672
-370
179
186
-870
949
-122
603
-807
542
-1073
338
-380
789
-196
76
684
-36
881
329
724
302
705
230
564
777
306
475
129
310
228
-127
652
229
193
388
-755
-123
-959
61
-651
-63
1128
16
328
144
253
498
246
878
1249
13
899
603
-685
921
81
438
-30
747
545
-371
916
-431
-382
-69
-184
115
-1256
854
-901
37
-475
-1967
-758
-1663
-82
-974
-719
-675
-832
-481
-1291
-416
-691
-652
264
-2069
28
-262
-409
953
-586
972
-822
-8
-196
-83
772
-848
315
-42
603
849
797
359
221
1377
656
629
1140
411
511
1232
73
-245
-105
1314
611
630
1077
205
973
-273
849
1084
-496
1157
24
153
137
-134
369
22
536
-1379
267
-632
-134
97
-1027
92
-495
-391
-814
-1
-701
-451
113
-998
-556
172
-588
-92
-505
291
-985
387
-753
-212
499
-142
206
-725
1535
-1129
660
280
321
-152
1094
51
-405
925
-1095
1054
-391
789
491
-1012
1025
-784
447
382
386
866
-46
1382
-703
325
170
-124
-581
493
1086
-662
-131
669
17
-445
238
-1168
132
966
-338
-724
-797
-1513
-327
-275
117
-208
-198
-1168
1502
-391
-440
1344
-1024
820
-659
110
-155
-706
806
-949
-230
-400
-2
-658
-152
-231
-722
387
1260
30
356
901
74
602
-1289
1248
-84
71
1164
-283
59
176
630
-172
701
251
-622
1272
-656
-16
1
-550
1477
-415
668
474
-81
-18
299
-423
-206
-168
-361
288
-228
930
-846
-44
637
-721
247
-452
-21
-718
141
-340
-303
3
506
-114
461
-551
696
-919
-238
1185
-291
495
820
-488
1038
-913
309
724
-559
1157
-659
629
-399
379
166
-1041
895
-322
439
233
-458
803
-665
501
-238
-7
591
-269
18
45
-836
184
231
-709
558
-785
227
80
37
145
-639
590
-1707
945
-846
-197
1427
-2121
608
-376
-238
351
-728
926
-844
-906
376
-659
921
633
234
781
-679
-192
-1182
461
-198
-598
897
-338
78
613
-419
595
-922
430
-735
-668
1055
-592
3
-516
282
-325
328
283
-478
-1392
-40
-431
-306
480
-592
1316
-457
426
568
-519
480
-657
255
-247
300
-700
-1697
236
-915
-115
-6
-1627
-62
-183
399
-224
-445
-200
-842
-86
781
-565
218
546
-799
738
-834
701
-290
1069
-785
48
1420
-557
-29
-29
957
-976
675
-637
-288
132
-250
574
-565
259
-218
175
984
-439
823
-29
-725
408
-537
-264
-731
682
-230
225
279
-1132
1192
-446
-174
995
-1037
-14
157
-192
87
-22
173
-357
-381
374
-424
1231
-300
192
1192
252
441
-87
577
298
-586
920
-138
-432
-289
-272
461
-661
628
132
-328
955
-497
-436
797
-883
557
-537
120
277
-453
579
96
-5
-364
212
-300
215
-591
13
-846
1
-54
-62
729
-594
-273
-44
171
349
-510
54
-530
-62
373
-336
441
-676
-60
73
-196
-317
196
-120
-688
-124
-136
-677
-2
468
-319
-147
-203
19
-524
124
-323
-915
651
-876
957
279
269
317
-170
435
-360
846
-374
109
-896
-209
-214
-770
507
88
735
-501
699
-747
-80
859
-1433
345
-870
-344
517
-152
-85
108
-225
-405
-89
-634
112
-730
617
-92
-244
448
-198
278
90
-192
346
328
-581
525
-544
-293
733
531
357
353
-292
344
281
-562
775
437
293
75
-976
-19
-145
365
727
320
-74
-182
-83
408
254
8
-569
-1339
477
56
781
404
701
-393
-526
450
-713
236
-257
-154
124
-299
-235
88
-355
1276
-106
206
87
-231
-211
367
-122
-522
466
-18
-268
680
-283
291
-397
138
26
-239
-297
77
146
-729
763
-38
-109
315
-195
-273
173
-41
14
158
96
-554
248
-120
-403
538
96
-692
-7
-455
-795
1503
-338
645
808
-773
265
463
-58
236
-552
628
-353
258
547
-433
631
-133
-77
-319
-332
-118
-441
-505
392
15
-869
-513
509
-442
-80
296
-611
178
36
499
-618
-732
317
-1063
272
759
-98
203
-398
321
-20
13
-659
-473
-120
25
295
506
-676
-941
-262
-48
1590
216
462
1172
-556
446
674
451
-117
824
877
-404
198
328
-390
-499
-610
-235
-165
88
393
-913
766
-721
365
-17
-1196
475
127
40
-188
1210
-76
11
-588
-236
5
-922
989
-344
-317
2
842
-50
330
537
-608
17
-321
-555
835
-775
4
302
-427
-120
-158
828
-289
-194
974
-734
-6
301
-484
363
-344
525
-297
799
-242
-530
27
673
425
-648
320
634
-19
1413
-419
-823
60
589
156
982
1755
-1109
347
314
-1012
329
824
37
-53
-583
-1380
92
418
-308
-158
115
124
-12
-395
773
-83
915
97
-37
401
-1013
-69
112
-191
-173
93
20
18
-588
-1061
-557
-1154
646
-909
427
510
743
691
637
784
-263
-1291
759
482
-82
931
-702
-346
274
372
645
1171
-272
-144
-622
-1152
1249
-812
412
-427
-196
519
-525
-526
789
-268
-651
22
300
-174
206
-494
457
-329
-397
576
-1246
2230
-526
-636
-492
-277
614
-264
-385
-179
-552
-923
1436
-300
-313
-68
337
-332
-865
1371
-287
976
-603
440
160
-674
439
-679
1465
-656
-150
-414
-255
125
-573
197
62
-520
663
451
833
626
655
-7
-1515
-65
-221
-232
163
-391
1091
-600
1379
-278
884
691
-1298
1886
51
118
353
366
-56
-748
-655
796
-2112
60
634
56
482
-456
1175
-1140
-286
91
1367
878
-1028
809
-2020
-293
1151
-761
254
527
-2634
-1212
587
-1570
-187
916
-722
-380
628
-14
488
472
1098
-520
1287
-483
1186
219
1171
1146
-1077
679
-1193
86
-896
-115
-501
136
943
-914
672
-393
442
-10
555
-312
-839
1659
-1198
935
292
1162
761
-525
-844
-296
1810
-508
-1895
-689
85
103
120
1439
27
180
555
-789
-789
1608
754
66
-235
-797
221
-92
1152
-58
154
1428
-947
1131
615
858
691
42
822
-1132
494
312
164
1550
-821
-585
-319
433
-600
1268
1242
-1434
1244
11
274
537
-135
593
-210
151
-1060
2562
785
47
1032
-1978
1037
-1807
612
757
417
428
-749
187
-714
-22
-201
409
300
-178
1039
-894
1008
-583
-136
342
-171
348
-1739
116
1234
-2217
-500
909
-649
-444
537
-143
-636
-510
-344
443
21
-1018
368
-406
495
1879
-555
731
-829
221
-487
-273
939
-1827
1715
-927
1672
1027
564
1064
-546
2792
1730
-140
-819
-1028
-2679
-416
-705
697
-782
-910
-254
368
915
-304
-832
-816
1136
-2291
1831
698
177
2341
-1308
2027
910
1274
707
695
-1117
-518
-1557
-629
1027
-1525
112
-3467
-961
467
54
69
-10
-270
-848
511
-392
3620
-67
-576
418
106
2205
1746
2958
466
-652
-1153
-945
-973
1610
2058
-2084
-1708
-1574
-2603
-704
967
-1729
-634
-220
105
804
565
1368
2597
1011
582
1894
718
782
1814
1661
-153
-1457
-1500
-1819
-941
734
-743
-2026
-301
-132
3273
2202
252
-1387
-800
-789
-742
1261
1813
-193
-1492
-2513
-685
-656
-1095
158
-467
-1430
-566
801
1128
773
499
340
469
1204
2589
1108
-194
-1076
-355
-1007
-186
-167
-54
-700
-2725
-1103
-3498
-671
1341
-930
169
-2276
197
1028
902
2510
71
-842
-179
1461
915
827
1560
-740
-130
-235
128
-613
252
274
-1474
-273
-531
-271
-4
634
1110
-117
-35
173
104
-351
826
13
578
10
238
1420
-391
763
-95
-1190
335
-453
-190
-231
905
164
-681
-244
-112
-805
-265
795
356
-246
52
50
59
550
758
-97
-634
-111
-268
-894
851
548
-449
-1112
-1428
810
238
-409
184
-952
-1004
-340
349
189
-92
-13
165
-260
160
976
-79
686
-120
84
-266
-120
858
-282
-269
-156
-324
108
833
677
812
27
-662
-409
-46
239
402
4
934
456
-1058
406
487
768
163
-721
-400
-738
-135
125
147
-553
245
-885
-556
389
140
201
-948
59
-286
-20
903
299
-16
-359
395
201
434
262
337
-81
-401
584
121
-116
-12
-620
-822
-344
29
12
-307
145
30
-246
224
289
509
293
310
452
489
512
540
111
194
483
-185
-317
-536
-773
-193
-214
183
-6
-384
-35
-684
-225
82
-70
-85
-585
-672
-483
-367
-31
513
-410
-383
-577
-1008
-276
-16
48
-212
-866
-596
-457
-9
523
115
-303
-323
-368
-349
-139
100
-210
-413
-84
62
46
569
441
-275
-150
110
946
968
680
471
14
990
1210
1017
1171
811
923
760
1264
1680
1668
1503
1160
1201
1910
1960
1350
608
473
517
384
101
-406
-681
-876
-615
-762
-1375
-2031
-2131
-2457
-2641
-2566
-2864
-2874
-3285
-3317
-3551
-3403
-3051
-3167
-3460
-3599
-2712
-2556
-2549
-2062
-1532
-1039
-847
-292
242
739
832
967
1033
1674
3017
3399
3678
4283
4884
5003
4890
5324
5933
6693
6955
6941
6340
6188
7206
7482
7531
7182
6355
6288
4853
2591
1844
2039
1192
-960
-2945
-4120
-4513
-5600
-7006
-7996
-8870
-9244
-10587
-11060
-10714
-10368
-9827
-10190
-10374
-9967
-8991
-8125
-7481
-7010
-5831
-4558
-4276
-3667
-2858
-1494
-127
340
402
1126
2226
3033
3637
3812
4444
5125
5285
5646
6374
8188
9571
9027
8022
8319
10255
11789
12342
12214
13784
14636
14341
13248
8875
7298
8528
8775
5356
1806
814
-527
-2471
-5481
-8182
-9167
-9530
-11743
-12189
-11892
-11708
-11988
-13640
-12737
-12280
-11458
-9649
-9310
-8679
-8038
-6843
-5753
-5145
-4424
-3774
-3110
-2651
-1633
-1153
-653
475
435
426
649
966
1228
935
1008
1233
1281
1429
2110
2640
3159
4646
6366
8560
9671
10189
11119
12129
13984
15220
16299
16998
17662
14623
11131
10701
10349
9849
5573
2234
-796
-3261
-4077
-6665
-8467
-11373
-12721
-13872
-14446
-13786
-13794
-13112
-13653
-12899
-12028
-10777
-8650
-7724
-6220
-6204
-6052
-4155
-1971
-317
-416
-943
-741
329
1441
1759
1269
265
-206
-380
-514
-275
-222
-530
-1163
-1541
-900
196
1630
2818
3637
5739
8473
10301
10933
11831
13640
15515
16594
16817
18467
19371
15211
11124
9675
10577
9973
5144
249
-4125
-5727
-6631
-8089
-10996
-14012
-15225
-16630
-16347
-15497
-13682
-13325
-14177
-13426
-12578
-9762
-7039
-6089
-5914
-4999
-3101
-3182
-2455
159
1954
1264
-1301
-1396
-27
1753
2353
648
-986
-1996
-1343
-885
-905
-525
-461
-765
-1137
286
2552
4641
6089
6861
9085
11826
13436
14280
15612
17404
17933
17675
18148
19600
16452
11770
9552
8448
6929
2186
-977
-4292
-8074
-9579
-10829
-12398
-14730
-16023
-17388
-16962
-15042
-13522
-12671
-13160
-11925
-10097
-7706
-5086
-4585
-4290
-3274
-1489
-493
-778
-812
57
767
40
-1014
-1746
-1241
-682
-1017
-2007
-3024
-2982
-2587
-2024
-1857
-1514
-746
-56
753
1909
3675
5715
7612
9157
11183
13650
15374
15677
15914
17410
18927
18931
17926
17835
15543
10035
8853
7952
5381
692
-4577
-6188
-9285
-10492
-12006
-14527
-16123
-16737
-16594
-16704
-14027
-12369
-11800
-11939
-10284
-7097
-5669
-3528
-2476
-2868
-2714
-1037
660
557
-675
-1937
-1903
-1456
-1496
-2501
-3715
-3600
-3356
-3432
-3840
-3645
-2776
-2308
-2024
-1568
-203
1575
2796
3853
4853
6088
8436
10816
12536
14628
16329
16729
16517
16958
18453
18456
17067
16661
16493
11508
6693
5766
4836
833
-5330
-6394
-8335
-11864
-13179
-14637
-14591
-15496
-15901
-15870
-14994
-12042
-9922
-9501
-9428
-7426
-5510
-3490
-2115
-1717
-1576
-1716
-1122
-949
-1439
-2277
-3070
-3151
-3033
-3504
-4339
-4853
-4409
-3682
-3270
-3285
-3119
-2451
-1462
-324
874
2098
3040
3948
5044
6431
8099
9906
11521
12769
14313
15908
16114
15611
16001
16760
15955
14944
15036
15563
10718
3830
3645
3414
-265
-5022
-7273
-9990
-12551
-12375
-12551
-13400
-14862
-15004
-14331
-12973
-10229
-8833
-8455
-8262
-7020
-5161
-3585
-1795
-1555
-2965
-3290
-2049
-1549
-2174
-3405
-3932
-3491
-3500
-3907
-4610
-4540
-3530
-2737
-2507
-2766
-2267
-1110
144
1131
1884
3031
4118
4838
5732
6912
8450
10262
11188
11891
13537
15123
15388
14661
14460
15190
14916
14090
13728
14875
13420
4359
2393
4918
2127
-4692
-8768
-8304
-10006
-11538
-12764
-13762
-13388
-13838
-14363
-13543
-10874
-8147
-8404
-9586
-8264
-5824
-3973
-2493
-2462
-3159
-3350
-2739
-2663
-3381
-3375
-2846
-3105
-4296
-4833
-4036
-2892
-2270
-2570
-2894
-2572
-1455
-99
732
1351
1953
2876
3500
4100
5358
7048
8393
9213
9571
10659
12995
15144
14979
13316
13071
14426
14769
13419
13039
13919
14095
7431
2354
3712
3277
-198
-6595
-9400
-10036
-10501
-10090
-12554
-15045
-15241
-14094
-12848
-11604
-10229
-9280
-9330
-9358
-6966
-4720
-3047
-2597
-3888
-4097
-3489
-2884
-2621
-2792
-2996
-3515
-4327
-4494
-3526
-2476
-2014
-2474
-2982
-2592
-1252
445
1260
1412
1483
2228
3402
4395
5387
6623
7698
8450
9144
10201
12671
15127
15226
13556
12969
14692
15497
14023
13733
14301
14878
9178
2370
3716
4495
1848
-4531
-9931
-9994
-10444
-10212
-11256
-14768
-15556
-14770
-13260
-11932
-11229
-9237
-8218
-9014
-7956
-5251
-2788
-1849
-3080
-3881
-3544
-3230
-2555
-2360
-3161
-3772
-4456
-4461
-3795
-3198
-2714
-2849
-3012
-2697
-1792
-454
436
1123
1540
2099
3029
3889
5131
6338
7225
7992
8959
10111
11941
14157
14948
13593
12718
13844
14698
13644
12815
13024
13725
12383
5221
1893
3306
3560
-1612
-10400
-10288
-8144
-9375
-12202
-14591
-13965
-13392
-12750
-12004
-10941
-9901
-8085
-7525
-7714
-5317
-3199
-2302
-3529
-4576
-3409
-2837
-3568
-3962
-3432
-3074
-4309
-5622
-4775
-3026
-2199
-2773
-3401
-2955
-1732
-255
865
1456
1569
1742
2779
3977
4929
5936
7107
7821
7929
8956
11067
13551
14597
13180
12005
12466
14084
14623
12824
11786
11798
13278
10479
1915
349
2940
2867
-4119
-9819
-8558
-9489
-10788
-11550
-12147
-12709
-13888
-12939
-11509
-10294
-8304
-6971
-8211
-8317
-5874
-3117
-1850
-3261
-4282
-4240
-3865
-3772
-3520
-3490
-3978
-4901
-5628
-4706
-3373
-2303
-2389
-2896
-2719
-1518
455
1709
2084
1939
2441
3751
4803
5639
6589
7285
7717
8139
9394
11390
13219
14050
12778
11585
12244
14284
14619
12075
10998
12136
14112
8870
318
736
5127
2975
-6712
-11595
-8587
-7886
-10247
-12491
-13975
-13561
-13322
-12132
-11161
-10826
-8655
-7434
-7904
-7434
-5095
-3022
-2967
-3601
-3495
-3168
-3523
-3937
-3814
-3537
-3437
-4247
-5274
-5012
-3569
-2014
-1852
-2516
-2561
-1339
509
1626
2094
2322
2858
3632
4242
5137
6415
7537
8418
8538
8797
10427
12914
14547
13449
12057
12152
13526
13626
12031
11917
12322
13191
9040
380
1477
5119
3014
-5617
-11555
-8326
-7775
-9559
-12107
-14331
-13543
-13576
-12621
-10775
-9854
-7978
-8178
-9592
-7848
-4851
-2361
-2581
-5255
-6442
-5373
-3090
-1959
-3079
-4735
-5424
-5048
-4028
-2911
-2182
-2266
-2891
-2957
-1754
241
1671
1804
1208
1139
2227
4077
5440
5664
5489
5965
7497
8803
9622
10760
12347
13119
11982
11335
12514
14286
13262
10413
10323
12337
14493
11257
2750
420
4003
3724
-3896
-10217
-7763
-6929
-11322
-13420
-12655
-11484
-12436
-13649
-12294
-10940
-8976
-7304
-8026
-8283
-6675
-3776
-2513
-3400
-4377
-4494
-3484
-2733
-3390
-4662
-5009
-4377
-3669
-3688
-3759
-3316
-2560
-2099
-1718
-753
661
1692
1859
2037
2913
4155
4965
5273
5681
6411
7730
8853
9225
9922
11705
13277
12624
11212
11566
13086
13087
11714
11129
11201
12967
11790
3530
-605
3298
6374
-1464
-11299
-9794
-5849
-8204
-12475
-12927
-12108
-12719
-12622
-10379
-9812
-9484
-7633
-7342
-8137
-6900
-3407
-1806
-3496
-5171
-4630
-3238
-3508
-4263
-4301
-4105
-4641
-5397
-4720
-3303
-2337
-2350
-2613
-2215
-1005
560
1697
1953
1889
2292
3512
4431
4793
5394
6343
7120
7391
8096
9646
11083
11907
11730
10969
11239
12121
12447
11659
10049
9654
10900
13894
10283
-31
-1869
3714
4736
-4028
-10764
-8027
-6464
-10651
-12968
-11217
-10356
-12196
-12326
-11129
-10273
-8029
-6131
-7107
-8711
-6447
-2581
-2748
-5646
-6077
-3763
-2324
-3783
-5219
-4625
-3615
-3128
-3272
-3453
-3248
-2623
-1777
-1203
-718
72
1121
1686
1519
1687
2942
4464
4715
4398
4973
6492
7661
7876
8401
9509
11148
12299
11524
10922
11215
12546
13125
11322
10170
10619
12185
13013
6127
-1478
1191
6700
1808
-10057
-11766
-6053
-5566
-11706
-14347
-12174
-11205
-12758
-12807
-10104
-8846
-8874
-8265
-7588
-6556
-4728
-2831
-2680
-4893
-5669
-3453
-2147
-3365
-5082
-4657
-3509
-3416
-3841
-3687
-2788
-2108
-1878
-1533
-681
537
1379
1657
1639
2041
3210
4292
4733
4720
5497
6785
7521
7806
8513
9878
11420
11895
10898
10565
11349
12416
11805
9652
9156
10372
13455
13285
3384
-3015
1559
7056
1841
-9798
-11132
-5531
-5829
-10665
-12778
-11843
-10909
-12062
-12723
-10806
-7634
-6432
-8896
-10380
-7431
-3154
-1620
-3294
-5563
-5350
-3561
-3749
-4822
-4258
-2946
-3833
-5868
-5512
-2897
-947
-1039
-2152
-2405
-1138
999
2656
2723
1677
1337
2520
3991
4442
4693
5777
6271
5939
6280
8200
10657
11914
11016
9740
10373
12510
13132
11001
9196
9901
11776
13307
11887
4720
-927
2008
6758
888
-8190
-9097
-5910
-6668
-10590
-11675
-11128
-11604
-12267
-11936
-10653
-8475
-7358
-8542
-9454
-7090
-3939
-2932
-4050
-5868
-5812
-3871
-2685
-3396
-4131
-3724
-3588
-3705
-2951
-2454
-2270
-1816
-1532
-1147
-442
581
1290
1566
1835
1692
1732
2793
4085
4462
4464
4835
5385
6430
7550
8446
9571
10774
11035
10360
10328
11740
12653
11634
9391
9274
11730
13908
11863
2656
-1866
2403
5839
739
-7864
-9808
-7429
-7618
-10187
-10958
-11044
-11789
-13279
-12502
-9233
-8346
-8554
-8911
-8870
-6536
-4504
-3227
-3286
-5267
-5400
-3669
-3072
-2952
-3327
-3042
-3891
-5220
-3526
-1944
-1740
-1959
-2191
-1940
-1296
125
1764
1610
1175
1250
1538
2712
4134
4852
4693
4554
5221
6230
7285
9239
10796
11026
10492
10306
11616
13123
13038
11285
10369
11159
12397
12654
12190
5214
-1142
2191
5315
229
-8068
-8930
-7370
-9242
-11753
-10771
-10605
-12433
-13245
-11580
-9136
-8093
-7686
-8065
-8260
-6268
-3497
-2794
-3574
-4282
-4070
-3721
-3914
-4129
-3688
-3474
-3334
-4175
-4983
-3811
-2514
-1665
-1704
-1529
-1198
-685
418
1697
1887
1456
1663
2348
3200
3727
4517
5204
5663
6027
6378
7747
9707
10956
11502
10742
10183
11092
12588
12315
10263
10108
11169
11319
11690
7691
1266
1114
3814
1589
-4835
-7983
-6883
-7536
-10811
-11042
-10429
-11236
-12039
-12023
-10243
-8729
-7943
-7917
-8229
-6869
-4985
-4029
-4306
-5036
-5283
-4197
-3335
-3859
-3929
-3585
-3252
-3305
-3291
-2533
-2063
-2036
-1673
-1210
-793
-73
461
684
715
797
1233
1883
2709
3071
3280
4079
4981
5762
6458
7297
8573
9486
10500
11100
10999
10884
11181
11773
10888
10325
11064
11333
10980
10666
6323
337
1173
3917
1338
-5559
-9359
-8260
-7662
-8982
-10300
-11987
-11907
-12118
-11991
-9255
-8029
-8231
-8833
-8695
-6106
-4539
-3902
-3515
-5045
-5095
-3266
-3083
-3707
-3379
-2527
-2751
-3678
-2758
-1829
-1683
-1194
-805
-744
-575
308
769
888
1178
1247
1335
1868
2714
3091
3464
4272
4926
5424
6125
7532
8907
9579
10179
10575
11106
11368
11256
11227
11039
11149
10996
9795
11246
10502
3890
-820
409
3691
538
-6147
-9121
-9508
-8907
-8529
-9825
-12392
-13226
-11945
-10276
-9141
-9144
-8116
-7574
-7933
-7051
-5208
-3330
-3205
-4401
-4673
-3750
-3371
-2653
-2788
-3737
-3363
-2772
-2330
-2205
-1967
-1444
-1403
-1080
-325
-49
156
641
790
806
1045
1649
2319
2832
3543
3932
4354
5495
6668
7451
8140
9008
10345
11568
11548
10859
10837
11292
11384
11196
10698
9990
10309
10940
5394
-791
2836
6099
553
-7791
-8599
-5333
-5990
-8839
-10831
-12007
-11514
-10880
-10347
-9699
-9881
-8863
-8239
-8551
-7329
-5415
-4119
-3904
-5796
-5355
-3099
-2871
-3001
-3528
-2983
-1929
-2039
-2122
-1884
-1619
-808
-618
-814
-127
-267
-54
490
460
474
427
1120
2055
2149
2672
3618
4419
5399
5547
6074
7697
8893
9874
11056
10973
10507
10413
10933
11206
10821
10357
9873
10329
12175
9949
1730
-46
4622
5339
-1805
-8089
-7897
-6906
-7106
-8136
-10602
-13217
-12963
-11054
-9507
-9958
-10258
-9271
-9485
-8694
-6645
-5052
-4150
-4972
-5533
-3937
-2769
-1859
-1379
-2487
-1918
-1285
-680
185
-1371
-1554
-1042
-1394
-502
-810
-491
-818
-1493
-460
-591
-327
538
1033
1301
1274
1977
3835
5040
5601
5906
6053
7532
9844
11718
11818
10541
10169
11445
12627
12512
11255
10131
10911
12369
8044
1671
2079
5404
4333
-3461
-7178
-5811
-5811
-7379
-9103
-10570
-11449
-11564
-11976
-10652
-9718
-9881
-9623
-10110
-9222
-6878
-4965
-4439
-5461
-5396
-3408
-2252
-2202
-1889
-1875
-1657
-1437
-1067
-354
-835
-1306
-911
-964
-479
-332
-454
-670
-1126
-784
-367
80
513
797
903
1582
2432
3617
4560
5021
5906
6337
7361
9734
11265
10993
9630
9633
11768
12393
11288
10097
10405
11476
11953
9976
3776
1489
4859
5746
-215
-5498
-5183
-4480
-6144
-8749
-10080
-10728
-10911
-11957
-11987
-10631
-9760
-10098
-11709
-11042
-8112
-6235
-5881
-6284
-6385
-4700
-2609
-2515
-2385
-1728
-914
-531
-721
417
594
-411
-52
73
-110
2
-193
-202
-434
-437
-377
-770
-406
406
519
601
1137
1406
2255
3369
4223
4834
4912
5763
7205
9123
10845
10056
8894
10105
12178
12490
10995
10885
11473
12303
12019
7269
4443
6170
7172
2120
-2812
-2427
-1952
-4705
-8525
-9056
-9508
-9491
-11735
-13606
-12291
-10845
-10392
-13065
-12745
-10026
-8712
-8273
-7959
-6801
-5684
-4039
-3609
-3051
-1823
-1115
-599
-763
246
880
667
571
151
871
1209
683
22
307
941
-140
-584
34
596
296
-108
517
617
1054
1923
2617
3274
3876
4416
4987
7027
9347
9404
8335
8640
10562
11845
11632
10834
10720
11683
12525
10172
6223
6005
7618
6706
2197
-1326
-1487
-1451
-3489
-7323
-8744
-8674
-8848
-11069
-12747
-11662
-10905
-11430
-13252
-12522
-10602
-9668
-9033
-8971
-7788
-6206
-4896
-4531
-3821
-2131
-843
-426
-528
586
1382
1446
1819
1810
1936
1934
1601
1496
1129
1243
1085
322
409
410
80
-99
44
374
745
806
697
1308
2341
3280
3286
4131
5639
6393
7008
7621
8327
8743
9341
9779
9642
9507
9909
10819
9700
6950
6018
6001
5777
3688
1457
-47
-1367
-2077
-3752
-4864
-5836
-6967
-8317
-9123
-9025
-9474
-9725
-10255
-10245
-9956
-9460
-8693
-8418
-7623
-6732
-6012
-5358
-4380
-3266
-2363
-1636
-1279
-801
47
917
1238
1330
1636
1578
1212
1051
1250
1652
1532
954
297
500
1164
1062
645
536
978
1231
1502
1846
2359
2921
3346
3781
4140
4813
5511
5552
5150
5306
5741
5712
5477
5325
5021
4873
4520
3617
2804
2354
2539
1883
659
-107
-563
-399
-745
-1690
-2555
-2631
-2452
-2729
-3266
-3475
-3225
-3499
-3688
-3564
-3582
-3219
-2893
-2995
-3191
-2868
-2321
-2344
-2432
-2133
-1674
-1697
-1627
-1496
-1600
-1546
-1587
-1766
-2059
-1942
-1777
-2132
-2383
-2324
-2300
-2334
-2121
-2052
-2057
-1833
-1507
-1290
-1323
-870
-177
91
385
758
1329
1824
2234
2511
2707
3119
3433
3465
3385
3692
3884
3649
3455
3333
3328
3224
3075
2834
2573
2568
2529
2279
2148
2188
2060
1770
1670
1713
1666
1665
1711
1636
1444
1408
1479
1256
1107
1080
838
644
590
357
-60
-312
-508
-928
-1296
-1479
-1843
-2338
-2711
-3015
-3387
-3758
-3978
-4193
-4488
-4571
-4647
-4878
-4910
-4765
-4722
-4655
-4379
-4199
-3967
-3626
-3269
-2931
-2569
-2030
-1600
-1238
-725
-265
15
390
796
1119
1508
1776
1954
2166
2450
2679
2736
2742
2860
2929
2961
3006
2946
2887
2947
2965
2800
2682
2725
2822
2706
2603
2665
2567
2489
2448
2293
2063
2062
2015
1859
1720
1611
1353
1023
943
844
613
347
18
-315
-529
-694
-880
-1164
-1418
-1660
-1923
-2018
-2110
-2257
-2445
-2543
-2606
-2711
-2652
-2581
-2570
-2574
-2544
-2497
-2386
-2186
-2044
-2016
-1998
-1884
-1707
-1559
-1469
-1411
-1388
-1327
-1222
-1133
-1026
-866
-666
-555
-488
-368
-199
-45
102
289
469
642
787
944
1109
1279
1436
1545
1699
1853
1971
2099
2196
2292
2396
2437
2459
2485
2452
2424
2341
2199
2075
1941
1789
1628
1475
1281
1102
912
754
565
393
218
65
-82
-234
-317
-434
-499
-558
-577
-619
-647
-635
-667
-629
-671
-671
-660
-665
-695
-747
-787
-863
-897
-995
-1043
-1167
-1240
-1314
-1428
-1496
-1598
-1661
-1758
-1828
-1885
-1936
-1958
-1960
-1896
-1834
-1734
-1651
-1538
-1359
-1194
-991
-817
-609
-343
-112
113
329
542
803
1003
1168
1382
1618
1764
1867
1948
2093
2178
2237
2226
2208
2240
2267
2192
2090
2024
1943
1884
1714
1563
1411
1297
1115
878
755
577
449
329
160
22
-85
-230
-376
-457
-518
-668
-863
-833
-893
-932
-966
-1166
-1130
-1155
-1251
-1312
-1347
-1307
-1371
-1403
-1385
-1365
-1351
-1337
-1355
-1327
-1282
-1280
-1205
-1169
-1134
-996
-904
-840
-803
-662
-609
-545
-391
-380
-257
-123
-51
82
210
271
444
472
592
704
669
869
920
979
1041
952
1059
1111
967
1004
1355
1500
1555
1497
1304
1436
1411
1250
1192
1145
1177
1090
970
936
897
684
478
571
438
283
212
-82
-133
-167
-361
-366
-424
-411
-420
-634
-658
-669
-672
-778
-673
-808
-854
-754
-738
-721
-813
-681
-658
-791
-825
-746
-708
-739
-814
-773
-603
-496
-927
-863
-653
-2984
-2829
-1371
-1198
-583
-635
-230
648
795
907
677
450
380
159
444
746
829
205
44
369
258
271
333
-270
-483
-246
-283
-343
12
414
309
368
974
1220
1012
929
1120
1110
1049
1498
1238
1220
1580
1252
1110
854
860
802
1122
313
-205
193
534
458
-710
-695
292
-49
-495
-685
-869
-795
-900
-1128
-561
-458
-1279
-913
-793
-866
-179
-550
-1130
-117
-3
-803
-290
-734
-389
66
-611
-867
-623
-150
-545
-741
-446
-409
-162
-238
-431
-238
38
292
-256
-492
29
536
337
-511
95
949
612
703
304
192
977
781
814
1047
184
422
1719
1456
880
880
872
1259
1366
1023
692
715
473
774
1131
228
93
5
78
317
194
-32
-599
-592
-277
-129
-309
-810
-566
-630
-1621
-1236
-856
-1257
-1143
-1778
-1830
-1125
-1388
-1456
-1478
-1809
-1891
-1487
-1048
-1227
-1350
-1190
-922
-656
-553
-529
-631
-451
113
10
50
398
477
295
563
1168
811
162
795
1356
1646
1410
1193
1761
2020
2208
2276
2140
2465
2915
2768
2135
2140
2578
3372
3284
2152
1842
1993
2419
2331
1438
927
709
411
661
382
-447
-1726
-2587
-1834
-1879
-2781
-3089
-4050
-4240
-3729
-3937
-4437
-4171
-4060
-4628
-4652
-4216
-3647
-3490
-3835
-3708
-3094
-2865
-2795
-2793
-2370
-1725
-1571
-1492
-1175
-724
-108
19
168
791
1173
1329
1532
2010
2505
2680
3130
3737
3923
3960
4423
5349
5566
5504
5454
5829
6692
6380
6058
5896
6122
7278
7134
5445
5259
6296
6222
5031
2948
2181
3616
3517
900
-572
-1123
-1617
-1963
-4087
-5293
-5634
-7328
-7778
-7985
-8865
-9861
-10891
-10617
-10273
-9852
-9966
-10857
-10381
-8728
-7865
-8091
-7976
-6554
-5008
-4470
-3894
-3261
-2202
-795
76
591
1134
2097
3126
3702
4234
4712
4957
5510
6031
6279
6428
6288
6432
7278
8073
7912
7459
8607
10108
10234
9495
9176
10066
10705
11214
11289
11015
10293
9998
9324
6486
6254
6148
3824
842
-842
-816
-2687
-6018
-7774
-9061
-10376
-10276
-12768
-14862
-15133
-15462
-15383
-16802
-16781
-15317
-15653
-14853
-13339
-12536
-10999
-9731
-7908
-6369
-4889
-2716
-1292
-252
1177
2142
2874
3931
4749
4985
4987
5303
5554
5951
6218
6102
6296
6649
6746
7105
7694
8445
8832
9015
10204
11023
10904
11613
13018
14371
14925
14974
15796
12900
9269
11488
12790
8508
3846
2947
3599
45
-4437
-5739
-7504
-11038
-12806
-13852
-15196
-16086
-17476
-19226
-20171
-19340
-17219
-16994
-18280
-16925
-14057
-11708
-10228
-9457
-7801
-5378
-2774
-754
299
1555
2672
3317
4414
5375
5169
4207
4093
5069
5469
4527
3559
3463
4491
6120
6175
5110
5226
7556
9915
9788
9088
10843
12905
13367
13551
15682
17670
19011
14682
6932
10574
17281
12915
2872
-2037
2440
5433
-2374
-8192
-11595
-12287
-10120
-12663
-17113
-19529
-19054
-17431
-18129
-20197
-18913
-17115
-15975
-14615
-12577
-10409
-8578
-7795
-6370
-2846
77
585
107
1955
4909
5623
4477
3998
4661
5682
5187
3885
3753
4474
4141
3258
3752
5659
6142
4880
5549
8073
10157
10038
9559
11255
13671
14641
15643
16421
18765
17650
8926
9267
15354
13356
4877
-1460
1085
3178
-3556
-7538
-11442
-14525
-12391
-14068
-16965
-19853
-20107
-17642
-18522
-18501
-17435
-18459
-16014
-12814
-11083
-10748
-9276
-5602
-4664
-3205
122
1200
1173
2190
4409
4910
4250
4911
4279
3669
4438
4810
3868
3089
3963
4348
4367
5864
6532
6188
7160
9795
11662
10972
11182
13928
15812
16560
16877
19328
20226
12205
8151
13802
14255
7908
1721
-581
-308
-4139
-7376
-8530
-13905
-17042
-15379
-16573
-18337
-19349
-20327
-19567
-19418
-17800
-16241
-17338
-14751
-10826
-10300
-8376
-5713
-4365
-3348
-1453
1829
2579
2007
2841
3602
4131
4564
4092
2763
2445
3473
3542
2958
3078
3594
3858
5062
7371
7629
7377
9413
12040
13296
13152
14242
16285
17290
18056
20287
19488
10694
9854
16230
13991
4858
-796
-462
441
-4841
-8884
-10265
-14759
-15167
-14870
-17962
-18251
-17671
-19112
-18204
-17847
-15810
-14273
-16093
-12827
-8789
-8404
-6857
-5872
-4124
-1274
-271
810
487
1141
3315
3250
2548
2625
2576
2476
1965
1902
2226
2610
2987
3063
4043
6037
7392
7931
8663
10558
12884
13780
14142
15235
17144
17230
17593
21037
16922
8179
10168
14081
10529
2659
-3128
-716
-2430
-6925
-7934
-15160
-16632
-13282
-15291
-17668
-19767
-17174
-14921
-18089
-16362
-12875
-12787
-12322
-11212
-8129
-5528
-4333
-4378
-4205
-744
1927
1209
-207
809
2953
2388
1732
1773
1066
1113
1248
1277
1372
1883
2596
2655
4501
7096
8159
8495
9204
11617
14378
14913
14724
15231
17137
19085
19400
18659
11697
7341
12643
13313
5199
-1862
-3244
-1039
-4772
-10347
-11019
-14541
-15452
-14635
-17203
-17277
-16555
-16404
-16135
-16811
-13353
-11099
-12789
-11720
-7971
-5341
-4946
-4954
-4178
-1861
272
504
56
-121
1117
1768
744
1010
905
232
129
212
1253
1964
2341
2766
3520
6377
8665
9297
9919
11060
13824
15800
15587
15376
16246
18273
19722
19981
13532
6686
10619
14869
8960
-2012
-5519
-861
-2125
-8373
-10796
-14912
-14604
-12923
-15314
-17296
-17069
-14640
-13904
-16229
-14248
-10819
-11045
-11660
-9545
-5738
-4160
-4626
-4986
-3422
-625
527
-561
-1593
-342
1285
592
126
119
38
39
-58
602
1322
2145
2881
3500
5410
7785
9391
9904
10931
13909
15898
15734
15645
16812
18789
19498
20105
14343
6798
11566
14391
6218
-1273
-3479
-2346
-4551
-9380
-10053
-13238
-15559
-13857
-15305
-16377
-15247
-14486
-14141
-14586
-12306
-9696
-10384
-10533
-7848
-5650
-4903
-3632
-3844
-3762
-1323
-43
-361
-1171
-835
283
-465
-164
137
-811
-837
-592
4
907
1677
2532
2855
4822
7821
9645
10666
11085
13019
15565
16229
16165
16375
17249
18626
20316
15640
5863
7650
14053
10115
-696
-7673
-4177
-1803
-6603
-10075
-15488
-15803
-11627
-13271
-15050
-15493
-14066
-12300
-13896
-11996
-8734
-9471
-9709
-8619
-6052
-3683
-3011
-4534
-5246
-2218
480
-137
-2239
-2295
-600
-179
56
-461
-1510
-1175
-605
204
1084
1857
2535
2843
4642
7909
10049
10711
10488
12101
15722
17006
15567
14911
16628
18983
20537
16049
5345
4948
13669
10974
-587
-7156
-4097
-1214
-7770
-10912
-12615
-14676
-12254
-13254
-15170
-13650
-12758
-11582
-12957
-12359
-7669
-8098
-9777
-8487
-5372
-3692
-4026
-4568
-4478
-2894
-1149
-1129
-1752
-2010
-1190
-1241
-1137
-205
-726
-1113
-985
-580
979
2599
3291
3102
4341
7980
10762
11380
10689
11975
15713
17187
16101
15949
16850
18891
20149
12526
4469
8596
13453
8138
-2493
-6793
-2376
-2586
-8820
-11339
-13709
-14235
-13031
-14081
-14635
-13681
-12960
-11922
-12501
-11055
-7640
-8400
-9270
-7126
-4813
-3986
-3806
-4389
-4001
-2542
-1322
-1140
-2174
-2449
-1081
-650
-759
-895
-1255
-689
-487
-390
794
2197
3269
3557
5052
8201
10660
11566
11097
12897
16246
17262
16155
15573
17541
19797
19536
12501
3863
9250
14239
6331
-3862
-6985
-1682
-3290
-9997
-11500
-14084
-13555
-11602
-13985
-14868
-13600
-10910
-10432
-13080
-10806
-6873
-7599
-8122
-7060
-5062
-3954
-4136
-4466
-4270
-2555
-1102
-2044
-3024
-2218
-1188
-1471
-1639
-1430
-1341
-846
-834
-645
643
2379
3607
3810
5210
8048
10839
12345
11457
12729
16071
17024
15972
15746
17745
20090
18079
8592
3753
11641
13235
3776
-4645
-6283
-1509
-4573
-9729
-10711
-14988
-13504
-11196
-13385
-13120
-13028
-11421
-10757
-11742
-8462
-7137
-9284
-8374
-5819
-4343
-4547
-4486
-4982
-4253
-1898
-1377
-2476
-3422
-2608
-1267
-1303
-1196
-1582
-1801
-771
-458
-65
1262
2663
3399
3992
6274
8847
10959
12035
11478
13332
16482
17266
15809
15312
17867
19224
17169
9721
4369
9503
11350
3189
-5134
-6943
-1650
-4249
-11193
-12616
-13865
-12288
-11794
-13585
-12811
-11844
-10966
-11203
-11101
-8496
-7003
-8196
-8651
-6352
-4403
-3882
-4285
-5603
-4429
-2170
-1702
-2642
-3948
-2819
-1585
-1843
-1802
-2032
-1786
-989
-404
188
1102
2867
3916
4376
6333
9303
11813
11986
11518
13831
16810
17016
15501
15377
17429
18977
18857
12182
3646
7571
11930
5310
-4281
-7235
-3986
-5399
-8697
-10456
-13677
-13910
-12376
-11944
-12537
-12161
-10637
-10926
-10676
-8428
-7105
-7454
-7891
-6522
-5589
-4750
-3342
-4401
-5290
-3717
-2084
-2154
-2914
-2885
-2833
-2269
-1003
-771
-1414
-1527
-560
370
1684
3379
3825
4420
6424
9304
11917
12239
11692
13744
16305
16983
15527
14999
17480
19197
17924
9524
2349
8697
12382
3778
-4056
-7345
-3427
-4511
-10048
-10079
-13730
-13395
-10782
-13377
-12669
-11465
-10851
-9682
-11489
-9796
-7076
-7649
-7900
-7221
-6203
-4685
-4169
-5454
-5204
-3393
-2637
-2809
-3377
-2799
-2055
-2147
-1291
-1157
-1274
-531
-573
-146
1653
3422
4318
4522
6138
9201
11531
12301
11720
12724
15859
16942
15456
14843
16810
17932
17887
11932
3640
6943
10478
4989
-1820
-6682
-4702
-3987
-9705
-10310
-12483
-13257
-10446
-13653
-14098
-10288
-10351
-10401
-11458
-10709
-6497
-7267
-7871
-6645
-6827
-4944
-3526
-4876
-4682
-3627
-2896
-2570
-2845
-2439
-2190
-2373
-1260
-658
-979
-473
-472
-168
1767
3376
4444
4769
5783
8572
11096
12776
11838
11787
15761
17367
15189
13609
15904
18747
18442
13890
4584
4383
11692
7566
-1781
-6177
-4025
-2711
-9172
-11013
-10719
-12476
-12461
-13322
-13599
-11594
-10541
-11007
-12122
-11735
-8085
-6307
-9133
-9515
-6327
-4544
-3747
-5225
-5834
-3705
-2708
-2226
-2613
-3144
-1740
-1624
-1828
-999
-740
-380
-461
-392
1080
3053
4525
4564
5166
7641
10961
12524
10860
11324
15147
17255
15586
13343
15065
17850
17697
16652
8754
3527
9128
10393
2696
-4825
-5783
-2681
-6715
-10697
-9550
-11788
-13015
-13317
-13256
-11029
-10608
-12122
-12387
-11888
-9003
-6979
-8573
-9434
-7793
-6198
-4771
-4397
-5844
-5421
-3659
-2618
-2436
-2927
-2562
-1508
-2062
-1482
1
-220
-422
-463
-115
2089
3788
4240
4322
5231
8460
10790
11814
11571
11257
14130
16578
15426
13417
14391
17968
17377
15630
11797
4180
6014
10047
6370
-1000
-6523
-4322
-3186
-8299
-9723
-11502
-13422
-11585
-11442
-12343
-12576
-12132
-10607
-11129
-11933
-9006
-8226
-9317
-8541
-7029
-5800
-5407
-6100
-5063
-3578
-3167
-3103
-2826
-1925
-1373
-2105
-2012
76
693
-311
-617
378
1988
3612
4334
4476
4795
7413
10092
11336
11869
10947
12715
15778
15510
14393
13803
15893
17563
14481
15299
10467
3085
6514
8635
5778
-1874
-8280
-5037
-5295
-8626
-7781
-12942
-15020
-12402
-11848
-10665
-11594
-13124
-11953
-12296
-10099
-7157
-9810
-10551
-8197
-6554
-5978
-6100
-5766
-4969
-4748
-3441
-1980
-2224
-2949
-2001
-1341
-308
829
-57
-602
210
1739
3382
3665
4001
4961
5833
8138
10147
11401
11650
10955
12896
15519
15524
14520
13685
15038
16225
15269
15300
10886
4929
5762
7477
4210
-1956
-6048
-5484
-5744
-8531
-10589
-13131
-13537
-11813
-12545
-13444
-12309
-11512
-11415
-12377
-11113
-8015
-8571
-10398
-8753
-6792
-6256
-6017
-6095
-5873
-5084
-3675
-2472
-2670
-2777
-1430
-625
-317
731
1020
885
1663
2584
3554
4391
4995
5716
6356
8208
10391
11231
11683
11602
13217
14639
14484
14547
14381
14824
15396
14596
15329
11803
5430
5510
5618
3459
-441
-6138
-6544
-6946
-9692
-9913
-12961
-13660
-11899
-13552
-13493
-12134
-11186
-9944
-12067
-11973
-8704
-8547
-9054
-9289
-9030
-7090
-6055
-6361
-6663
-6256
-4495
-3178
-2727
-2419
-1642
-1147
-241
1311
1557
1656
2370
2983
3918
4838
5852
6715
6804
7782
9629
11227
12063
11382
12074
14237
15106
14422
13810
14851
15504
14257
14324
14118
9689
5639
4876
4136
1960
-2950
-6778
-7570
-8349
-8340
-10924
-14498
-14106
-12527
-11929
-12150
-13176
-12046
-11031
-11082
-9608
-9147
-9551
-9318
-9039
-7878
-6671
-6792
-7111
-6867
-5621
-3746
-2815
-2897
-2381
-1446
-459
854
1530
1811
2351
2907
3751
4638
5578
6546
6633
7079
8627
10483
11933
11814
11615
12942
14250
14826
14352
14263
14911
13946
13072
13599
12938
8891
4668
2958
2188
160
-4043
-6310
-6857
-9233
-11377
-12413
-12754
-12218
-12504
-12878
-13159
-12821
-10680
-10048
-10314
-9885
-9766
-9533
-8876
-8439
-8071
-7702
-7425
-7513
-7175
-5409
-3889
-3340
-3540
-2607
-1098
65
1432
2050
2123
2795
3996
5089
5332
5916
7042
7087
7427
9275
10766
11490
11574
11538
12651
13992
14576
14148
13522
14040
13625
12400
12356
13122
10228
4746
2020
1118
626
-2008
-6225
-8927
-10165
-10078
-9858
-12879
-13468
-11834
-12284
-12075
-11439
-10462
-9545
-10366
-10148
-8966
-8985
-8361
-9652
-10021
-7841
-7017
-8144
-8361
-6650
-4802
-4204
-3450
-2451
-1647
-523
1003
2353
2874
3363
4123
4795
4956
5547
6762
7458
7291
7382
8618
9803
10613
11613
11878
11708
12665
13735
14387
14577
14204
13182
12041
11159
11649
12392
8854
2968
-1006
-782
713
-1665
-7258
-11319
-12273
-10346
-9903
-11862
-12545
-12960
-12523
-11570
-11138
-10192
-9122
-9333
-9816
-10646
-10357
-8200
-7569
-8815
-9651
-8646
-7746
-7490
-6505
-4977
-4512
-4487
-3201
-1184
247
1193
2205
2746
3464
4711
6022
6192
6076
6671
7702
8390
8447
8783
9446
10598
11463
11537
11989
12696
12838
13590
14403
13764
12055
11598
11696
10519
9911
8656
4237
-537
-1036
168
-2297
-7109
-9444
-10300
-10561
-10379
-10683
-11215
-12535
-12825
-11079
-10086
-9848
-9314
-9435
-9849
-10011
-8740
-8254
-9560
-9379
-8172
-8616
-9460
-8251
-5206
-4030
-4967
-4309
-2756
-888
558
1996
2672
2761
3737
4998
5242
5728
6993
7627
6874
6736
8523
9859
10129
10380
11031
11356
11998
12906
13200
13596
14469
14141
11626
10220
10823
10608
10298
8265
3072
-2528
-2784
-592
-1993
-6414
-8907
-10924
-12954
-11806
-8921
-8673
-11803
-13347
-11570
-9351
-8827
-7986
-7743
-8868
-10271
-9354
-8708
-9432
-8382
-7038
-8777
-11092
-10103
-6360
-4046
-4146
-4127
-3976
-3231
-650
2698
4099
3669
3091
3994
5054
6510
8164
8340
7008
6443
7600
9091
10142
10958
10631
9779
10490
12276
13286
13058
13606
13709
11162
8225
9169
11069
10506
8316
6235
555
-4966
-2770
1605
-729
-7544
-11897
-11468
-10095
-8791
-7670
-10004
-12913
-13018
-10706
-9121
-7866
-7610
-8709
-10682
-10218
-8275
-8014
-7797
-7010
-7969
-10028
-9923
-7108
-4135
-3607
-3860
-4642
-4275
-1720
1536
3281
3030
2073
2926
4429
5876
7250
7565
6812
6248
7037
8345
9359
10039
10169
9822
10119
11548
12941
12752
12399
13375
13066
10451
8644
9220
10014
9644
8581
3867
-2866
-3631
-206
317
-4380
-8630
-10237
-10633
-10739
-9813
-9082
-9766
-11522
-12006
-11102
-9935
-7689
-6264
-8164
-10812
-10022
-7412
-7413
-8186
-7724
-7853
-9041
-8920
-6634
-4062
-3426
-3780
-4171
-3481
-1249
1374
3029
2473
1842
3166
4725
5521
6017
6672
7179
7358
7478
7696
8781
10301
10647
9881
9401
10703
12300
12713
12631
12862
11834
9731
8410
9092
10012
9317
8240
5243
-114
-3996
-2717
-416
-2042
-7173
-10789
-11410
-9985
-8807
-8668
-10284
-12270
-11793
-9868
-8942
-8533
-7391
-7133
-8517
-9511
-7894
-5985
-7076
-8022
-7716
-7028
-7292
-6512
-5717
-5763
-5316
-2724
-1405
-2214
-1608
943
3186
3115
2966
3848
4759
5063
5956
7037
7338
7033
7340
7889
8358
9622
10889
10456
9598
10450
12139
13411
13623
12441
10039
7689
8145
9963
9214
7479
6153
2438
-2389
-1870
1387
-445
-6729
-10683
-10417
-8274
-7053
-8349
-11032
-12448
-11279
-9944
-9256
-9161
-8552
-7907
-9410
-10022
-7398
-4650
-5015
-8749
-10450
-7189
-3452
-4307
-6790
-6723
-4242
-2778
-2748
-2455
-1238
469
1141
807
1350
3557
5398
5352
4081
4239
6427
8174
7583
6251
7286
9695
10456
9381
8577
10171
11735
11415
10747
11158
11291
10020
8753
8165
8360
8125
7814
5513
1913
-1467
-1384
88
-1499
-5281
-7496
-8385
-9136
-7965
-7775
-9696
-11919
-11194
-9400
-9420
-9289
-8591
-8231
-8862
-8954
-7055
-5764
-7252
-8207
-6618
-5560
-5939
-5616
-4778
-4909
-5248
-4116
-2584
-1686
-1173
-760
-35
915
1924
3159
3740
3943
4491
5288
6173
6955
7467
7838
8059
8417
9092
9923
10400
10532
10816
11229
11435
11597
11477
10122
8164
7817
8560
8644
7822
6481
3007
-1770
-1996
338
-553
-4179
-6694
-8181
-9022
-9023
-8750
-8891
-9466
-10305
-11847
-11824
-9439
-6667
-6969
-9094
-10072
-8215
-5189
-4460
-5708
-7453
-8298
-6485
-3917
-3347
-5086
-6278
-5623
-3416
-1879
-1012
-1092
-907
-373
539
2341
4041
4552
3954
3471
4506
6623
8041
7778
6694
6714
7970
9257
9817
9781
10078
10308
10297
10352
10619
10644
9823
7859
6988
7893
8082
7138
5050
2022
-510
160
771
-1731
-4549
-4952
-5738
-7659
-8988
-8349
-8101
-9394
-11199
-10959
-9972
-9541
-9085
-8704
-8895
-9155
-8001
-6572
-7074
-7070
-5127
-3936
-5390
-6473
-5297
-3352
-3100
-3384
-2972
-2464
-1994
-1283
-274
605
1168
1852
2419
2539
3468
5371
6133
5692
5647
6675
7711
8014
8027
8178
8678
9655
9894
9715
10030
10501
10273
9579
9147
8358
7326
7652
7635
6859
6666
4855
754
-1527
200
1817
-573
-4525
-6965
-7693
-7606
-6943
-6975
-8627
-11193
-12083
-11133
-9319
-8651
-8684
-9073
-9680
-9358
-7307
-4314
-4155
-5260
-6050
-7093
-6269
-3251
-1263
-3009
-5316
-5651
-3867
-1787
20
-22
-1174
-1331
-201
1647
3615
4692
4068
3081
3443
5207
6799
7304
7039
6396
6270
7627
8930
9226
9197
9536
9185
8561
9482
10045
9009
7305
6962
6988
6458
6692
6659
4493
1168
-410
-162
1006
433
-2924
-6780
-7255
-5878
-5752
-7298
-8900
-10099
-11252
-10637
-9465
-9443
-9299
-8740
-9321
-9347
-7409
-5532
-5247
-6374
-6407
-5213
-4044
-3323
-3205
-3357
-3039
-2823
-2890
-2048
-343
322
-552
-829
339
1599
2631
3389
3201
3030
3843
4909
5346
5798
6646
6685
6192
6614
7756
8543
8794
8635
8494
8553
8855
9109
8747
7873
7223
6671
6602
6426
6480
6452
5177
1915
418
989
1758
654
-1751
-4121
-5812
-5625
-5382
-6532
-8970
-9653
-9839
-10323
-10498
-9779
-9159
-9469
-9982
-9786
-8281
-6409
-5216
-5556
-7055
-7056
-4547
-2487
-2555
-3656
-3766
-3327
-2789
-1574
-142
383
145
-660
-370
1528
3670
3979
2709
1993
2712
4198
5241
5270
4867
4881
5071
5251
6047
7170
7646
7199
6706
6511
7332
8693
8481
6825
5527
5758
6473
6593
5969
5562
5513
4950
3012
1466
1844
2592
1758
-1117
-3062
-3555
-3571
-4364
-5843
-6825
-7568
-8632
-9530
-9371
-8937
-8371
-8334
-9219
-9832
-8287
-5786
-5555
-6716
-6936
-5328
-4428
-4363
-4137
-3411
-2533
-2151
-2157
-2264
-1116
197
786
400
1018
1972
2286
2330
2347
3028
3621
3826
3286
2948
3494
4586
4634
3860
3835
4304
4588
4562
4884
4945
5150
4814
4182
4096
4461
4877
4446
3381
2846
3491
4219
3662
3011
3001
2688
2305
1481
812
1373
1253
332
-598
-1496
-1443
-1154
-1531
-2602
-3494
-3431
-3382
-3547
-3901
-3841
-3980
-4260
-4542
-4741
-4459
-3920
-4036
-4469
-4182
-3570
-2888
-2944
-3325
-3200
-2326
-1295
-1132
-1632
-1753
-1054
-831
-746
-320
-134
377
111
-337
43
532
1122
942
411
543
970
1516
1705
1549
1491
1276
1188
1010
1012
1293
1394
1221
852
1140
1541
1418
1132
978
1005
1096
1265
1141
895
1127
1248
1098
1165
1409
1594
1554
1423
1400
1542
1840
1856
1575
1389
1392
1513
1410
1312
1185
880
712
541
464
320
93
-83
-235
-398
-537
-831
-1089
-1335
-1626
-1685
-1787
-2014
-2283
-2474
-2474
-2532
-2604
-2531
-2565
-2687
-2631
-2398
-2218
-2114
-1957
-1821
-1849
-1686
-1448
-1337
-1191
-1093
-907
-834
-752
-441
-163
-35
-1
-52
150
452
709
884
984
1136
1323
1597
1759
1768
1783
1861
2048
2033
2185
2464
2418
2295
2277
2246
2344
2361
2202
2037
2040
2041
1895
1773
1693
1584
1365
1156
925
538
343
124
-125
-337
-469
-694
-1061
-1271
-1304
-1375
-1530
-1646
-1838
-1960
-1826
-1735
-1844
-1901
-1760
-1720
-1752
-1660
-1470
-1316
-1231
-1143
-1138
-1060
-888
-815
-794
-754
-676
-597
-517
-537
-541
-476
-421
-420
-365
-307
-268
-183
-168
-245
-165
53
123
73
64
229
416
438
500
627
685
759
835
890
1031
1228
1233
1159
1185
1255
1295
1238
1145
998
934
859
762
628
529
521
412
233
142
145
118
-14
-160
-235
-222
-186
-240
-274
-291
-271
-148
-146
-150
-70
25
40
24
126
215
264
238
177
143
182
207
193
87
-34
-29
-82
-115
-158
-226
-264
-372
-466
-485
-464
-504
-616
-776
-784
-753
-781
-901
-985
-942
-879
-745
-665
-633
-563
-432
-330
-311
-242
-98
-38
-37
9
36
94
227
255
186
207
285
322
306
371
425
432
385
362
423
469
505
469
438
527
542
517
556
568
564
496
509
611
615
563
511
489
445
444
436
349
348
291
199
154
56
55
9
-117
-139
-156
-257
-343
-397
-492
-575
-618
-614
-676
-723
-758
-792
-786
-748
-720
-693
-681
-638
-578
-518
-475
-434
-346
-247
-202
-141
-72
-29
14
51
73
85
128
195
230
200
198
214
251
300
328
349
344
317
320
317
328
337
284
240
238
242
233
219
206
200
191
184
170
174
165
139
120
104
91
73
54
43
10
2
15
15
14
-19
-73
-114
-139
-162
-192
-191
-179
-177
-186
-189
-178
-155
-161
-183
-208
-172
-135
-121
-94
-93
-100
-71
-45
-22
-13
-11
-12
4
55
70
85
70
45
28
26
79
83
48
25
43
80
82
50
22
44
31
30
19
36
90
54
63
29
3
23
29
2
-30
-31
6
16
-7
3
26
34
23
44
69
58
67
62
73
68
61
86
98
51
172
-144
174
426
-391
232
218
-169
179
10
-46
42
-39
-96
-38
-26
-90
-41
-82
-88
-106
-109
-69
-166
-95
-92
-253
-146
-106
-195
-129
-188
-161
-126
-134
-137
-135
-136
-203
-166
-146
-134
-87
-71
-49
-126
-97
-4
-24
-30
-37
-103
-84
-55
-29
13
-13
19
-5
-65
68
79
-26
59
174
91
87
174
155
129
163
183
117
126
172
116
89
118
158
185
118
167
214
113
150
126
136
173
91
101
88
29
69
60
21
41
49
58
39
-1
-32
-35
-86
-107
-104
-72
-104
-120
-81
-158
-140
-131
-130
-150
-159
-152
-209
-184
-137
-84
-132
-48
-9
-121
14
9
4
114
72
58
60
44
98
159
76
131
145
126
172
111
91
120
77
51
75
62
76
25
-32
19
30
21
-39
-4
35
-3
20
7
0
-18
27
40
20
-16
-7
6
-76
-10
-12
-21
-1
-7
-29
-57
-67
-20
33
-3
-78
-36
-78
-100
-81
-156
-75
-123
-126
-125
-176
-142
-156
-122
-75
-93
-65
-17
-72
-91
-129
-107
-40
-79
-86
-8
-15
-46
-27
-49
-49
-75
-106
-65
-71
-34
-12
-42
-48
-21
8
45
73
43
15
30
46
22
5
8
59
43
62
99
74
73
60
51
51
21
13
16
20
64
80
97
139
105
104
101
85
87
110
146
89
30
62
37
21
22
23
25
27
16
-17
-34
-63
-98
-51
-36
-58
-21
13
-11
-18
-22
22
42
27
34
22
25
42
44
53
106
53
84
93
44
90
88
93
126
142
103
60
40
98
95
72
88
62
65
62
46
18
3
-32
-52
-54
-40
-44
-66
-77
-38
-36
-62
-55
-48
-73
-96
-151
-160
-86
-106
-121
-101
-82
-46
-24
-22
-20
31
23
0
-23
-91
-39
-70
-126
-67
-105
-142
-128
-140
-201
-172
-167
-213
-161
-142
-135
-122
-135
-82
-55
-73
-37
19
25
3
-4
-13
-13
-30
-21
-10
-6
22
50
36
51
104
89
61
46
58
67
60
58
101
98
68
56
76
90
74
74
27
32
45
22
38
52
59
86
99
113
108
103
113
105
48
69
104
73
95
110
89
99
51
61
95
67
64
50
39
14
51
80
59
59
61
36
50
56
35
12
26
31
-6
-15
-45
-57
-25
-22
-21
-24
-7
14
10
2
-3
-21
-25
-44
9
10
-21
7
-14
11
-11
-4
12
-47
-82
-69
-40
-58
-49
-68
-70
-76
-77
-16
-36
-70
-81
-77
-82
-87
-51
-79
-90
-63
-102
-51
-33
-71
-64
-79
-50
-72
-42
-25
-60
-29
-12
-26
-29
-23
-26
-30
-15
-34
-18
21
-30
-19
-22
-42
-36
-49
-50
-83
-79
-27
-39
-61
-29
-56
-78
-50
-39
-64
-62
-37
-4
-44
-37
27
-5
-21
-37
-25
-31
-49
-39
-22
-17
-40
-24
-21
-1
-16
-24
-1
15
-27
-53
-94
-112
47
-8
-81
4
28
-1
-16
-56
-27
-23
-10
-9
-26
19
23
7
25
19
25
27
29
63
42
24
31
42
33
32
60
43
58
53
42
50
38
62
75
49
48
47
66
58
54
72
73
87
77
83
93
95
87
54
60
86
84
70
79
81
61
69
38
63
124
73
85
100
112
110
112
136
167
162
136
134
148
140
130
105
108
69
12
80
108
101
109
65
79
69
46
69
59
40
39
46
48
61
42
27
16
47
-20
-123
-132
-119
72
-10
23
85
-40
25
30
19
41
-94
-85
-97
17
-282
-543
-10
145
295
207
-31
-33
-23
60
4
59
-70
-644
-807
-445
-311
-442
-183
-369
-783
-1234
-1375
-142
1240
1270
589
393
542
853
661
570
626
315
284
159
299
94
-385
-727
-759
-319
-1408
-1080
-401
-627
-252
-707
-476
-153
-327
-249
-437
-122
885
863
195
170
199
-562
-2461
-2140
-3476
-3967
-1566
-796
470
1168
1755
2302
2386
1778
1346
1251
-994
-1659
-1011
47
1462
2103
1766
1069
-211
-1785
-1844
-1207
-1635
-3526
-3017
-1823
-205
1086
1705
2366
2774
2303
2986
2965
2693
2636
1676
1901
1683
1687
1642
1508
1757
850
229
-457
-534
-1378
-1716
-927
-1852
-1509
-1065
-1153
-1178
-814
-411
-108
160
-43
287
117
900
915
24
847
1315
1268
218
568
765
366
-114
-761
-1137
-1336
-1101
-798
-596
-646
-1074
-348
-501
-773
-182
-691
-699
-688
88
205
239
448
48
387
376
709
530
984
166
-672
-158
-13
-183
-317
-450
-772
-392
-116
-169
-556
-16
-60
-685
-611
-245
115
-152
-41
-200
-464
-242
39
15
-430
-343
-311
-359
-46
252
-665
-1029
-551
208
145
-323
-430
-449
325
186
-335
202
79
16
-13
264
308
-399
-132
215
449
595
-142
-412
96
77
-446
-169
388
519
444
206
564
954
519
172
492
827
850
474
553
997
1069
553
139
954
1575
897
176
83
511
576
-40
-271
174
521
-332
-608
68
139
-677
-1385
-861
-500
-1157
-1554
-1252
-1061
-1339
-1741
-1967
-1729
-1348
-1414
-1676
-1624
-1323
-1233
-1260
-1103
-936
-758
-547
-345
-103
230
578
885
1133
1214
1268
1521
2144
3351
4761
5428
5404
4986
4329
4322
5079
5846
5804
5111
4931
4768
3778
3131
3411
3365
2437
502
-2224
-3397
-3401
-4921
-7855
-9309
-8283
-7440
-7671
-8425
-8546
-7683
-6926
-6484
-5280
-3546
-2885
-3254
-3208
-2353
-1880
-2288
-2491
-2386
-2611
-2923
-2931
-2334
-1554
-1192
-1087
-298
1145
2389
3504
5072
6906
7891
8820
10545
10623
9777
10386
11877
12623
11769
11319
12583
14117
12309
3807
-2417
-2392
-3385
-7142
-9498
-7070
-6267
-8999
-9444
-7894
-5684
-3058
-1254
-1478
-1700
-1415
-2500
-4967
-7109
-8951
-8954
-7780
-8518
-9585
-8608
-7590
-7939
-6441
-3261
-2213
-2320
-1622
-967
-491
264
747
683
1023
1652
2247
3668
5567
7133
8072
9790
13082
13569
11101
10541
11777
11153
10041
12489
15777
17733
14769
4943
-1294
-1134
-3714
-9128
-9784
-6431
-8127
-11502
-9416
-6493
-5008
-2100
148
1008
829
224
13
-3686
-7844
-7184
-6617
-10362
-13490
-11844
-10031
-10041
-8476
-5324
-3387
-3044
-3061
-2332
-413
670
654
706
887
1210
1235
1122
2198
3961
4594
4441
5581
7519
9320
11469
10922
8636
8947
10105
8366
7049
9639
12878
16826
18596
9056
-3362
-2897
-706
-6868
-9116
-5347
-5245
-8811
-8774
-6964
-5271
-1643
671
686
-116
-713
-2235
-5418
-8979
-11199
-10739
-10040
-10266
-10880
-10895
-9081
-6827
-4957
-2619
-1194
-2055
-3008
-2466
-1418
-465
-3
-523
-988
-804
-329
688
2203
3573
4231
4651
5764
7033
8123
10185
12796
11922
8923
9142
10777
10227
9795
13342
17183
19414
13375
-197
-4816
-1264
-2763
-8605
-8793
-5682
-7524
-9266
-7139
-5994
-4243
741
1968
-834
-1758
-683
-2304
-7254
-10434
-10515
-11679
-13776
-12247
-9103
-8806
-8806
-6806
-5124
-3938
-2218
-1956
-2881
-2333
-1358
-1731
-2156
-1204
292
1240
1612
2303
3863
5103
5363
5708
6368
6865
7406
8299
10633
13143
12241
10356
11103
11846
10197
10758
13923
16187
16925
8733
-4808
-6946
-2541
-6020
-10068
-8032
-6139
-7668
-6571
-3759
-2638
-1166
378
776
-812
-3211
-3564
-5645
-9937
-11111
-11141
-12768
-13534
-12192
-9616
-7358
-6305
-4984
-2967
-2171
-2303
-2627
-2860
-2631
-2052
-1331
-588
249
1086
1713
2136
2791
4479
6028
5688
4915
4652
4306
4498
5770
8359
12613
14934
12645
10411
10992
10834
9587
10825
12651
13624
15559
9931
-2823
-7085
-5806
-7486
-9490
-8113
-5582
-5570
-5689
-6112
-5575
-3638
-1220
-435
-2472
-5060
-4927
-5955
-9834
-11461
-10386
-10408
-11240
-11257
-9906
-7348
-5584
-5072
-4203
-3310
-3639
-4310
-3942
-2849
-1369
102
1296
2269
2729
3084
3775
4568
5500
6134
5260
3729
2946
2746
3588
5759
8323
10605
12789
13963
12157
10226
11111
11434
10129
10275
11820
12978
13930
9314
-1420
-5935
-3751
-7058
-12120
-10164
-6698
-7185
-8129
-8745
-7719
-4997
-2990
-1852
-1793
-2914
-2635
-4159
-8403
-10292
-9407
-10117
-11773
-11263
-10217
-9115
-7359
-6564
-5576
-3803
-2792
-2628
-2511
-1812
-181
1241
1405
2153
3810
4682
4716
4533
4899
5296
4679
3552
2925
2812
3192
4287
5515
6972
8795
10792
12631
12857
11707
11638
12522
11794
9879
9717
10556
13179
14897
6415
-5259
-8417
-9134
-13668
-14240
-8977
-5804
-7698
-10048
-8785
-5247
-2866
-1271
1131
834
-2330
-4249
-6637
-10586
-11148
-8999
-9238
-10545
-10475
-9604
-8566
-7726
-6039
-3190
-1736
-2057
-2082
-2027
-1922
-527
1438
2635
3837
4896
5108
4835
4691
4685
3889
2255
1299
1495
1736
1907
2857
4316
5391
6672
8595
10458
13110
15923
14955
11294
9203
8930
7294
5870
7342
9282
11679
7718
-2605
-7532
-7678
-10108
-12666
-10893
-9176
-9044
-8164
-8209
-7718
-5652
-3221
-163
1282
-1634
-3608
-3513
-6009
-7820
-7485
-8359
-9261
-9430
-10875
-11047
-8471
-6096
-4856
-3584
-2353
-1025
-136
353
2339
4196
3872
3303
3553
3451
2973
2483
1882
1729
1825
1905
2414
2869
3242
3833
4141
4611
5701
6517
7147
8524
10790
12263
11168
9168
9178
10102
9293
8044
8798
9059
9209
9063
2693
-3177
-4864
-9097
-14084
-12324
-8417
-8702
-9915
-9032
-7424
-6042
-3971
-774
1498
619
-1265
-1779
-3598
-6216
-6468
-7300
-10089
-10388
-9125
-8703
-8534
-9062
-8565
-4642
-907
-721
-572
1480
2388
1697
1372
2237
3577
3629
2259
1257
1188
1033
1007
1503
1806
2037
2194
1985
2032
2609
3104
3698
4540
5199
6451
8178
9502
11942
13651
12222
9620
8222
7632
6292
6099
7523
9484
11527
8346
-701
-6395
-7268
-9453
-11385
-9875
-8419
-8967
-8529
-8699
-8902
-5627
-1438
1153
925
-662
-1147
-2094
-4395
-5942
-5921
-6481
-7742
-8379
-8890
-8590
-7867
-8291
-8018
-5081
-2453
-1822
-1258
335
1922
2193
2131
2855
3344
2456
829
-285
-239
711
963
155
-202
-58
-115
255
1760
3811
5053
5086
4910
5300
6254
7380
8851
10986
13059
12834
9730
7346
7813
8060
6769
7053
9909
12104
12634
9207
1686
-3576
-5185
-7954
-11851
-12002
-9253
-9771
-12436
-11227
-7597
-4980
-2364
-166
272
6
-89
-866
-2790
-4019
-3655
-4509
-7279
-9040
-9064
-8621
-8461
-8009
-6941
-7412
-7970
-5266
-1076
522
806
2242
2501
1075
252
153
59
425
689
-355
-1441
-1179
-256
482
1054
2058
3358
4057
4138
4288
4457
4695
5423
5973
6275
7292
8579
9990
11569
11207
9570
9393
9893
8976
8433
10397
12088
12288
12144
8169
596
-4459
-7190
-9439
-10491
-9704
-9384
-11467
-12867
-11596
-9215
-6611
-4055
-2287
-1163
-767
-1002
-1266
-1826
-1982
-2167
-3532
-5516
-6900
-7672
-8410
-8781
-8535
-8465
-7943
-7482
-7876
-6219
-2338
-236
-1149
-1333
427
887
263
860
1964
1935
988
3
-250
288
1214
2337
2971
3041
3289
3505
3605
4276
5514
6049
5796
5935
6614
7393
8206
9150
10709
11689
10610
9115
8987
9845
10234
10309
10806
11191
11470
11314
7959
1630
-2446
-4788
-8467
-11401
-12373
-12411
-13207
-13811
-13585
-12492
-9283
-5777
-4177
-2622
-573
130
-195
-216
94
542
-194
-2749
-5321
-6224
-6906
-9004
-10728
-11045
-10779
-11195
-11526
-9731
-6522
-4574
-3963
-2060
786
2249
2674
2893
3103
3593
3677
3209
3088
3571
3377
2510
2035
2194
2627
2826
2675
2697
3407
4079
4299
4998
6362
7473
8141
8554
9906
11549
11248
10129
10412
11398
11299
10698
11067
11610
11030
10317
9475
5590
-348
-4554
-7123
-8909
-10364
-10602
-11529
-14050
-15039
-13478
-11356
-9463
-7540
-5409
-3112
-1683
-1048
-121
754
970
565
-770
-2261
-3602
-5060
-6748
-8724
-9918
-10488
-11158
-11290
-10554
-9246
-8224
-7012
-5176
-2794
-281
1519
2458
3271
4156
4544
4482
4620
4854
4465
3653
3165
3089
3150
3022
2831
2820
3074
3386
3665
4148
4814
5457
5719
5757
6342
7357
8307
9387
10388
10212
9339
9172
9228
9446
9618
9631
9798
10402
10385
7242
1717
-1630
-2521
-4026
-6378
-8466
-9711
-10744
-12105
-12980
-12193
-10688
-9213
-8527
-7775
-6347
-4976
-4025
-2989
-2331
-1959
-1722
-2045
-3101
-3754
-4000
-4864
-6237
-7354
-8145
-8585
-8571
-8003
-7204
-6228
-5087
-4041
-3048
-1856
-716
349
1302
2212
2882
3185
3341
3615
3967
4235
4490
4856
5177
5192
4982
4940
5249
5412
5410
5451
5574
5638
5592
5464
5540
5698
5776
5954
6139
5854
5289
5260
5546
5682
5758
5979
6256
6195
6101
6287
5646
3439
1246
93
-625
-1172
-2195
-3104
-3740
-4618
-5692
-6578
-6806
-6564
-6610
-6929
-7437
-7831
-8156
-8353
-8520
-8460
-8062
-7798
-7699
-7524
-7156
-6700
-6192
-5536
-4833
-4042
-3122
-2113
-1224
-505
-10
168
94
1
94
332
513
417
181
103
215
454
794
1260
1747
2249
2718
3234
3848
4506
4993
5379
5728
6018
6160
6091
5770
5337
4852
4352
3891
3541
3455
3239
2902
2716
2480
2198
1829
1537
1457
1411
1317
1097
914
963
1106
1163
1190
1349
1453
1577
1818
2020
2120
2083
1920
1676
1497
1274
837
256
-467
-1131
-1888
-2699
-3405
-3982
-4372
-4662
-4965
-5322
-5568
-5734
-5755
-5707
-5614
-5364
-5083
-4947
-4921
-4939
-4974
-5114
-5271
-5327
-5304
-5269
-5201
-5115
-4830
-4334
-3809
-3285
-2646
-1849
-1084
-401
256
865
1457
1962
2469
2909
3339
3676
3910
4084
4297
4534
4769
5020
5272
5498
5707
5887
6028
6075
6026
5847
5593
5351
5066
4773
4472
4175
3831
3436
3124
2836
2562
2362
2188
1916
1772
1675
1549
1370
1259
1183
861
443
29
-375
-596
-758
-986
-1099
-1193
-1396
-1683
-1975
-2198
-2386
-2588
-2936
-3337
-3615
-3954
-4403
-4885
-5297
-5584
-5758
-5883
-6011
-6080
-6138
-6131
-6035
-5847
-5595
-5357
-5055
-4701
-4275
-3830
-3374
-2974
-2559
-2123
-1694
-1279
-878
-506
-84
360
821
1295
1753
2229
2716
3251
3748
4195
4538
4810
5040
5184
5210
5101
4950
4797
4613
4427
4233
4043
3871
3710
3487
3246
3100
2990
2869
2705
2539
2321
2046
1824
1619
1372
1159
1007
776
550
393
197
5
-108
-167
-266
-343
-305
-282
-252
-308
-395
-475
-534
-573
-574
-590
-668
-697
-861
-1000
-1149
-1296
-1343
-1457
-1638
-1818
-2001
-2247
-2542
-2788
-3067
-3348
-3555
-3792
-4020
-4129
-4136
-4177
-4143
-4058
-4004
-3881
-3656
-3452
-3182
-2873
-2633
-2324
-2011
-1717
-1439
-1148
-824
-571
-319
-31
217
465
685
929
1218
1562
1952
2281
2514
2715
2906
3107
3202
3276
3390
3447
3462
3467
3457
3479
3495
3495
3440
3355
3343
3250
3083
2920
2805
2665
2486
2236
1993
1790
1556
1242
884
589
337
124
-113
-329
-493
-634
-779
-945
-1071
-1176
-1269
-1379
-1423
-1425
-1462
-1468
-1463
-1470
-1511
-1544
-1505
-1455
-1323
-1134
-1023
-943
-872
-794
-760
-766
-774
-754
-758
-807
-921
-1055
-1168
-1310
-1417
-1492
-1619
-1722
-1824
-1869
-1887
-1876
-1794
-1726
-1669
-1583
-1442
-1269
-1106
-946
-802
-671
-532
-413
-294
-144
36
206
354
495
594
706
781
871
984
1088
1194
1289
1430
1589
1672
1806
1914
1952
2013
2064
2085
2106
2096
2076
2055
2024
1949
1807
1719
1655
1596
1413
1171
1003
807
620
381
276
169
33
-108
-253
-340
-451
-546
-623
-636
-691
-769
-829
-884
-942
-975
-1028
-1112
-1151
-1221
-1300
-1329
-1404
-1403
-1336
-1357
-1291
-1253
-1152
-1060
-1060
-962
-841
-728
-664
-577
-491
-399
-314
-246
-244
-220
-167
-199
-152
-133
-152
-151
-173
-175
-198
-222
-272
-236
-218
-270
-287
-241
-237
-271
-233
-180
-174
-170
-100
-64
21
82
121
259
337
452
590
647
785
883
927
1082
1111
1172
1195
1260
1289
1276
1268
1253
1307
1232
1211
1209
1207
1094
1076
1030
917
919
832
777
712
609
537
485
370
248
153
27
-77
-237
-334
-429
-583
-668
-852
-1021
-1124
-1210
-1320
-1406
-1456
-1497
-1555
-1649
-1642
-1687
-1687
-1612
-1601
-1603
-1595
-1726
-1728
-1470
-1168
-1119
-961
-691
-688
-546
-385
-326
-261
-124
24
131
274
407
469
580
639
373
554
749
994
1196
1094
1168
1220
1190
1161
1175
1053
903
868
824
754
664
597
417
311
180
-609
-255
-138
-70
58
-153
-254
-412
-283
-498
-404
-525
-643
-555
-429
-298
-180
-55
-121
6
-44
41
95
51
315
288
313
399
341
408
401
433
547
600
649
780
774
779
856
886
807
787
858
760
690
615
661
617
557
435
67
-208
23
-314
-657
-172
-1641
-509
-310
-2571
-615
-545
-2155
-950
-831
-1802
-920
-926
-710
-333
-711
-637
-838
-864
-500
-843
-1018
-590
-932
-733
-257
-553
-571
123
-258
-676
100
-101
-6
210
50
89
405
1598
624
195
1411
1001
585
657
385
583
1205
1368
1542
1902
1858
1532
1487
1227
652
478
273
-139
-434
-560
-675
-593
-202
34
-115
19
345
476
926
1387
1907
2565
2679
2789
2360
357
-1053
-944
-936
-1113
-1838
-2928
-3269
-3047
-2582
-1781
-1048
-586
-397
-180
102
372
1197
1720
1271
240
-306
-375
-342
-502
-1065
-1271
-1347
-1407
-1226
-1027
-532
133
243
273
592
530
731
974
751
465
-133
-245
-237
-370
-446
-800
-717
-445
-642
-723
-598
-431
-343
-356
-456
-353
-355
-264
-38
-4
-9
149
151
82
102
-33
145
201
-22
-106
-75
-361
-462
-518
-584
-335
-203
-243
-82
222
270
620
883
1010
1334
1082
753
697
502
675
656
-60
-381
-321
-15
147
161
389
613
656
971
1475
1833
2045
2461
2963
3282
3480
3502
3901
4258
4430
4526
5036
4870
1684
-1951
-1958
-402
-518
-2355
-4160
-4979
-5102
-4881
-4140
-3335
-2621
-2132
-2390
-2719
-1628
562
1246
799
10
-707
-1014
-942
-1023
-1602
-2373
-3136
-3923
-4099
-3352
-2538
-2068
-2183
-2019
-1380
-163
1727
2743
2544
2239
1830
2257
2925
3035
2891
2320
1475
1299
1142
1091
993
804
666
294
294
777
1106
1552
2309
2606
2886
3132
3932
4952
5270
5463
5930
6719
5860
1532
-3195
-3212
-765
-779
-3666
-7414
-8626
-8217
-7389
-6375
-5498
-4417
-3730
-3881
-3502
-1761
1360
3364
3127
1846
880
1332
2370
1985
187
-1897
-3384
-3685
-3488
-2959
-2480
-2407
-2656
-3054
-2715
-881
1697
2886
2479
1913
2440
3513
4430
4722
4401
3765
3025
2060
1540
1435
984
208
-1610
-3234
-3167
-3673
-3230
-2467
-2645
-2379
-2803
-1903
-804
323
1777
2231
2773
3335
3632
4730
5665
6625
7186
6789
6356
6716
7711
5747
90
-5273
-6104
-4139
-4157
-7005
-10774
-12367
-10845
-8062
-6304
-5266
-3358
-778
754
1701
3616
6277
8165
7622
5248
3489
3353
3919
2714
-539
-3196
-4509
-4847
-4906
-5280
-5612
-5460
-5077
-4705
-3900
-2520
-559
1037
1600
1791
2379
3354
4203
4544
3990
2824
1975
1523
1059
149
-826
-1442
-1667
-1878
-2338
-2716
-2186
-980
283
145
-653
-789
740
2287
2684
2307
1731
1787
1817
1171
230
104
863
1207
203
-635
55
1521
2242
1941
1734
2563
4332
5770
6112
5891
6002
7895
9082
5051
-912
-3697
-1561
166
-2242
-5880
-8666
-9173
-7479
-6324
-6820
-7330
-6281
-4810
-4322
-3247
-655
1934
2837
2430
2315
3001
4254
5232
4160
1290
-873
-1419
-1373
-1811
-3046
-4640
-5946
-6441
-6389
-5763
-4478
-3115
-2430
-2391
-1513
417
2759
4411
4834
4973
5389
6284
6853
6266
5297
4576
3699
2431
938
-223
-921
-1758
-2460
-2883
-3225
-3644
-3620
-3360
-2848
-2410
-1865
-1004
231
1378
2342
3288
3894
4613
5292
5716
6165
6551
6604
6619
6300
6205
6243
7075
4830
-3084
-9014
-6643
-1945
-2158
-6907
-12220
-13786
-10545
-6014
-4653
-5874
-6505
-4375
-1809
166
2644
5707
6726
4988
3324
3780
5296
5998
4361
525
-2684
-3516
-2764
-2726
-4292
-6515
-7985
-8032
-6907
-5311
-3698
-2512
-1931
-1315
136
2511
4725
5667
5451
4991
5263
5970
6174
5400
4208
2998
1928
1097
374
-363
-1191
-1865
-2448
-3118
-3705
-3826
-3370
-2823
-2427
-2168
-1639
-826
192
1179
1873
2607
3315
3600
3342
3143
3338
3272
2563
1221
196
-166
-103
-850
-1916
-2980
-3863
-4679
-4867
-3930
-2431
-1652
-1536
-1414
-262
1793
3780
5028
5862
6780
7570
8330
8946
9442
10047
10824
10820
11002
5045
-8677
-9343
1699
1396
-8442
-17417
-18754
-13362
-6815
-5956
-9955
-11875
-8745
-4190
-1706
811
4942
7665
5891
3558
5227
9558
12111
9985
3572
-1428
-1526
1168
1825
-1326
-6209
-9611
-9667
-8058
-7111
-6555
-5556
-5563
-5855
-4693
-1350
2219
4388
4621
3800
4241
7039
9680
9884
7923
5976
5594
5402
4479
2935
792
-1467
-2866
-3196
-3562
-4864
-6203
-6836
-6216
-5116
-4020
-3104
-2211
-1309
-253
1210
2798
4293
5113
5039
4435
4450
5160
5054
3759
2415
1171
-12
-1023
-1952
-3262
-4704
-5672
-5948
-5862
-5628
-5062
-4330
-3812
-3090
-2028
-827
630
1936
2909
3327
3687
4117
4502
4890
4682
3670
2238
1178
874
627
-235
-1561
-2599
-3280
-3321
-3598
-4347
-4969
-3821
-1691
-1172
-1799
-2153
-688
1725
3305
3239
3036
3891
5376
6772
7546
7361
7537
8350
8716
8835
9666
11178
6025
-6811
-8021
2115
4340
-3846
-12723
-15220
-12151
-6927
-5730
-9813
-12754
-10771
-6291
-3937
-1999
1066
4147
3663
2349
4927
9162
11168
9709
5168
2103
2783
4680
4369
387
-4117
-7056
-7338
-6311
-6533
-7657
-8526
-8929
-8565
-6690
-3753
-1219
-123
290
1380
3964
7166
9013
8437
7143
7083
8023
8277
6896
4519
2130
595
-41
-778
-2634
-5141
-6874
-7230
-6801
-6352
-6178
-6129
-5760
-4667
-2751
-476
1387
2490
2966
3674
5122
6617
6862
6117
5304
4638
3951
3184
2147
708
-1000
-2423
-3221
-3688
-4165
-4772
-5244
-5216
-4642
-4662
-5151
-4236
-1532
-97
-681
-977
561
2887
4641
4598
3669
3512
4753
6109
6152
5419
5290
5841
5720
5553
5676
6811
7824
8368
8263
-2437
-11926
-5614
5068
3514
-7539
-15778
-14897
-7656
-1998
-4212
-10418
-12517
-8574
-3484
-905
85
1990
2784
1220
1989
6156
9768
9278
5373
606
-316
2455
4690
2855
-2397
-6576
-7301
-5463
-4238
-5391
-7256
-7916
-7578
-6121
-4011
-1623
-298
60
419
2204
5436
8220
8729
7108
6074
6857
8435
8476
6447
3817
2037
1543
1353
138
-2300
-4865
-6039
-5775
-5263
-5170
-5500
-5849
-5811
-4703
-2522
-547
441
558
444
1506
3693
5427
5097
3687
3045
3341
3514
2988
1840
157
-1227
-1913
-2252
-2544
-2786
-3225
-4228
-5407
-5733
-4298
-2480
-2116
-3209
-3512
-1914
594
2177
2428
2593
3318
4158
4960
5904
6872
7393
7068
6493
6473
7353
8346
8872
8678
8818
9523
5603
-6521
-8942
1107
4460
-2795
-13673
-17588
-13612
-6291
-4245
-8993
-14382
-13532
-7500
-3046
-1194
-356
1033
733
1009
4292
8778
10463
8905
4933
1410
2252
5875
7038
3153
-3140
-6770
-5757
-4032
-4143
-6232
-8538
-9292
-8699
-7195
-5100
-3365
-2456
-2380
-1780
697
4648
7652
7841
6204
5652
7670
10430
10650
8353
5015
2767
3094
3998
3378
-292
-4187
-6076
-5782
-4612
-4300
-5153
-6868
-8066
-7231
-4388
-1449
-614
-1169
-2018
-1282
1729
5041
6040
4384
2721
2681
4305
5533
4989
3088
919
-157
231
876
761
-258
-1304
-1860
-1454
-31
1417
1786
1693
1977
3054
4439
5758
6751
5449
2382
701
2506
3953
2209
-1216
-3916
-4872
-4296
-3938
-5522
-7789
-8775
-8429
-7622
-6641
-5763
-5081
-4861
-4370
-2792
-404
1453
2362
2245
2079
3482
5579
6236
4284
2647
2789
3451
2171
-700
-2014
-1640
-1499
-3745
-5838
-5777
-4548
-4190
-4743
-5230
-4363
-2554
-1194
-1075
-996
537
2738
4034
4056
4647
5911
6740
7106
7822
8650
9649
10137
9515
9298
10007
11311
11297
4353
-3798
-5020
1734
3510
-3815
-11559
-14061
-11441
-7649
-7424
-11328
-13964
-12552
-8430
-6323
-4781
-2610
-479
-276
0
2756
6787
9087
8077
5311
3639
5356
8076
8004
5343
2065
-101
135
842
382
-2564
-7103
-9814
-8315
-6161
-6656
-7983
-8768
-9103
-8047
-4926
-1754
-1057
-1900
-1292
562
4112
6630
7147
5978
4926
5362
7322
8497
7428
4803
2273
1683
2202
2782
1842
-174
-1620
-1843
-972
339
1148
1227
958
1910
2002
968
378
1718
3530
2640
87
-2000
-1626
-492
209
-1776
-4542
-5716
-4726
-3804
-3883
-4630
-5079
-4987
-4636
-4027
-2877
-1266
-709
-1352
-2118
-1068
1151
2863
2686
1295
543
1276
2528
3019
2174
1197
429
-545
-1141
-1078
-545
-1020
-2321
-3340
-3342
-2315
-1286
-1057
-1773
-2416
-1463
161
1145
1256
1579
2350
2968
3621
4829
5862
5956
5374
5040
5489
6411
6963
5879
4068
3665
4437
4835
4115
808
-3674
-4256
-1519
-1211
-4131
-7533
-8044
-6563
-4623
-4347
-5520
-5803
-4747
-3432
-2470
-1174
148
1032
710
308
1131
2955
3702
2630
849
116
596
1162
1099
224
-870
-1339
-1058
-482
-58
-68
78
520
1371
2148
3035
4169
5129
5839
6224
7165
5893
604
-1820
951
2856
-1491
-5817
-6684
-6614
-6183
-6425
-7204
-8536
-7813
-6921
-6691
-4993
-2041
-150
-1681
-2528
-351
3073
4728
3542
1946
1912
3734
4763
3912
2616
1774
1688
1082
709
865
1153
798
-411
-817
78
1329
1660
1650
1758
2957
2523
473
-416
2115
3753
2428
-186
-1204
-885
182
562
-1150
-3613
-4225
-2692
-2226
-2864
-3266
-3188
-3395
-3314
-2798
-1668
-932
-284
-423
-873
-47
1413
2101
1685
1359
874
905
1350
1455
839
287
529
676
550
468
671
1082
1574
1850
2094
2773
3657
4238
4775
6044
7515
8094
8197
7243
3070
-652
908
3396
826
-4350
-7323
-7100
-6248
-6142
-7339
-9035
-8846
-8068
-7190
-5990
-3742
-2048
-3025
-3494
-2282
585
2974
2482
593
30
1511
2733
2387
1062
289
-167
-593
-824
-1125
-509
-394
-1869
-3254
-3182
-1259
-319
-1824
-3242
-2907
-1353
-340
-211
-316
302
888
1042
829
1418
2454
2059
1195
1085
1788
2493
2528
2223
1826
1351
1586
1717
1655
2049
2254
2388
2500
3014
3837
4427
4997
5389
5946
7291
8872
9943
10539
9870
10370
11225
11984
10060
1605
-2340
563
3066
-2982
-8675
-10973
-11562
-11404
-10985
-11697
-13300
-10757
-10701
-10887
-9373
-4747
-2191
-4011
-4400
-3201
-593
1726
1367
-943
-1073
82
111
-830
-1563
-1311
-1504
-2540
-3031
-3754
-2507
-1686
-2468
-2775
-3194
-2340
-1848
-1384
-984
-683
-343
330
761
1446
2510
2468
3083
2799
2607
2728
3014
3508
2991
2448
2003
1284
1297
1812
891
212
-474
-655
-407
-298
-82
-98
49
414
181
838
2480
2636
2414
2452
3305
4706
5156
5402
5520
6042
7257
7984
9447
10110
9099
8547
9793
11109
12176
10477
3866
1230
2305
2377
-1839
-4281
-5755
-7207
-9108
-9998
-9914
-9555
-9267
-11238
-11256
-9887
-6196
-5907
-6977
-6516
-6031
-4564
-3594
-3691
-3508
-3146
-2833
-3083
-3465
-2301
-1933
-2039
-2439
-2779
-2637
-1917
-1862
-1795
-2295
-2199
-2161
-2826
-2274
-2534
-2103
-1881
-1618
-1399
-921
-317
638
1445
2079
2600
2643
3837
4361
4744
5022
5243
5425
5147
5011
4913
4776
4423
3516
2577
2586
2777
2807
2602
2349
2881
3520
4232
4873
5678
6709
7556
7912
8046
8395
8670
9771
9583
10426
9280
5475
4195
4636
4170
725
-1725
-3501
-4399
-5810
-6482
-8187
-8931
-8567
-9927
-10956
-10346
-8851
-8344
-8768
-8823
-8190
-7561
-6011
-5865
-6136
-5472
-4666
-4611
-4677
-4146
-3325
-3348
-3715
-3729
-3891
-3142
-2820
-3126
-3474
-3534
-3326
-3193
-3221
-2703
-2527
-2265
-1909
-1336
-353
516
1415
1982
2444
3143
4117
4919
5355
5619
5872
5851
6018
6426
6299
5988
5620
5145
4774
4624
4903
4634
4281
4223
4265
4757
5545
5792
6127
6132
5852
5771
5997
6697
6545
6572
6612
7248
7122
5310
3903
4201
3964
1856
-9
-503
-1006
-2532
-3463
-4743
-5859
-6511
-7285
-8075
-8476
-8032
-7966
-8857
-9038
-8635
-8351
-7729
-7826
-7672
-7327
-6741
-6427
-6219
-5610
-5104
-5471
-5570
-5080
-4722
-4215
-4070
-4074
-4076
-3622
-3055
-2896
-2878
-2314
-1844
-1306
-703
-146
385
950
1569
2114
2766
3431
3962
4347
4765
5301
5757
6061
6379
6390
6785
6939
6877
6783
6570
6549
6401
6134
6032
6073
6279
5972
5120
4923
4756
4794
4792
4395
4188
3950
4130
4117
4214
3403
2368
1895
1617
1534
1203
283
-573
-1291
-1637
-1813
-3033
-3217
-4269
-4671
-5032
-5029
-4887
-5736
-6041
-6876
-6904
-6194
-6373
-6602
-7043
-6836
-6377
-6385
-5718
-5903
-6014
-5772
-5756
-5161
-4734
-4659
-4082
-4022
-3646
-3239
-2948
-2406
-2313
-1648
-1269
-957
-672
-364
380
1142
1642
1578
1707
2228
2617
3117
3663
4209
4102
3839
4467
5291
5904
6486
6942
5789
4957
4713
4616
5126
5519
5378
5016
5677
4879
4024
4372
3496
2949
2444
3156
3052
3069
2354
2120
2372
1488
2817
1382
445
847
869
957
-204
-785
-1084
-2199
-2565
-2670
-3327
-2429
-3361
-4025
-3958
-4714
-3766
-4924
-4529
-4549
-5145
-4435
-4548
-4162
-4275
-3971
-3514
-4747
-4027
-3310
-3252
-2598
-3389
-2553
-2420
-2843
-2225
-2435
-2283
-1731
-2148
-1753
-1589
-1613
-846
-249
-38
289
267
422
1137
1999
1852
2519
2455
2477
3425
2782
3772
3596
2801
3755
3134
2845
3648
2995
4092
2871
3669
4307
2206
3227
2195
2007
2357
2506
1705
2353
2150
1831
1993
601
723
627
199
1395
1631
281
1527
771
-543
127
-126
-411
-512
-394
-377
-946
-1126
-831
-2252
-2417
-1870
-2642
-2885
-2071
-2253
-3026
-2463
-2046
-1869
-2809
-1487
-1864
-2473
-1388
-1531
-1733
-1535
-1447
-1636
-1950
-1788
-109
-1319
-1311
-1370
-2056
-771
-1030
-722
-808
-1179
77
-1104
-698
283
992
584
413
1467
1472
1384
1863
1764
683
1237
690
1467
1066
1281
1724
743
1454
935
1007
351
1590
832
240
1087
1202
944
1599
1119
1900
539
1036
941
166
900
825
654
542
600
701
-19
499
956
-605
-52
-222
-569
-522
-555
-515
-1126
-586
-587
-605
-1701
-276
-1484
-1093
-1091
-647
-1007
-1152
-257
-1572
-1347
-790
-1151
-1792
-89
-932
-102
134
-522
70
-1083
-752
-267
-54
-72
300
-678
779
-301
-516
-197
-692
184
-1021
461
169
200
812
363
1272
321
1116
819
1191
982
1635
-77
481
1395
-1110
1440
-345
918
820
-431
846
-1370
652
442
390
458
50
66
205
276
1187
-38
126
382
-453
809
954
441
653
-1094
487
213
183
1129
632
61
-671
-1232
44
116
-271
-1449
-1756
-1009
-674
-527
-272
-402
-787
-1265
-74
140
814
394
31
-245
-1211
605
-1105
39
-135
-1022
-907
-1273
806
146
488
-824
-134
-836
461
284
247
619
-646
322
-785
1234
962
-37
1057
-152
656
-137
267
149
270
1299
-383
867
552
69
678
-626
-413
-322
332
132
1110
-388
-415
826
-94
334
-439
359
-723
-268
80
-52
305
618
201
385
414
-309
665
-740
1300
-385
-442
-129
-1130
-119
-711
-120
-604
-284
-265
191
-795
-34
290
-1334
11
-624
-935
-66
31
772
178
239
-583
-646
144
456
319
-545
-850
-620
-55
156
807
596
-1411
-229
-756
321
1084
406
126
-404
1065
499
-207
1137
-925
215
558
-137
292
268
401
237
225
-322
455
833
117
141
-79
333
105
457
460
-136
-46
189
715
-46
-458
870
-591
257
247
325
-468
-92
214
-502
96
602
101
-77
686
8
95
82
472
-243
199
-157
-617
-369
-193
455
-707
152
-375
-418
313
93
299
-631
564
-522
127
-34
47
213
-620
122
-77
-385
39
-296
-375
-24
-317
43
-208
55
171
-607
57
595
-509
24
-390
603
-724
559
-461
-246
-120
-512
68
-228
228
4
462
313
329
-130
323
214
331
294
391
-112
69
-640
739
-676
88
-24
157
330
33
302
-471
-161
-98
-513
794
-479
-429
356
-746
406
-530
115
22
281
277
-24
-353
196
-169
34
-269
306
-207
151
-139
-215
-225
50
90
-676
-137
370
-51
-44
-39
-109
131
48
221
200
357
73
-224
-190
602
83
-217
317
-442
94
63
43
420
-304
625
283
87
333
-137
176
-63
377
295
308
374
187
343
-246
363
-104
36
179
-15
157
-43
155
126
-489
-261
349
-162
262
-100
-359
291
-164
174
-542
275
90
79
383
-747
380
-149
96
-140
-215
514
-68
4
-713
26
-69
-171
-408
-260
167
510
131
-793
106
286
-139
-113
-272
74
400
437
-309
-116
269
115
-641
-189
213
-178
174
-134
-276
-93
-48
-82
-791
82
-6
-337
-224
-12
-64
57
147
58
80
-179
263
-235
-95
220
272
-18
284
33
-218
-101
-402
-37
-394
46
113
25
312
177
527
-195
258
410
-430
587
-61
244
-85
116
213
-37
35
-44
-289
323
-49
478
-535
33
-711
-234
-439
204
122
-302
781
-582
487
373
2
505
-634
481
-606
7
139
134
247
-215
592
-382
191
-60
-535
260
-185
548
-352
614
101
-512
564
-77
262
186
-310
319
-87
345
949
295
165
-74
-430
405
317
-132
821
-712
222
-34
-218
1060
-496
291
320
-513
806
-781
320
350
-199
245
-404
80
302
-342
264
-388
325
-154
-343
-167
-555
21
-31
136
88
105
477
135
-101
384
-144
117
-199
-705
220
-332
-358
124
-122
125
-69
-211
-455
-494
124
-218
-33
-144
-432
137
-117
112
186
-219
-360
565
-125
185
-478
341
111
277
472
-371
462
-437
-385
675
-401
719
-698
814
299
173
487
-935
708
-622
-125
196
-946
918
433
816
-288
-119
-469
-103
642
366
228
-254
-181
-445
-185
-111
-128
830
-672
36
-199
-18
639
-167
191
-172
265
294
-676
462
-768
203
-22
-46
1035
-789
582
-177
-58
31
-304
725
-657
247
-721
-432
1
-229
-569
-809
-553
-173
-542
859
176
286
-712
269
336
687
-615
290
-30
350
422
-856
486
29
120
820
-835
772
-415
544
-398
279
334
417
-451
-1144
522
72
145
-222
-212
75
-743
894
-446
214
249
-657
1051
-448
860
454
-85
11
-291
357
-365
-8
-399
-422
601
-92
-278
-100
352
814
72
-375
-154
-249
3
-175
-524
263
57
357
-129
330
480
113
183
156
-319
-651
-773
-203
-167
252
-521
-369
891
-252
437
-453
5
112
-1273
678
396
418
146
14
456
-583
739
-501
-386
-506
-509
-30
-520
-88
25
-638
-5
-755
387
312
-10
-552
-885
15
243
175
-476
683
167
225
559
-761
734
-691
-887
372
-1154
853
-765
-41
-138
342
16
-121
-289
-530
455
101
838
8
335
1042
-326
1418
-1208
153
362
-618
560
-585
760
-668
156
97
-1120
583
-531
364
-228
222
151
391
-559
158
-68
-111
14
-68
546
-59
-193
48
-341
1167
716
813
-949
-555
450
-244
1122
440
95
421
-329
-184
505
216
362
-338
-771
-377
167
257
296
221
19
-55
533
-392
414
-420
260
205
-267
397
-289
616
548
-395
341
-972
-282
-540
-93
17
-662
337
-552
-188
575
-51
862
-153
-79
646
-444
795
-707
204
-334
-521
-17
-804
498
117
-400
867
-906
87
-209
-43
487
-235
203
24
-444
115
-267
335
592
24
39
149
-13
150
132
372
154
454
-85
-261
13
-152
862
290
-308
534
-616
781
-375
-280
-95
-511
340
-79
259
329
-525
270
-566
45
-68
-127
440
-971
752
-7
-5
936
-622
255
-565
-381
110
-665
790
-76
717
-417
-161
103
-262
159
-229
57
-147
-308
263
184
645
307
25
-441
-462
-130
-234
450
-78
-93
277
19
296
-302
263
101
-559
26
-521
-95
49
238
202
-541
223
-199
205
-91
-107
-120
-177
278
341
159
130
-449
-243
-662
-32
26
-412
280
-405
-59
140
31
626
37
824
-287
-384
206
-392
844
146
679
24
148
325
81
441
-127
14
-101
-100
-77
-112
-213
-378
-421
-391
-110
163
-472
499
-86
453
393
220
309
-41
89
-67
-683
445
-245
143
104
168
7
228
588
390
287
254
42
-148
-27
-331
178
-419
-16
-66
107
-38
-123
-412
624
-162
118
123
-46
68
-638
408
-56
-367
-155
-99
-154
-74
-75
171
-63
387
257
-24
90
214
79
209
99
37
-131
-101
221
67
413
-103
55
-41
-165
57
-194
134
-112
-369
-508
48
-85
-246
-54
189
-69
-150
218
-61
699
355
-264
30
115
215
542
-80
435
-372
-107
-162
-500
425
63
391
-196
-236
394
12
196
42
197
3
-11
-184
-36
256
-397
294
-238
339
-220
-441
325
-337
283
137
287
445
-326
398
-150
93
602
-555
271
-340
272
61
-521
463
-154
106
229
-113
4
46
-231
-202
-78
24
-326
-164
-57
66
-522
65
-122
-483
86
-594
125
-132
266
228
209
365
228
-416
-450
-236
-145
-376
386
-71
368
-189
-58
-330
19
41
-296
112
-118
-391
-607
50
307
379
-246
-366
-25
-378
68
20
447
272
103
162
-104
42
-302
-289
-36
145
-118
276
159
-82
-2
-652
630
528
17
128
-286
261
283
-60
397
-46
81
-247
225
-28
-62
194
-607
406
57
-14
-80
-362
170
146
8
147
-10
46
782
-196
42
423
215
159
-493
-180
-122
-178
161
-159
415
333
-289
-366
73
220
623
174
773
183
-49
305
-591
-136
195
267
70
-522
-306
-643
-233
-468
83
-631
-381
-59
-443
-6
-330
-157
-190
79
437
-415
290
-192
84
-43
102
-17
-775
70
-214
-58
-303
256
548
122
-172
-458
-285
-649
-109
296
45
19
-443
26
32
483
360
-257
269
-333
-307
253
198
1
428
574
326
58
118
569
-191
66
328
10
260
318
81
-613
28
160
27
216
-69
205
-593
221
-117
-185
1069
-410
-110
-645
-78
-13
-857
437
-60
-53
380
-82
-30
-65
416
619
-349
81
-161
-339
-406
-480
-29
150
187
325
83
358
-272
-378
-376
-418
467
-899
305
270
-467
737
-55
255
218
455
828
-452
298
-189
57
138
262
211
-607
110
-382
454
66
-450
24
-565
1114
-485
-538
366
-281
-50
-534
329
-174
-457
468
-121
-129
298
432
318
497
244
414
187
148
237
-524
427
194
-430
-2
175
-132
-172
-8
-69
330
-263
-308
378
54
318
274
-48
300
-686
121
-74
312
121
-233
321
-84
592
402
96
-283
-93
-19
-571
10
-176
-250
143
-55
453
-30
-135
-434
-428
-49
113
359
-239
-78
-709
-537
-569
-295
211
-378
-14
21
-300
-103
77
-145
-450
-337
-68
-485
297
194
10
-65
171
-13
475
35
80
-325
149
255
187
-176
108
-68
341
486
165
10
-415
-209
-197
322
151
83
-203
-279
-234
115
291
312
269
208
-57
-101
-210
55
111
15
503
70
236
-267
45
-192
-115
347
114
-100
-86
-346
123
105
421
405
309
221
-526
-310
-224
129
209
330
-179
-14
-251
-143
77
-58
381
151
-116
63
-247
5
-4
195
320
193
405
-128
-88
-150
86
21
-49
-171
-232
-250
-324
-196
-25
135
-88
166
-292
-120
68
-106
34
98
251
-193
95
-378
-223
-613
124
35
268
95
-193
-352
82
-47
150
26
177
-15
-75
-35
-285
-75
-473
411
-128
339
-22
-416
51
262
266
373
-59
210
-607
-170
-36
402
-224
-111
405
-495
354
-52
224
224
158
159
-310
131
-273
3
-69
-24
196
-267
368
-56
-84
174
44
76
-218
-68
-50
67
329
-60
75
-295
108
-83
9
170
-334
-78
-348
34
269
-48
224
-281
2
-87
-96
-187
285
336
-262
162
-6
33
338
-58
260
-61
49
-97
23
-74
137
346
-18
-4
-154
-117
101
8
-298
285
-451
21
-228
-407
329
-67
273
-208
-5
102
150
592
-13
254
-87
208
57
14
28
-123
89
97
99
195
-238
176
-231
227
-113
367
107
-69
194
-358
-59
-44
130
-35
210
161
-64
35
-363
-261
-47
-249
158
-889
-22
-431
-72
88
-363
31
-389
242
-391
121
-322
-258
415
-58
169
82
202
-88
-142
18
-256
178
38
78
137
-291
100
-272
234
49
152
-3
-222
222
-361
47
-23
210
163
-163
272
-313
291
-251
14
72
-37
464
-613
75
-194
75
237
-57
430
-374
174
-65
17
188
-178
248
18
190
-181
209
111
92
399
-423
372
-74
55
288
-223
-96
-223
170
125
125
171
52
-136
-349
-128
-212
-11
152
119
9
-212
-77
-307
204
99
-236
50
-525
-89
83
69
-190
-51
59
-197
28
86
4
31
-244
-127
-6
11
59
56
137
141
173
-89
273
61
450
288
-91
181
-11
284
120
93
-139
66
-105
-185
124
-195
363
-29
304
-145
-594
-152
-118
306
248
-12
63
-138
-189
-180
59
-176
-218
-180
64
124
-67
-211
-354
-161
-78
-299
180
-142
-23
-425
-222
-44
-671
-268
-363
123
57
-467
-55
-835
-91
64
-57
-173
-418
-3
-155
175
-92
187
195
556
284
13
326
314
661
309
219
636
481
446
504
355
475
451
422
172
271
121
256
99
373
225
34
317
-89
49
-45
-267
-45
-323
-66
-289
-399
-381
-651
-457
-777
-463
-749
-608
-502
-534
-515
-341
-472
-488
-333
-22
-143
-224
-319
-283
-207
-243
42
-394
-76
165
280
156
194
-71
84
324
166
480
481
319
718
374
521
514
347
636
482
510
381
225
402
233
486
411
408
175
69
362
-18
103
-205
-440
-136
-113
-74
32
32
-674
-429
-531
10
-6
-241
149
-368
-244
-728
-545
-3
-551
-180
-359
-271
-261
-278
8
-370
-26
-284
-146
54
-27
147
-164
173
12
122
-69
-102
355
32
223
358
33
-38
473
626
151
647
333
32
283
237
324
160
252
56
156
154
123
411
115
133
163
447
50
-315
50
-31
-166
-93
258
-85
-196
-335
-711
-64
-18
-226
-50
-360
-429
-291
-446
-417
-348
-225
-316
-231
-321
-281
-310
-125
-47
114
-51
-356
-411
-376
291
71
-346
253
287
439
-5
-360
108
-187
229
203
258
322
1
135
203
82
70
303
300
312
175
174
198
236
116
-19
475
159
117
373
163
236
-106
-150
-71
43
146
-106
99
3
-173
72
7
-2
-72
-93
-27
-42
-7
-43
-5
273
257
55
-80
89
253
69
192
74
80
140
149
168
239
190
331
194
200
261
203
106
91
254
128
192
140
15
100
110
117
-163
9
124
-40
-30
35
-97
-181
-198
-232
-75
52
-131
-248
-371
-282
-250
-320
-140
-340
-173
-140
-273
-135
-186
-257
-220
-160
-275
-222
-270
-290
-306
-215
-247
-421
-22
-107
-172
-143
-35
10
-211
35
-5
-93
-25
-13
36
8
98
85
-9
53
67
51
35
94
43
13
103
27
23
65
64
38
53
30
-36
1
85
54
78
80
46
-13
52
2
64
19
52
39
23
-14
-69
16
-1
25
-2
22
2
10
-12
-15
-32
29
-11
2
29
39
22
27
10
15
17
4
19
7
11
12
15
9
7
11
9
1
7
2
0
1
0
0
0
0
0
0
0
0
0
0
0
0
0
0
0
0
0
0
0
0
0
0
0
0
0
0
0
0
0
0
0
0
0
0
0
0
0
0
0
0
0
0
0
0
0
0
0
0
0
0
0
0
0
0
0
0
0
0
0
0
0
0
0
0
0
0
0
0
0
0
0
0
0
0
0
0
0
0
0
0
0
0
0
0
0
0
0
0
0
0
0
0
0
0
0
0
0
0
0
0
0
0
0
0
0
0
0
0
0
0
0
0
0
0
0
0
0
0
0
0
0
0
0
0
0
0
0
0
0
0
0
0
0
0
0
0
0
0
0
0
0
0
0
0
0
0
0
0
0
0
0
0
0
0
0
0
0
0
0
0
0
0
0
0
0
0
0
0
0
0
0
0
0
0
0
0
0
0
0
0
0
0
0
0
0
0
0
0
0
0
0
0
0
0
0
0
0
0
0
0
0
0
0
0
0
0
0
0
0
0
0
0
0
0
0
0
0
0
0
0
0
0
0
0
0
0
0
0
0
0
0
0
0
0
0
0
0
0
0
0
0
0
0
0
0
0
0
0
0
0
0
0
0
0
0
0
0
0
0
0
0
0
0
0
0
0
0
0
0
0
0
0
0
0
0
0
0
0
0
0
0
0
0
0
0
0
0
0
0
0
0
0
0
0
0
0
0
0
0
0
0
0
0
0
0
0
0
0
0
0
0
0
0
0
0
0
0
0
0
0
0
0
0
0
0
0
0
0
0
0
0
0
0
0
0
0
0
0
0
0
0
0
0
0
0
0
0
0
0
0
0
0
0
0
0
0
0
0
0
0
0
0
0
0
0
0
0
0
0
0
0
0
0
0
0
0
0
0
0
0
0
0
0
0
0
0
0
0
0
0
0
0
0
0
0
0
0
0
0
0
0
0
0
0
0
0
0
0
0
0
0
0
0
0
0
0
0
0
0
0
0
0
0
0
0
0
0
0
0
0
0
0
0
0
0
0
0
0
0
0
0
0
0
0
0
0
0
0
0
0
0
0
0
0
0
0
0
0
0
0
0
0
0
0
0
0
0
0
0
0
0
0
0
0
0
0
0
0
0
0
0
0
0
0
0
0
0
0
0
0
0
0
0
0
0
0
0
0
0
0
0
0
0
0
0
0
0
0
0
0
0
0
0
0
0
0
0
0
0
0
0
0
0
0
0
0
0
0
0
0
0
0
0
0
0
0
0
0
0
0
0
0
0
0
0
0
0
0
0
0
0
0
0
0
0
0
0
0
0
0
0
0
0
0
0
0
0
0
0
0
0
0
0
0
0
0
0
0
0
0
0
0
0
0
0
0
0
0
0
0
0
0
0
0
0
0
0
0
0
0
0
0
0
0
0
0
0
0
0
0
0
0
0
0
0
0
0
0
0
0
0
0
0
0
0
0
0
0
0
0
0
0
0
0
0
0
0
0
0
0
0
0
0
0
0
0
0
0
0
0
0
0
0
0
0
0
0
0
0
0
0
0
0
0
0
0
0
0
0
0
0
0
0
0
0
0
0
0
0
0
0
0
0
0
0
0
0
0
0
0
0
0
0
0
0
0
0
0
0
0
0
0
0
0
0
0
0
0
0
0
0
0
0
0
0
0
0
0
0
0
0
0
0
0
0
0
0
0
0
0
0
0
0
0
0
0
0
0
0
0
0
0
0
0
0
0
0
0
0
0
0
0
0
0
0
0
0
0
0
0
0
0
0
0
0
0
0
0
0
0
0
0
0
0
0
0
0
0
0
0
0
0
0
0
0
0
0
0
0
0
0
0
0
0
0
0
0
0
0
0
0
0
0
0
0
0
0
0
0
0
0
0
0
0
0
0
0
0
0
0
0
0
0
0
0
0
0
0
0
0
0
0
0
0
0
0
0
0
0
0
0
0
0
0
0
0
0
0
0
0
0
0
0
0
0
0
0
0
0
0
0
0
0
0
0
0
0
0
0
0
0
0
0
0
0
0
0
0
0
0
0
0
0
0
0
0
0
0
0
0
0
0
0
0
0
0
0
0
0
0
0
0
0
0
0
0
0
0
0
0
0
0
0
0
0
0
0
0
0
0
0
0
0
0
0
0
0
0
0
0
0
0
0
0
0
0
0
0
0
0
0
0
0
0
0
0
0
0
0
0
0
0
0
0
0
0
0
0
0
0
0
0
0
0
0
0
0
0
0
0
0
0
0
0
0
0
0
0
0
0
0
0
0
0
0
0
0
0
0
0
0
0
0
0
0
0
0
0
0
0
0
0
0
0
0
0
0
0
0
0
0
0
0
0
0
0
0
0
0
0
0
0
0
0
0
0
0
0
0
0
0
0
0
0
0
0
0
0
0
0
0
0
0
0
0
0
0
0
0
0
0
0
0
0
0
0
0
0
0
0
0
0
0
0
0
0
0
0
0
0
0
0
0
0
0
0
0
0
0
0
0
0
0
0
0
0
0
0
0
0
0
0
0
0
0
0
0
0
0
0
0
0
0
0
0
0
0
0
0
0
0
0
0
0
0
0
0
0
0
0
0
0
0
0
0
0
0
0
0
0
0
0
0
0
0
0
0
0
0
0
0
0
0
0
0
0
0
0
0
0
0
0
0
0
0
0
0
0
0
0
0
0
0
0
0
0
0
0
0
0
0
0
0
0
0
0
0
0
0
0
0
0
0
0
0
0
0
0
0
0
0
0
0
0
0
0
0
0
0
0
0
0
0
0
0
0
0
0
0
0
0
0
0
0
0
0
0
0
0
0
0
0
0
0
0
0
0
0
0
0
0
0
0
0
0
0
0
0
0
0
0
0
0
0
0
0
0
0
0
0
0
0
0
0
0
0
0
0
0
0
0
0
0
0
0
0
0
0
0
0
0
0
0
0
0
0
0
0
0
0
0
0
0
0
0
0
0
0
0
0
0
0
0
0
0
0
0
0
0
0
0
0
0
0
0
0
0
0
0
0
0
0
0
0
0
0
0
0
0
0
0
0
0
0
0
0
0
0
0
0
0
0
0
0
0
0
0
0
0
0
0
0
0
0
0
0
0
0
0
0
0
0
0
0
0
0
0
0
0
0
0
0
0
0
0
0
0
0
0
0
0
0
0
0
0
0
0
0
0
0
0
0
0
0
0
0
0
0
0
0
0
0
0
0
0
0
0
0
0
0
0
0
0
0
0
0
0
0
0
0
0
0
0
0
0
0
0
0
0
0
0
0
0
0
0
0
0
0
0
0
0
0
0
0
0
0
0
0
0
0
0
0
0
0
0
0
0
0
0
0
0
0
0
0
0
0
0
0
0
0
0
0
0
0
0
0
0
0
0
0
0
0
0
0
0
0
0
0
0
0
0
0
0
0
0
0
0
0
0
0
0
0
0
0
0
0
0
0
0
0
0
0
0
0
0
0
0
0
0
0
0
0
0
0
0
0
0
0
0
0
0
0
0
0
0
0
0
0
0
0
0
0
0
0
0
0
0
0
0
0
0
0
0
0
0
0
0
0
0
0
0
0
0
0
0
0
0
0
0
0
0
0
0
0
0
0
0
0
0
0
0
0
0
0
0
0
0
0
0
0
0
0
0
0
0
0
0
0
0
0
0
0
0
0
0
0
0
0
0
0
0
0
0
0
0
0
0
0
0
0
0
0
0
0
0
0
0
0
0
0
0
0
0
0
0
0
0
0
0
0
0
0
0
0
0
0
0
0
0
0
0
0
0
0
0
0
0
0
0
0
0
0
0
0
0
0
0
0
0
0
0
0
0
0
0
0
0
0
0
0
0
0
0
0
0
0
0
0
0
0
0
0
0
0
0
0
0
0
0
0
0
0
0
0
0
0
0
0
0
0
0
0
0
0
0
0
0
0
0
0
0
0
0
0
0
0
0
0
0
0
0
0
0
0
0
0
0
0
0
0
0
0
0
0
0
0
0
0
0
0
0
0
0
0
0
0
0
0
0
0
0
0
0
0
0
0
0
0
0
0
0
0
0
0
0
0
0
0
0
0
0
0
0
0
0
0
0
0
0
0
0
0
0
0
0
0
0
0
0
0
0
0
0
0
0
0
0
0
0
0
0
0
0
0
0
0
0
0
0
0
0
0
0
0
0
0
0
0
0
0
0
0
0
0
0
0
0
0
0
0
0
0
0
0
0
0
0
0
0
0
0
0
0
0
0
0
0
0
0
0
0
0
0
0
0
0
0
0
0
0
0
0
0
0
0
0
0
0
0
0
0
0
0
0
0
0
0
0
0
0
0
0
0
0
0
0
0
0
0
0
0
0
0
0
0
0
0
0
0
0
0
0
0
0
0
0
0
0
0
0
0
0
0
0
0
0
0
0
0
0
0
0
0
0
0
0
0
0
0
0
0
0
0
0
0
0
0
0
0
0
0
0
0
0
0
0
0
0
0
0
0
0
0
0
0
0
0
0
0
0
0
0
0
0
0
0
0
0
0
0
0
0
0
0
0
0
0
0
0
0
0
0
0
0
0
0
0
0
0
0
0
0
0
0
0
0
0
0
0
0
0
0
0
0
0
0
0
0
0
0
0
0
0
0
0
0
0
0
0
0
0
0
0
0
0
0
0
0
0
0
0
0
0
0
0
0
0
0
0
0
0
0
0
0
0
0
0
0
0
0
0
0
0
0
0
0
0
0
0
0
0
0
0
0
0
0
0
0
0
0
0
0
0
0
0
0
0
0
0
0
0
0
0
0
0
0
0
0
0
0
0
0
0
0
0
0
0
0
0
0
0
0
0
0
0
0
0
0
0
0
0
0
0
0
0
0
0
0
0
0
0
0
0
0
0
0
0
0
0
0
0
0
0
0
0
0
0
0
0
0
0
0
0
0
0
0
0
0
0
0
0
0
0
0
0
0
0
0
0
0
0
0
0
0
0
0
0
0
0
0
0
0
0
0
0
0
0
0
0
0
0
0
0
0
0
0
0
0
0
0
0
0
0
0
0
0
0
0
0
0
0
0
0
0
0
0
0
0
0
0
0
0
0
0
0
0
0
0
0
0
0
0
0
0
0
0
0
0
0
0
0
0
0
0
0
0
0
0
0
0
0
0
0
0
0
0
0
0
0
0
0
0
0
0
0
0
0
0
0
0
0
0
0
0
0
0
0
0
0
0
0
0
0
0
0
0
0
0
0
0
0
0
0
0
0
0
0
0
0
0
0
0
0
0
0
0
0
0
0
0
0
0
0
0
0
0
0
0
0
0
0
0
0
0
0
0
0
0
0
0
0
0
0
0
0
0
0
0
0
0
0
0
0
0
0
0
0
0
0
0
0
0
0
0
0
0
0
0
0
0
0
0
0
0
0
0
0
0
0
0
0
0
0
0
0
0
0
0
0
0
0
0
0
0
0
0
0
0
0
0
0
0
0
0
0
0
0
0
0
0
0
0
0
0
0
0
0
0
0
0
0
0
0
0
0
0
0
0
0
0
0
0
0
0
0
0
0
0
0
0
0
0
0
0
0
0
0
0
0
0
0
0
0
0
0
0
0
0
0
0
0
0
0
0
0
0
0
0
0
0
0
0
0
0
0
0
0
0
0
0
0
0
0
0
0
0
0
0
0
0
0
0
0
0
0
0
0
0
0
0
0
0
0
0
0
0
0
0
0
0
0
0
0
0
0
0
0
0
0
0
0
0
0
0
0
0
0
0
0
0
0
0
0
0
0
0
0
0
0
0
0
0
0
0
0
0
0
0
0
0
0
0
0
0
0
0
0
0
0
0
0
0
0
0
0
0
0
0
0
0
0
0
0
0
0
0
0
0
0
0
0
0
0
0
0
0
0
0
0
0
0
0
0
0
0
0
0
0
0
0
0
0
0
0
0
0
0
0
0
0
0
0
0
0
0
0
0
0
0
0
0
0
0
0
0
0
0
0
0
0
0
0
0
0
0
0
0
0
0
0
0
0
0
0
0
0
0
0
0
0
0
0
0
0
0
0
0
0
0
0
0
0
0
0
0
0
0
0
0
0
0
0
0
0
0
0
0
0
0
0
0
0
0
0
0
0
0
0
0
0
0
0
0
0
0
0
0
0
0
0
0
0
0
0
0
0
0
0
0
0
0
0
0
0
0
0
0
0
0
0
0
0
0
0
0
0
0
0
0
0
0
0
0
0
0
0
0
0
0
0
0
0
0
0
0
0
0
0
0
0
0
0
0
0
0
0
0
0
0
0
0
0
0
0
0
0
0
0
0
0
0
0
0
0
0
0
0
0
0
0
0
0
0
0
0
0
0
0
0
0
0
0
0
0
0
0
0
0
0
0
0
0
0
0
0
0
0
0
0
0
0
0
0
0
0
0
0
0
0
0
0
0
0
0
0
0
0
0
0
0
0
0
0
0
0
0
0
0
0
0
0
0
0
0
0
0
0
0
0
0
0
0
0
0
0
0
0
0
0
0
0
0
0
0
0
0
0
0
0
0
0
0
0
0
0
0
0
0
0
0
0
0
0
0
0
0
0
0
0
0
0
0
0
0
0
0
0
0
0
0
0
0
0
0
0
0
0
0
0
0
0
0
0
0
0
0
0
0
0
0
0
0
0
0
0
0
0
0
0
0
0
0
0
0
0
0
0
0
0
0
0
0
0
0
0
0
0
0
0
0
0
0
0
0
0
0
0
0
0
0
0
0
0
0
0
0
0
0
0
0
0
0
0
0
0
0
0
0
0
0
0
0
0
0
0
0
0
0
0
0
0
0
0
0
0
0
0
0
0
0
0
0
0
0
0
0
0
0
0
0
0
0
0
0
0
0
0
0
0
0
0
0
0
0
0
0
0
0
0
0
0
0
0
0
0
0
0
0
0
0
0
0
0
0
0
0
0
0
0
0
0
0
0
0
0
0
0
0
0
0
0
0
0
0
0
0
0
0
0
0
0
0
0
0
0
0
0
0
0
0
0
0
0
0
0
0
0
0
0
0
0
0
0
0
0
0
0
0
0
0
0
0
0
0
0
0
0
0
0
0
0
0
0
0
0
0
0
0
0
0
0
0
0
0
0
0
0
0
0
0
0
0
0
0
0
0
0
0
0
0
0
0
0
0
0
0
0
0
0
0
0
0
0
0
0
0
0
0
0
0
0
0
0
0
0
0
0
0
0
0
0
0
0
0
0
0
0
0
0
0
0
0
0
0
0
0
0
0
0
0
0
0
0
0
0
0
0
0
0
0
0
0
0
0
0
0
0
0
0
0
0
0
0
0
0
0
0
0
0
0
0
0
0
0
0
0
0
0
0
0
0
0
0
0
0
0
0
0
0
0
0
0
0
0
0
0
0
0
0
0
0
0
0
0
0
0
0
0
0
0
0
0
0
0
0
